{"img_id": "sceneid-160-userid-74", "img_w": 1100, "img_h": 770, "object_divisions": [0, 3, 6, 10], "scene_strokes": [[656.0, 393.703125, 0.0], [-9.0, 26.0, 0.0], [-1.0, 79.0, 0.0], [53.0, -6.0, 0.0], [40.0, 0.0, 0.0], [-2.0, -70.0, 0.0], [-8.0, -32.0, 0.0], [-37.0, -7.0, 0.0], [-39.0, 3.0, 0.0], [-8.0, 4.0, 0.0], [1.0, 14.0, 1.0], [33.0, -3.0, 0.0], [2.0, 38.0, 0.0], [16.0, 34.0, 0.0], [5.0, 4.0, 1.0], [2.0, -71.0, 0.0], [9.0, 12.0, 0.0], [5.0, 17.0, 0.0], [3.0, 24.0, 0.0], [-2.0, 11.0, 0.0], [-2.0, -1.0, 1.0], [-414.0, -21.296875, 0.0], [-1.0, 1.0, 1.0], [3.0, -3.0, 0.0], [-4.0, -3.0, 0.0], [-6.0, 7.0, 0.0], [-13.0, 23.0, 0.0], [-3.0, 12.0, 1.0], [22.0, -44.0, 0.0], [16.0, 0.0, 0.0], [12.0, 7.0, 0.0], [11.0, 24.0, 0.0], [1.0, 13.0, 0.0], [13.0, -1.0, 0.0], [37.0, -12.0, 0.0], [-14.0, 14.0, 0.0], [-32.0, 14.0, 0.0], [-22.0, -3.0, 0.0], [-62.0, 3.0, 0.0], [-11.0, -4.0, 0.0], [-13.0, -12.0, 0.0], [-7.0, -17.0, 0.0], [20.0, 5.0, 0.0], [26.0, 15.0, 0.0], [10.0, 2.0, 0.0], [-1.0, 3.0, 1.0], [-145.0, -84.296875, 0.0], [111.0, 3.0, 0.0], [166.0, -10.0, 0.0], [117.0, -19.0, 0.0], [286.0, -30.0, 0.0], [-1.0, -9.0, 0.0], [-92.0, 5.0, 0.0], [-52.0, 8.0, 0.0], [-357.0, 35.0, 0.0], [-51.0, 3.0, 0.0], [-136.0, 0.0, 0.0], [-6.0, 12.0, 0.0], [0.0, 9.0, 0.0], [3.0, 3.0, 1.0], [372.0, -29.0, 0.0], [-3.0, 0.0, 0.0], [-29.0, 53.0, 0.0], [-14.0, 38.0, 0.0], [-12.0, 16.0, 0.0], [64.0, 1.0, 0.0], [63.0, -6.0, 0.0], [-26.0, -32.0, 0.0], [-39.0, -38.0, 0.0], [-16.0, -36.0, 1.0], [-340.0, -30.0, 0.0], [6.0, 13.0, 0.0], [3.0, 40.0, 0.0], [-5.0, -11.0, 0.0], [-9.0, -44.0, 0.0], [6.0, -3.0, 0.0], [4.0, 2.0, 0.0], [7.0, 17.0, 0.0], [0.0, 31.0, 1.0], [644.0, -53.0, 0.0], [-7.0, -39.0, 0.0], [-11.0, -13.0, 0.0], [-8.0, 14.0, 0.0], [1.0, 24.0, 0.0], [5.0, 15.0, 1.0]], "gt_class_names": ["backpack", "hat", "see saw"]}