{"img_id": "sceneid-120-userid-47", "img_w": 1100, "img_h": 770, "object_divisions": [0, 6, 27, 37, 48, 78], "scene_strokes": [[283.421875, 386.703125, 0.0], [-1.0, 17.0, 0.0], [20.0, 75.0, 0.0], [31.0, 52.0, 0.0], [35.0, 33.0, 0.0], [40.0, 20.0, 0.0], [43.0, 10.0, 0.0], [69.0, 5.0, 0.0], [50.0, -1.0, 0.0], [45.0, -8.0, 0.0], [26.0, -11.0, 0.0], [42.0, -28.0, 0.0], [27.0, -26.0, 0.0], [21.0, -31.0, 0.0], [23.0, -56.0, 0.0], [10.0, -37.0, 0.0], [1.0, -39.0, 1.0], [-493.0, 39.0, 0.0], [4.0, -2.0, 1.0], [5.0, -11.0, 0.0], [-8.0, 3.0, 0.0], [-4.0, 7.0, 0.0], [-8.0, 100.0, 0.0], [0.0, 40.0, 0.0], [5.0, 44.0, 0.0], [7.0, 30.0, 0.0], [18.0, 49.0, 0.0], [12.0, 18.0, 0.0], [16.0, 10.0, 0.0], [15.0, 4.0, 0.0], [53.0, 7.0, 0.0], [92.0, 6.0, 0.0], [118.0, 13.0, 0.0], [73.0, 1.0, 0.0], [47.0, -13.0, 0.0], [29.0, -18.0, 0.0], [28.0, -30.0, 0.0], [12.0, -18.0, 0.0], [11.0, -25.0, 0.0], [7.0, -30.0, 0.0], [3.0, -39.0, 0.0], [0.0, -63.0, 0.0], [-4.0, -47.0, 0.0], [-10.0, -48.0, 0.0], [-9.0, -26.0, 0.0], [-3.0, -6.0, 0.0], [-8.0, -2.0, 1.0], [-507.0, 40.0, 0.0], [7.0, 3.0, 0.0], [7.0, -16.0, 0.0], [26.0, -20.0, 0.0], [-12.0, 9.0, 0.0], [-11.0, 17.0, 0.0], [13.0, -19.0, 1.0], [480.0, -13.0, 0.0], [-6.0, 2.0, 0.0], [-31.0, -16.0, 0.0], [11.0, 1.0, 0.0], [13.0, 7.0, 0.0], [12.0, 11.0, 0.0], [-20.0, -11.0, 0.0], [14.0, 5.0, 0.0], [-8.0, -1.0, 0.0], [10.0, 10.0, 1.0], [-7.0, -3.0, 0.0], [1.0, 18.0, 0.0], [-4.0, 15.0, 1.0], [-407.578125, -3.296875, 0.0], [-12.0, 7.0, 0.0], [-6.0, 12.0, 0.0], [2.0, 33.0, 0.0], [6.0, 3.0, 1.0], [41.0, -55.0, 0.0], [5.0, 29.0, 0.0], [0.0, 44.0, 0.0], [-6.0, 18.0, 0.0], [-9.0, 7.0, 0.0], [-18.0, 0.0, 0.0], [-17.0, -22.0, 0.0], [-2.0, -11.0, 1.0], [9.0, -61.0, 0.0], [-22.0, 11.0, 0.0], [-8.0, -1.0, 0.0], [1.0, -6.0, 0.0], [14.0, -10.0, 0.0], [7.0, -1.0, 0.0], [-6.0, 1.0, 0.0], [-1.0, -3.0, 0.0], [8.0, -8.0, 0.0], [21.0, -4.0, 0.0], [5.0, -4.0, 0.0], [18.0, 0.0, 0.0], [15.0, 7.0, 0.0], [-3.0, 4.0, 0.0], [5.0, 8.0, 0.0], [-6.0, 11.0, 0.0], [-14.0, 5.0, 1.0], [-49.0, 34.0, 0.0], [4.0, 28.0, 0.0], [4.0, 10.0, 0.0], [4.0, -2.0, 1.0], [5.0, -56.0, 0.0], [0.0, -7.0, 0.0], [2.0, 4.0, 1.0], [18.0, -3.0, 0.0], [3.0, 2.0, 1.0], [-14.0, 31.0, 0.0], [1.0, -4.0, 1.0], [5.0, -6.0, 0.0], [3.0, 1.0, 1.0], [13.0, -18.0, 0.0], [0.0, -1.0, 1.0], [-2.0, 5.0, 0.0], [-1.0, 0.0, 1.0], [-1.0, 36.0, 0.0], [-1.0, -2.0, 1.0], [-10.0, 21.0, 0.0], [-2.0, -3.0, 0.0], [-5.0, 1.0, 0.0], [-2.0, -4.0, 1.0], [-5.0, -12.0, 0.0], [4.0, -6.0, 1.0], [22.0, -12.0, 0.0], [1.0, -10.0, 1.0], [-20.0, -24.0, 0.0], [2.0, -4.0, 1.0], [1.0, -12.0, 0.0], [-7.0, 4.0, 0.0], [-11.0, 15.0, 0.0], [-2.0, 12.0, 0.0], [0.0, 12.0, 0.0], [3.0, 5.0, 0.0], [10.0, -17.0, 0.0], [7.0, -22.0, 1.0], [10.0, 0.0, 0.0], [12.0, 16.0, 0.0], [-15.0, -23.0, 0.0], [3.0, 0.0, 1.0], [11.0, 4.0, 0.0], [14.0, 5.0, 0.0], [5.0, -3.0, 0.0], [-6.0, -10.0, 0.0], [-12.0, -8.0, 1.0], [-37.0, 16.0, 0.0], [-2.0, -20.0, 0.0], [3.0, -3.0, 0.0], [10.0, 3.0, 0.0], [9.0, 8.0, 0.0], [-1.0, 9.0, 1.0], [7.0, -26.0, 0.0], [15.0, -9.0, 0.0], [15.0, 1.0, 0.0], [-26.0, 35.0, 1.0], [14.0, -12.0, 0.0], [12.0, 16.0, 0.0], [0.0, 4.0, 0.0], [-11.0, 2.0, 1.0], [14.421875, 2.703125, 0.0], [-3.0, 22.0, 0.0], [3.0, 33.0, 0.0], [6.0, 18.0, 0.0], [11.0, -2.0, 0.0], [12.0, -18.0, 0.0], [4.0, -13.0, 0.0], [0.0, -14.0, 0.0], [-11.0, -30.0, 0.0], [-7.0, -5.0, 0.0], [-8.0, 4.0, 1.0], [-7.0, 17.0, 0.0], [5.0, -2.0, 1.0], [6.0, 18.0, 0.0], [-4.0, 5.0, 1.0], [-6.0, 1.0, 0.0], [0.0, -1.0, 1.0], [12.0, -19.0, 0.0], [2.0, -1.0, 1.0], [8.0, 9.0, 0.0], [2.0, 10.0, 1.0], [-3.0, 11.0, 0.0], [-6.0, 9.0, 1.0], [-9.0, 17.0, 0.0], [3.0, -3.0, 1.0], [-3.0, -21.0, 0.0], [-2.0, -14.0, 1.0], [-6.0, -27.0, 0.0], [-10.0, 1.0, 0.0], [0.0, 11.0, 0.0], [8.0, -2.0, 0.0], [8.0, -16.0, 0.0], [6.0, 16.0, 0.0], [11.0, 5.0, 0.0], [-3.0, -19.0, 0.0], [17.0, -1.0, 0.0], [-4.0, -11.0, 0.0], [-6.0, -5.0, 0.0], [-10.0, -1.0, 0.0], [8.0, 1.0, 0.0], [-2.0, -11.0, 0.0], [-8.0, -2.0, 0.0], [-8.0, 5.0, 0.0], [-5.0, 8.0, 0.0], [7.0, 5.0, 0.0], [-1.0, -3.0, 0.0], [-5.0, 1.0, 0.0], [0.0, 9.0, 0.0], [-4.0, -3.0, 0.0], [-7.0, 3.0, 0.0], [2.0, 7.0, 0.0], [3.0, 0.0, 1.0], [174.421875, 0.703125, 0.0], [-4.0, -8.0, 0.0], [-16.0, -3.0, 0.0], [-24.0, 6.0, 0.0], [-25.0, 12.0, 0.0], [-46.0, 36.0, 0.0], [-24.0, 32.0, 0.0], [-11.0, 25.0, 0.0], [-1.0, 24.0, 0.0], [14.0, 53.0, 0.0], [12.0, 17.0, 0.0], [1.0, -9.0, 1.0], [106.0, -193.0, 0.0], [5.0, 0.0, 0.0], [17.0, 11.0, 0.0], [11.0, 19.0, 0.0], [18.0, 86.0, 0.0], [1.0, 21.0, 0.0], [-5.0, 22.0, 0.0], [-14.0, 35.0, 0.0], [-4.0, 5.0, 0.0], [-2.0, -8.0, 1.0], [-145.0, -63.0, 0.0], [4.0, -21.0, 0.0], [22.0, -17.0, 0.0], [5.0, -22.0, 0.0], [6.0, -7.0, 0.0], [-9.0, 29.0, 0.0], [4.0, 31.0, 0.0], [-7.0, 5.0, 0.0], [-1.0, 6.0, 1.0], [66.0, -98.0, 0.0], [19.0, 3.0, 0.0], [5.0, 6.0, 0.0], [1.0, 11.0, 0.0], [31.0, 30.0, 1.0], [-107.0, 81.0, 0.0], [18.0, -17.0, 0.0], [8.0, -34.0, 0.0], [10.0, -11.0, 1.0], [22.0, 20.0, 0.0], [-2.0, 2.0, 1.0], [-8.0, 24.0, 0.0], [-4.0, 9.0, 1.0], [-24.0, 23.0, 0.0], [-17.0, 8.0, 0.0], [-7.0, 0.0, 0.0], [-6.0, -7.0, 0.0], [29.0, -13.0, 0.0], [24.0, -20.0, 0.0], [9.0, -27.0, 0.0], [-9.0, -14.0, 0.0], [-7.0, -1.0, 1.0], [-20.0, -69.0, 0.0], [14.0, 30.0, 0.0], [-2.0, 19.0, 0.0], [10.0, 1.0, 0.0], [8.0, -6.0, 0.0], [-1.0, -18.0, 0.0], [-7.0, -25.0, 0.0], [-5.0, -6.0, 0.0], [-9.0, 0.0, 0.0], [-17.0, 7.0, 1.0], [83.0, 70.0, 0.0], [4.0, 18.0, 0.0], [-11.0, 28.0, 0.0], [0.0, 7.0, 0.0], [10.0, 4.0, 0.0], [12.0, -4.0, 0.0], [8.0, -13.0, 0.0], [-1.0, -14.0, 0.0], [-8.0, -21.0, 0.0], [1.0, -13.0, 1.0], [-138.0, 95.0, 0.0], [-19.0, -49.0, 0.0], [-2.0, -12.0, 0.0], [6.0, -46.0, 0.0], [8.0, -15.0, 0.0], [38.0, -34.0, 0.0], [46.0, -32.0, 0.0], [24.0, -12.0, 0.0], [21.0, -3.0, 0.0], [13.0, 10.0, 0.0], [10.0, 18.0, 0.0], [7.0, 39.0, 0.0], [10.0, 26.0, 0.0], [6.0, 36.0, 0.0], [-2.0, 29.0, 0.0], [-20.0, 34.0, 0.0], [-8.0, 22.0, 0.0], [-1.0, -7.0, 1.0], [62.421875, -290.296875, 0.0], [-7.0, 42.0, 0.0], [-14.0, 39.0, 0.0], [-2.0, -1.0, 1.0], [24.0, -73.0, 0.0], [1.0, 21.0, 0.0], [31.0, 34.0, 0.0], [14.0, 6.0, 0.0], [8.0, -2.0, 0.0], [3.0, -4.0, 1.0], [-49.0, -56.0, 0.0], [2.0, 1.0, 1.0], [-25.0, 62.0, 0.0], [-1.0, 24.0, 0.0], [-12.0, 41.0, 0.0], [5.0, 4.0, 0.0], [9.0, -12.0, 0.0], [-3.0, -15.0, 0.0], [-7.0, 5.0, 1.0], [20.0, -10.0, 0.0], [-4.0, 10.0, 0.0], [0.0, 11.0, 0.0], [3.0, 10.0, 0.0], [4.0, 2.0, 0.0], [2.0, -3.0, 0.0], [1.0, -8.0, 0.0], [-8.0, -9.0, 0.0], [-5.0, 1.0, 0.0], [-4.0, 11.0, 1.0], [7.0, 16.0, 0.0], [-1.0, 12.0, 0.0], [8.0, 17.0, 0.0], [4.0, 3.0, 0.0], [3.0, -2.0, 0.0], [-2.0, -16.0, 0.0], [-8.0, -4.0, 1.0], [28.0, -81.0, 0.0], [1.0, 12.0, 0.0], [5.0, 7.0, 0.0], [4.0, -2.0, 0.0], [1.0, -7.0, 0.0], [-8.0, -9.0, 1.0], [2.0, 32.0, 0.0], [4.0, 14.0, 0.0], [4.0, -1.0, 0.0], [2.0, -6.0, 0.0], [-9.0, -16.0, 1.0], [-3.0, 46.0, 0.0], [3.0, 11.0, 0.0], [7.0, -4.0, 0.0], [1.0, -18.0, 0.0], [-3.0, -3.0, 0.0], [-3.0, 3.0, 1.0], [-32.0, 19.0, 0.0], [6.0, 14.0, 0.0], [8.0, 3.0, 0.0], [3.0, -4.0, 0.0], [1.0, -12.0, 0.0], [-5.0, -11.0, 0.0], [-7.0, -2.0, 0.0], [-2.0, 5.0, 1.0], [16.0, 26.0, 0.0], [3.0, 16.0, 0.0], [5.0, 5.0, 0.0], [5.0, -1.0, 0.0], [1.0, -11.0, 0.0], [-4.0, -15.0, 0.0], [-6.0, -3.0, 0.0], [-3.0, 6.0, 1.0], [-25.0, 29.0, 0.0], [3.0, 31.0, 0.0], [6.0, 2.0, 0.0], [5.0, -5.0, 0.0], [2.0, -14.0, 0.0], [-9.0, -16.0, 0.0], [-4.0, 0.0, 0.0], [-1.0, 6.0, 1.0], [19.0, -74.0, 0.0], [2.0, 15.0, 0.0], [4.0, 3.0, 0.0], [3.0, -21.0, 0.0], [-3.0, -8.0, 0.0], [-5.0, -1.0, 0.0], [-2.0, 4.0, 1.0], [-1.0, -24.0, 0.0], [2.0, 11.0, 0.0], [6.0, 6.0, 0.0], [3.0, -2.0, 0.0], [-5.0, -14.0, 0.0], [-9.0, 3.0, 1.0], [-26.0, 0.0, 0.0], [5.0, 13.0, 0.0], [7.0, 1.0, 0.0], [3.0, -5.0, 0.0], [0.0, -9.0, 0.0], [-6.0, -7.0, 0.0], [-8.0, 3.0, 1.0], [2.0, -35.0, 0.0], [3.0, 17.0, 0.0], [6.0, 4.0, 0.0], [6.0, -7.0, 0.0], [-1.0, -12.0, 0.0], [-4.0, -1.0, 0.0], [-4.0, 5.0, 1.0], [21.0, -10.0, 0.0], [-4.0, 11.0, 0.0], [0.0, 12.0, 0.0], [4.0, 6.0, 0.0], [4.0, -1.0, 0.0], [1.0, -15.0, 0.0], [-7.0, -6.0, 1.0], [-19.0, -56.0, 0.0], [0.0, -6.0, 0.0], [4.0, -2.0, 0.0], [1.0, 17.0, 0.0], [-5.0, 