{"img_id": "sceneid-76-userid-80", "img_w": 1100, "img_h": 770, "object_divisions": [0, 6, 7, 18, 30, 34, 40], "scene_strokes": [[275.0, 192.703125, 0.0], [0.0, 54.0, 0.0], [-34.0, 191.0, 0.0], [1.0, 17.0, 0.0], [3.0, 6.0, 0.0], [8.0, 3.0, 0.0], [48.0, -14.0, 0.0], [56.0, -8.0, 0.0], [95.0, -1.0, 0.0], [-1.0, -24.0, 0.0], [3.0, -17.0, 0.0], [33.0, -125.0, 0.0], [12.0, -84.0, 0.0], [-4.0, -30.0, 0.0], [-13.0, -8.0, 0.0], [-17.0, -1.0, 0.0], [-136.0, 9.0, 0.0], [-33.0, 9.0, 0.0], [-21.0, 10.0, 1.0], [179.0, 260.0, 0.0], [72.0, 8.0, 0.0], [126.0, 7.0, 0.0], [-7.0, 12.0, 0.0], [-10.0, 48.0, 0.0], [-22.0, 66.0, 0.0], [-2.0, 16.0, 0.0], [-4.0, -4.0, 0.0], [-28.0, -7.0, 0.0], [-65.0, -10.0, 0.0], [-91.0, -4.0, 0.0], [-91.0, 5.0, 0.0], [-98.0, 18.0, 0.0], [-4.0, -2.0, 0.0], [-1.0, -8.0, 0.0], [5.0, -49.0, 0.0], [2.0, -79.0, 1.0], [-17.0, 149.0, 0.0], [-12.0, 84.0, 0.0], [0.0, 34.0, 0.0], [3.0, 8.0, 0.0], [6.0, 4.0, 0.0], [44.0, -8.0, 0.0], [4.0, -5.0, 0.0], [-8.0, -25.0, 0.0], [-3.0, -25.0, 0.0], [5.0, -79.0, 1.0], [76.0, -8.0, 0.0], [-4.0, 3.0, 0.0], [-5.0, 27.0, 0.0], [-1.0, 25.0, 0.0], [3.0, 12.0, 0.0], [8.0, 5.0, 0.0], [32.0, 0.0, 0.0], [-7.0, -22.0, 0.0], [5.0, -60.0, 1.0], [220.0, 21.0, 0.0], [-6.0, 24.0, 0.0], [-28.0, 76.0, 0.0], [1.0, 9.0, 0.0], [15.0, 6.0, 0.0], [30.0, -3.0, 0.0], [12.0, -7.0, 0.0], [4.0, -15.0, 0.0], [-2.0, -79.0, 0.0], [-4.0, -19.0, 1.0], [41.0, -125.0, 0.0], [5.0, 25.0, 0.0], [2.0, 36.0, 0.0], [-4.0, 39.0, 0.0], [-32.0, -3.0, 0.0], [3.0, 0.0, 0.0], [-1.0, -17.0, 0.0], [3.0, -9.0, 1.0], [-166.0, 44.703125, 0.0], [2.0, 55.0, 0.0], [-1.0, 38.0, 0.0], [-1.0, 5.0, 0.0], [-2.0, -2.0, 1.0], [-1.0, 10.703125, 0.0], [-10.0, -1.0, 0.0], [-8.0, 4.0, 0.0], [-12.0, 11.0, 0.0], [-2.0, 8.0, 0.0], [0.0, 7.0, 0.0], [6.0, 11.0, 0.0], [5.0, 4.0, 0.0], [13.0, 2.0, 0.0], [17.0, -6.0, 0.0], [6.0, -7.0, 0.0], [5.0, -15.0, 0.0], [-5.0, -11.0, 0.0], [-11.0, -9.0, 0.0], [-11.0, -2.0, 0.0], [-8.0, 6.0, 1.0], [-11.0, -2.0, 0.0], [-11.0, -13.0, 1.0], [6.0, 23.0, 0.0], [-21.0, -7.0, 1.0], [17.0, 18.0, 0.0], [-8.0, 1.0, 0.0], [-13.0, 8.0, 1.0], [28.0, 8.0, 0.0], [-13.0, 14.0, 0.0], [-1.0, 5.0, 1.0], [55.0, -43.0, 0.0], [14.0, -7.0, 1.0], [-5.0, 22.0, 0.0], [23.0, -5.0, 1.0], [-26.0, 13.0, 0.0], [12.0, 14.0, 1.0], [-21.0, -1.0, 0.0], [4.0, 22.0, 1.0], [-24.0, -59.0, 0.0], [-1.0, -1.0, 1.0], [14.0, 1.0, 0.0], [0.0, 1.0, 1.0], [422.0, -454.296875, 0.0], [-5.0, 108.0, 0.0], [-82.0, 18.0, 0.0], [-48.0, 18.0, 0.0], [-6.0, 6.0, 0.0], [19.0, 15.0, 0.0], [84.0, 44.0, 0.0], [13.0, 10.0, 0.0], [64.0, -32.0, 0.0], [33.0, -12.0, 0.0], [4.0, -21.0, 0.0], [9.0, -160.0, 0.0], [-86.0, -2.0, 1.0], [-14.0, 117.0, 0.0], [26.0, 13.0, 0.0], [61.0, 43.0, 1.0], [-57.0, -147.0, 0.0], [-5.0, 43.0, 0.0], [2.0, 25.0, 0.0], [24.0, 30.0, 0.0], [26.0, 24.0, 0.0], [3.0, -46.0, 0.0], [-5.0, -51.0, 0.0], [4.0, -32.0, 0.0], [-23.0, 0.0, 0.0], [-30.0, 6.0, 1.0], [-123.0, 117.0, 0.0], [101.0, 76.0, 0.0], [5.0, 3.0, 0.0], [5.0, -2.0, 1.0], [-82.0, -78.0, 0.0], [53.0, 45.0, 0.0], [37.0, 26.0, 0.0], [9.0, 4.0, 0.0], [1.0, -3.0, 1.0], [-71.0, -76.0, 0.0], [80.0, 65.0, 0.0], [7.0, 3.0, 0.0], [0.0, -4.0, 1.0], [-60.0, -69.0, 0.0], [59.0, 45.0, 0.0], [23.0, 14.0, 1.0], [-178.0, -22.0, 0.0], [60.0, -25.0, 0.0], [31.0, -10.0, 0.0], [28.0, -4.0, 1.0], [-105.0, 51.0, 0.0], [121.0, -41.0, 1.0], [-89.0, 48.0, 0.0], [75.0, -29.0, 0.0], [27.0, -6.0, 1.0], [-78.0, 41.0, 0.0], [99.0, -37.0, 1.0], [-89.0, 51.0, 0.0], [86.0, -29.0, 0.0], [26.0, -6.0, 1.0], [-168.0, -86.296875, 0.0], [-3.0, -7.0, 0.0], [-11.0, -6.0, 0.0], [-30.0, 0.0, 0.0], [-23.0, 9.0, 0.0], [-9.0, 13.0, 0.0], [0.0, 8.0, 0.0], [7.0, 6.0, 0.0], [15.0, 3.0, 0.0], [48.0, -7.0, 0.0], [14.0, -11.0, 0.0], [-3.0, -13.0, 0.0], [-9.0, -4.0, 1.0], [-33.0, -3.0, 0.0], [9.0, 37.0, 1.0], [-2.0, -21.0, 0.0], [30.0, -3.0, 1.0], [8.0, 4.0, 0.0], [21.0, -5.0, 0.0], [36.0, 16.0, 0.0], [18.0, 3.0, 0.0], [13.0, 9.0, 1.0], [-263.0, 10.703125, 0.0], [117.0, -72.0, 0.0], [73.0, -42.0, 0.0], [32.0, -15.0, 1.0], [-235.0, 140.0, 0.0], [47.0, 25.0, 0.0], [47.0, 32.0, 0.0], [148.0, 121.0, 0.0], [14.0, 8.0, 0.0], [13.0, 2.0, 0.0], [27.0, -12.0, 0.0], [128.0, -84.0, 0.0], [49.0, -42.0, 0.0], [-20.0, -31.0, 0.0], [-20.0, -24.0, 0.0], [-56.0, -55.0, 1.0], [-137.0, -88.0, 0.0], [25.0, 18.0, 1.0], [-265.0, 134.0, 0.0], [10.0, 62.0, 1.0], [260.0, 133.0, 0.0], [-1.0, 54.0, 0.0], [4.0, 21.0, 1.0], [205.0, -205.0, 0.0], [-8.0, 74.0, 1.0]], "gt_class_names": ["chair", "spider web", "spider", "computer", "mouse", "table"]}