{"img_id": "sceneid-69-userid-30", "img_w": 1100, "img_h": 770, "object_divisions": [0, 1, 3, 5, 7, 8, 16, 19, 22, 27], "scene_strokes": [[93.421875, 132.703125, 0.0], [114.0, -10.0, 0.0], [152.0, 1.0, 0.0], [129.0, -11.0, 0.0], [9.0, 2.0, 0.0], [4.0, 6.0, 0.0], [7.0, 31.0, 0.0], [-3.0, 176.0, 0.0], [2.0, 48.0, 0.0], [-10.0, 126.0, 0.0], [7.0, 109.0, 0.0], [-1.0, 29.0, 0.0], [-8.0, 4.0, 0.0], [-37.0, 2.0, 0.0], [-104.0, 0.0, 0.0], [-121.0, 7.0, 0.0], [-100.0, -2.0, 0.0], [-22.0, 3.0, 0.0], [-5.0, -11.0, 0.0], [2.0, -105.0, 0.0], [-6.0, -185.0, 0.0], [-14.0, -116.0, 0.0], [5.0, -112.0, 1.0], [42.421875, 66.703125, 0.0], [74.0, -22.0, 0.0], [17.0, 72.0, 0.0], [-2.0, 14.0, 0.0], [-42.0, 16.0, 0.0], [-35.0, 8.0, 0.0], [-12.0, -96.0, 1.0], [35.0, 10.0, 0.0], [0.0, -1.0, 1.0], [133.421875, -14.296875, 0.0], [34.0, 3.0, 0.0], [50.0, -1.0, 0.0], [-16.0, 99.0, 0.0], [-4.0, 3.0, 0.0], [-39.0, 5.0, 0.0], [-50.0, -2.0, 0.0], [-1.0, -13.0, 0.0], [21.0, -99.0, 1.0], [40.0, 26.0, 0.0], [-3.0, 2.0, 0.0], [1.0, -4.0, 1.0], [-133.578125, 167.703125, 0.0], [67.0, -14.0, 0.0], [11.0, 3.0, 0.0], [4.0, 54.0, 0.0], [10.0, 43.0, 0.0], [-63.0, 10.0, 0.0], [-23.0, -1.0, 0.0], [-7.0, -21.0, 0.0], [-4.0, -36.0, 0.0], [1.0, -37.0, 1.0], [42.0, 6.0, 0.0], [-2.0, 3.0, 0.0], [4.0, -3.0, 0.0], [-3.0, -1.0, 1.0], [114.421875, -35.296875, 0.0], [38.0, -11.0, 0.0], [23.0, -2.0, 0.0], [8.0, 19.0, 0.0], [15.0, 60.0, 0.0], [1.0, 7.0, 0.0], [-6.0, 6.0, 0.0], [-55.0, 16.0, 0.0], [-29.0, 3.0, 0.0], [-10.0, -32.0, 0.0], [-10.0, -50.0, 0.0], [0.0, -17.0, 0.0], [24.0, -4.0, 1.0], [-156.578125, 171.703125, 0.0], [27.0, 1.0, 0.0], [37.0, -6.0, 0.0], [85.0, 0.0, 0.0], [80.0, -8.0, 0.0], [4.0, 9.0, 0.0], [0.0, 110.0, 0.0], [-68.0, 12.0, 0.0], [-172.0, 0.0, 0.0], [-5.0, -10.0, 0.0], [-2.0, -18.0, 0.0], [1.0, -96.0, 0.0], [22.0, -1.0, 1.0], [-9.0, 46.0, 0.0], [6.0, -17.0, 0.0], [13.0, -4.0, 0.0], [8.0, -8.0, 0.0], [8.0, 12.0, 0.0], [-4.0, 36.0, 0.0], [8.0, 17.0, 0.0], [1.0, 14.0, 0.0], [-14.0, 17.0, 0.0], [-5.0, 0.0, 0.0], [-6.0, -5.0, 0.0], [-4.0, -24.0, 0.0], [-11.0, -13.0, 0.0], [-3.0, -24.0, 1.0], [87.0, 15.0, 0.0], [1.0, -9.0, 0.0], [6.0, -4.0, 0.0], [17.0, 2.0, 0.0], [13.0, -7.0, 0.0], [18.0, -27.0, 0.0], [4.0, 0.0, 0.0], [5.0, 10.0, 0.0], [11.0, 9.0, 0.0], [24.0, -3.0, 0.0], [4.0, 3.0, 0.0], [-3.0, 13.0, 0.0], [-16.0, 7.0, 0.0], [-8.0, 8.0, 0.0], [0.0, 5.0, 0.0], [7.0, 10.0, 0.0], [-1.0, 7.0, 0.0], [-12.0, 9.0, 0.0], [-11.0, 3.0, 0.0], [-18.0, -4.0, 0.0], [-6.0, 8.0, 0.0], [-1.0, 11.0, 0.0], [-45.0, -8.0, 0.0], [0.0, -27.0, 0.0], [9.0, -17.0, 1.0], [99.0, 15.0, 0.0], [6.0, -9.0, 0.0], [15.0, 3.0, 0.0], [14.0, -6.0, 0.0], [0.0, 22.0, 0.0], [-5.0, 4.0, 0.0], [-32.0, 5.0, 0.0], [-4.0, 2.0, 0.0], [0.0, 4.0, 0.0], [8.0, -22.0, 1.0], [-130.0, -53.0, 0.0], [0.0, 18.0, 0.0], [0.0, -21.0, 0.0], [-10.0, -4.0, 0.0], [7.0, -6.0, 0.0], [14.0, 3.0, 0.0], [11.0, -4.0, 0.0], [1.0, 23.0, 0.0], [-8.0, 4.0, 0.0], [-13.0, -1.0, 0.0], [1.0, -2.0, 1.0], [-5.0, -8.0, 0.0], [7.0, -21.0, 0.0], [14.0, 11.0, 0.0], [1.0, 4.0, 0.0], [-9.0, 4.0, 0.0], [-11.0, 0.0, 0.0], [0.0, -3.0, 1.0], [-1.0, 89.0, 0.0], [-1.0, -27.0, 0.0], [10.0, -5.0, 0.0], [4.0, 1.0, 0.0], [2.0, 28.0, 0.0], [-16.0, 2.0, 0.0], [-1.0, -3.0, 1.0], [1.0, -24.0, 0.0], [-2.0, 1.0, 0.0], [-7.0, -15.0, 0.0], [13.0, -8.0, 0.0], [10.0, 20.0, 0.0], [2.0, -3.0, 1.0], [273.421875, -109.296875, 0.0], [116.0, -10.0, 0.0], [19.0, 0.0, 0.0], [6.0, 3.0, 0.0], [6.0, 26.0, 0.0], [2.0, 65.0, 0.0], [-5.0, 54.0, 0.0], [2.0, 27.0, 0.0], [-7.0, 4.0, 0.0], [-126.0, 3.0, 0.0], [-11.0, -3.0, 0.0], [-5.0, -5.0, 0.0], [-6.0, -35.0, 0.0], [1.0, -51.0, 0.0], [6.0, -56.0, 0.0], [-2.0, -21.0, 1.0], [38.0, 63.0, 0.0], [40.0, -5.0, 0.0], [13.0, 2.0, 0.0], [6.0, 15.0, 0.0], [4.0, 47.0, 0.0], [-2.0, 3.0, 0.0], [-38.0, 4.0, 0.0], [-18.0, 0.0, 0.0], [-6.0, -3.0, 0.0], [-4.0, -9.0, 0.0], [0.0, -38.0, 0.0], [3.0, -10.0, 1.0], [-8.0, -54.0, 0.0], [65.0, -4.0, 0.0], [1.0, 23.0, 0.0], [-7.0, 9.0, 0.0], [-54.0, 1.0, 0.0], [-8.0, -3.0, 0.0], [-2.0, -4.0, 0.0], [5.0, -22.0, 1.0], [9.421875, -23.296875, 0.0], [0.0, -22.0, 0.0], [5.0, -8.0, 0.0], [10.0, -5.0, 0.0], [11.0, 0.0, 0.0], [9.0, 4.0, 0.0], [8.0, 13.0, 0.0], [4.0, 16.0, 1.0], [-49.0, -18.0, 0.0], [-6.0, -4.0, 0.0], [1.0, -12.0, 0.0], [21.0, -13.0, 0.0], [23.0, -3.0, 0.0], [8.0, 3.0, 0.0], [3.0, 5.0, 0.0], [0.0, 8.0, 0.0], [-4.0, 6.0, 0.0], [-9.0, 0.0, 0.0], [-1.0, -12.0, 0.0], [-9.0, -1.0, 0.0], [-19.0, 5.0, 0.0], [-4.0, 17.0, 0.0], [-7.0, 1.0, 0.0], [3.0, -5.0, 1.0], [22.0, 9.0, 0.0], [-3.0, -3.0, 0.0], [-8.0, 2.0, 0.0], [1.0, 12.0, 0.0], [11.0, 2.0, 0.0], [8.0, -5.0, 0.0], [-3.0, -12.0, 0.0], [-5.0, 1.0, 1.0], [-75.578125, 191.703125, 0.0], [6.0, -93.0, 0.0], [-3.0, -77.0, 0.0], [3.0, -58.0, 0.0], [-3.0, -125.0, 0.0], [3.0, -45.0, 0.0], [15.0, -50.0, 0.0], [14.0, -5.0, 0.0], [145.0, -11.0, 0.0], [17.0, 4.0, 0.0], [8.0, 12.0, 0.0], [7.0, 34.0, 0.0], [9.0, 99.0, 0.0], [7.0, 120.0, 0.0], [-4.0, 120.0, 0.0], [4.0, 47.0, 0.0], [6.0, 29.0, 0.0], [0.0, 18.0, 0.0], [-3.0, 6.0, 0.0], [-41.0, -3.0, 0.0], [-175.0, -1.0, 0.0], [-7.0, -3.0, 0.0], [-8.0, -10.0, 0.0], [-2.0, -42.0, 1.0], [36.0, -389.0, 0.0], [28.0, -4.0, 0.0], [79.0, -3.0, 0.0], [29.0, -5.0, 0.0], [6.0, 51.0, 0.0], [-87.0, 5.0, 0.0], [-53.0, -6.0, 0.0], [-8.0, -8.0, 0.0], [4.0, -28.0, 1.0], [-12.0, 98.0, 0.0], [69.0, -11.0, 0.0], [66.0, -3.0, 0.0], [5.0, 4.0, 0.0], [11.0, 35.0, 0.0], [19.0, 147.0, 0.0], [5.0, 71.0, 0.0], [-3.0, 60.0, 0.0], [6.0, 34.0, 1.0], [-187.0, -342.0, 0.0], [0.0, 98.0, 0.0], [5.0, 90.0, 0.0], [-2.0, 137.0, 0.0], [3.0, 12.0, 0.0], [6.0, 5.0, 0.0], [16.0, 4.0, 0.0], [77.0, -12.0, 1.0], [-87.0, -255.0, 0.0], [-2.0, 15.0, 0.0], [3.0, 4.0, 0.0], [10.0, -7.0, 0.0], [-1.0, -9.0, 0.0], [-12.0, -11.0, 1.0]], "gt_class_names": ["wall", "paper", "paper", "paper", "paper", "map", "table", "telephone", "phone box"]}