{"img_id": "sceneid-130-userid-66", "img_w": 1100, "img_h": 770, "object_divisions": [0, 11, 12, 13, 14, 15, 19, 23, 24, 25], "scene_strokes": [[473.421875, 109.703125, 0.0], [-4.0, -3.0, 0.0], [6.0, 129.0, 0.0], [-7.0, 63.0, 0.0], [6.0, 6.0, 0.0], [61.0, -5.0, 0.0], [11.0, -10.0, 0.0], [8.0, -35.0, 0.0], [7.0, -77.0, 0.0], [-5.0, -22.0, 1.0], [-83.0, 64.0, 0.0], [32.0, 5.0, 0.0], [31.0, -8.0, 0.0], [24.0, -11.0, 1.0], [-8.0, -9.0, 0.0], [2.0, -79.0, 1.0], [6.0, 4.0, 0.0], [15.0, 7.0, 0.0], [17.0, 0.0, 0.0], [17.0, -5.0, 0.0], [22.0, -14.0, 0.0], [13.0, -23.0, 0.0], [6.0, -23.0, 0.0], [-2.0, -35.0, 0.0], [-14.0, -37.0, 0.0], [-16.0, -22.0, 0.0], [-18.0, -14.0, 0.0], [-23.0, -11.0, 0.0], [-52.0, -9.0, 0.0], [-34.0, 0.0, 0.0], [-24.0, 5.0, 0.0], [-24.0, 12.0, 0.0], [-21.0, 15.0, 1.0], [40.0, 149.0, 0.0], [-37.0, -10.0, 0.0], [-18.0, -11.0, 0.0], [-15.0, -21.0, 0.0], [-8.0, -35.0, 0.0], [6.0, -34.0, 0.0], [11.0, -25.0, 1.0], [35.0, 18.0, 0.0], [0.0, 54.0, 1.0], [78.0, -52.0, 0.0], [-4.0, 45.0, 1.0], [0.0, 50.0, 0.0], [4.0, 45.0, 1.0], [-3.0, 0.0, 0.0], [-12.0, 24.0, 0.0], [4.0, 4.0, 0.0], [13.0, 0.0, 0.0], [10.0, 4.0, 0.0], [-4.0, -25.0, 0.0], [-3.0, -5.0, 0.0], [-5.0, -1.0, 1.0], [-5.0, 5.0, 0.0], [2.0, 11.0, 0.0], [4.0, -1.0, 0.0], [2.0, -5.0, 0.0], [-1.0, -7.0, 0.0], [-4.0, -3.0, 0.0], [-3.0, 11.0, 0.0], [2.0, 1.0, 0.0], [3.0, -5.0, 0.0], [-2.0, -8.0, 0.0], [0.0, 8.0, 0.0], [5.0, -2.0, 0.0], [-1.0, -5.0, 0.0], [-4.0, 0.0, 0.0], [-4.0, 8.0, 0.0], [1.0, 5.0, 0.0], [5.0, -5.0, 0.0], [-3.0, -5.0, 0.0], [2.0, 8.0, 0.0], [5.0, -8.0, 0.0], [-4.0, -2.0, 0.0], [1.0, 5.0, 0.0], [4.0, -4.0, 0.0], [-2.0, -3.0, 0.0], [-7.0, 0.0, 0.0], [6.0, 8.0, 0.0], [-4.0, -5.0, 0.0], [-8.0, 0.0, 0.0], [6.0, 6.0, 0.0], [4.0, -1.0, 0.0], [-4.0, -1.0, 0.0], [4.0, 8.0, 0.0], [3.0, -6.0, 0.0], [-6.0, -3.0, 0.0], [1.0, 8.0, 0.0], [5.0, 0.0, 0.0], [6.0, -8.0, 0.0], [-3.0, -4.0, 0.0], [-6.0, 1.0, 0.0], [0.0, 8.0, 0.0], [9.0, 2.0, 0.0], [3.0, -7.0, 0.0], [-9.0, -5.0, 0.0], [0.0, 8.0, 0.0], [5.0, -7.0, 0.0], [-5.0, -7.0, 0.0], [-5.0, 13.0, 0.0], [5.0, 5.0, 0.0], [7.0, -4.0, 0.0], [1.0, -3.0, 0.0], [-5.0, -7.0, 0.0], [-8.0, 1.0, 0.0], [-4.0, 7.0, 0.0], [5.0, 1.0, 0.0], [2.0, -3.0, 0.0], [-4.0, -5.0, 0.0], [-2.0, 5.0, 0.0], [4.0, 3.0, 0.0], [5.0, -2.0, 1.0], [-14.0, 9.0, 0.0], [-11.0, 26.0, 0.0], [15.0, -3.0, 0.0], [14.0, 5.0, 0.0], [13.0, 0.0, 0.0], [-7.0, -33.0, 1.0], [-314.578125, 614.703125, 0.0], [-1.0, -44.0, 0.0], [-10.0, -98.0, 0.0], [0.0, -64.0, 0.0], [8.0, -91.0, 0.0], [1.0, -101.0, 0.0], [4.0, -67.0, 0.0], [3.0, -9.0, 0.0], [18.0, -13.0, 0.0], [53.0, -7.0, 0.0], [13.0, 7.0, 0.0], [5.0, 18.0, 0.0], [-12.0, 279.0, 0.0], [18.0, 173.0, 0.0], [-1.0, 33.0, 1.0], [151.421875, -25.296875, 0.0], [-2.0, -128.0, 0.0], [-7.0, -96.0, 0.0], [0.0, -102.0, 0.0], [-4.0, -53.0, 0.0], [5.0, -9.0, 0.0], [16.0, -12.0, 0.0], [47.0, -14.0, 0.0], [19.0, 144.0, 0.0], [-2.0, 162.0, 0.0], [13.0, 126.0, 1.0], [141.421875, -12.296875, 0.0], [-3.0, -125.0, 0.0], [-22.0, -285.0, 0.0], [2.0, -13.0, 0.0], [5.0, -6.0, 0.0], [81.0, -18.0, 0.0], [0.0, 48.0, 0.0], [11.0, 96.0, 0.0], [11.0, 182.0, 0.0], [13.0, 96.0, 0.0], [10.0, 44.0, 0.0], [4.0, 6.0, 1.0], [97.421875, -37.296875, 0.0], [2.0, -72.0, 0.0], [-4.0, -79.0, 0.0], [-15.0, -143.0, 0.0], [-7.0, -126.0, 0.0], [-8.0, -49.0, 0.0], [4.0, -5.0, 0.0], [13.0, -6.0, 0.0], [23.0, -5.0, 0.0], [34.0, -4.0, 0.0], [2.0, 6.0, 0.0], [12.0, 140.0, 0.0], [59.0, 326.0, 1.0], [-525.578125, -506.296875, 0.0], [-10.0, -7.0, 0.0], [-10.0, -2.0, 0.0], [-24.0, 22.0, 1.0], [-11.0, 7.0, 0.0], [5.0, 10.0, 0.0], [7.0, 1.0, 0.0], [6.0, -3.0, 0.0], [4.0, -7.0, 0.0], [-1.0, -7.0, 0.0], [-16.0, -9.0, 0.0], [-9.0, 13.0, 0.0], [0.0, 6.0, 1.0], [19.0, -21.0, 0.0], [6.0, -21.0, 1.0], [-3.0, 36.0, 0.0], [20.0, 0.0, 1.0], [66.421875, -29.296875, 0.0], [36.0, -42.0, 1.0], [2.0, 2.0, 0.0], [8.0, 5.0, 0.0], [8.0, -2.0, 0.0], [4.0, -6.0, 0.0], [0.0, -12.0, 0.0], [-7.0, -7.0, 0.0], [-8.0, 4.0, 0.0], [-5.0, 15.0, 0.0], [2.0, 10.0, 1.0], [-7.0, -8.0, 0.0], [-14.0, -3.0, 1.0], [19.0, 12.0, 0.0], [1.0, 23.0, 1.0], [-538.578125, -65.296875, 0.0], [6.0, 22.0, 0.0], [6.0, 14.0, 0.0], [6.0, 6.0, 0.0], [10.0, 1.0, 0.0], [28.0, -20.0, 0.0], [18.0, -4.0, 0.0], [24.0, 21.0, 0.0], [28.0, -9.0, 0.0], [25.0, 23.0, 0.0], [11.0, 6.0, 0.0], [24.0, -3.0, 0.0], [40.0, 14.0, 0.0], [17.0, -3.0, 0.0], [16.0, -10.0, 0.0], [29.0, -36.0, 0.0], [5.0, -16.0, 0.0], [-17.0, -37.0, 0.0], [-8.0, -8.0, 0.0], [-15.0, -6.0, 0.0], [-11.0, -13.0, 0.0], [-3.0, -20.0, 0.0], [-10.0, -1.0, 0.0], [-22.0, 5.0, 0.0], [-14.0, -14.0, 0.0], [-9.0, -3.0, 0.0], [-30.0, 8.0, 0.0], [-7.0, -2.0, 0.0], [-18.0, -18.0, 0.0], [-11.0, 2.0, 0.0], [-36.0, 26.0, 0.0], [-44.0, 2.0, 0.0], [-14.0, 7.0, 0.0], [-13.0, 18.0, 0.0], [-10.0, 32.0, 1.0], [692.421875, -12.296875, 0.0], [11.0, 26.0, 0.0], [11.0, 5.0, 0.0], [14.0, -3.0, 0.0], [29.0, -15.0, 0.0], [39.0, 18.0, 0.0], [15.0, -1.0, 0.0], [27.0, -15.0, 0.0], [10.0, -1.0, 0.0], [25.0, 10.0, 0.0], [72.0, 5.0, 0.0], [10.0, -8.0, 0.0], [22.0, -46.0, 0.0], [-7.0, -24.0, 0.0], [-14.0, -17.0, 0.0], [-10.0, -6.0, 0.0], [-30.0, 6.0, 0.0], [-14.0, -1.0, 0.0], [-10.0, -3.0, 0.0], [-10.0, -10.0, 0.0], [-9.0, -3.0, 0.0], [-28.0, 14.0, 0.0], [-29.0, 9.0, 0.0], [-41.0, -11.0, 0.0], [-38.0, 4.0, 0.0], [-12.0, 6.0, 0.0], [-18.0, 18.0, 0.0], [-26.0, 15.0, 0.0], [-2.0, 7.0, 0.0], [3.0, 17.0, 1.0]], "gt_class_names": ["hot air balloon", "skyscraper", "skyscraper", "skyscraper", "skyscraper", "yoga", "yoga", "cloud", "cloud"]}