{"img_id": "sceneid-59-userid-20", "img_w": 1100, "img_h": 770, "object_divisions": [0, 15, 22, 26, 33], "scene_strokes": [[802.421875, 212.703125, 0.0], [-3.0, 132.0, 0.0], [-12.0, 104.0, 0.0], [3.0, 28.0, 0.0], [10.0, 10.0, 0.0], [16.0, 0.0, 0.0], [53.0, -11.0, 0.0], [26.0, -2.0, 0.0], [32.0, 2.0, 0.0], [50.0, 9.0, 0.0], [12.0, -1.0, 0.0], [7.0, -4.0, 0.0], [14.0, -24.0, 0.0], [9.0, -42.0, 0.0], [22.0, -181.0, 0.0], [-5.0, -8.0, 0.0], [-11.0, -6.0, 0.0], [-75.0, -16.0, 0.0], [-101.0, -5.0, 0.0], [-72.0, 7.0, 1.0], [-224.0, -154.0, 0.0], [-2.0, 31.0, 0.0], [4.0, 44.0, 1.0], [3.0, 77.0, 0.0], [4.0, 51.0, 1.0], [0.0, 73.0, 0.0], [2.0, 63.0, 1.0], [-4.0, 86.0, 0.0], [3.0, 62.0, 1.0], [-2.0, 80.0, 0.0], [-1.0, 15.0, 0.0], [6.0, 30.0, 1.0], [6.0, 36.0, 0.0], [14.0, 1.0, 0.0], [26.0, -8.0, 1.0], [66.0, 1.0, 0.0], [30.0, 2.0, 0.0], [17.0, -3.0, 1.0], [65.0, 9.0, 0.0], [17.0, 4.0, 0.0], [43.0, -1.0, 1.0], [70.0, 13.0, 0.0], [43.0, 7.0, 1.0], [39.0, 15.0, 0.0], [14.0, 5.0, 0.0], [26.0, -5.0, 1.0], [-245.0, -543.0, 0.0], [41.0, -38.0, 0.0], [62.0, -71.0, 0.0], [14.0, -10.0, 0.0], [16.0, -2.0, 0.0], [24.0, 14.0, 0.0], [42.0, 47.0, 0.0], [42.0, 60.0, 0.0], [32.0, 56.0, 1.0], [-209.0, 221.0, 0.0], [-6.0, -63.0, 0.0], [5.0, -15.0, 0.0], [13.0, -10.0, 0.0], [12.0, -4.0, 0.0], [34.0, 5.0, 0.0], [15.0, 9.0, 0.0], [5.0, 7.0, 0.0], [8.0, 24.0, 0.0], [-4.0, 61.0, 0.0], [-5.0, 19.0, 1.0], [-114.0, -270.0, 0.0], [32.0, -1.0, 0.0], [23.0, 6.0, 0.0], [5.0, 6.0, 0.0], [6.0, 34.0, 0.0], [5.0, 58.0, 0.0], [-2.0, 8.0, 0.0], [-18.0, 1.0, 0.0], [-30.0, -11.0, 0.0], [-13.0, -11.0, 0.0], [-7.0, -11.0, 0.0], [-5.0, -18.0, 0.0], [-2.0, -25.0, 0.0], [5.0, -34.0, 0.0], [4.0, -8.0, 0.0], [4.0, -1.0, 1.0], [134.0, 16.0, 0.0], [0.0, 32.0, 0.0], [-17.0, 51.0, 0.0], [11.0, 9.0, 0.0], [34.0, 16.0, 0.0], [22.0, 6.0, 0.0], [8.0, -8.0, 0.0], [0.0, -104.0, 0.0], [-8.0, -7.0, 0.0], [-21.0, -6.0, 0.0], [-56.0, 2.0, 1.0], [-493.578125, 21.703125, 0.0], [-8.0, 0.0, 0.0], [-10.0, 5.0, 0.0], [-23.0, 21.0, 0.0], [-8.0, 22.0, 0.0], [0.0, 12.0, 0.0], [5.0, 12.0, 0.0], [15.0, 16.0, 0.0], [27.0, 11.0, 0.0], [26.0, -2.0, 0.0], [23.0, -13.0, 0.0], [8.0, -18.0, 0.0], [3.0, -17.0, 0.0], [-1.0, -9.0, 0.0], [-11.0, -21.0, 0.0], [-11.0, -10.0, 0.0], [-16.0, -6.0, 0.0], [-20.0, 4.0, 0.0], [-15.0, 14.0, 1.0], [17.0, 80.0, 0.0], [-5.0, 49.0, 0.0], [1.0, 71.0, 0.0], [-79.0, 69.0, 1.0], [76.0, -56.0, 0.0], [40.0, 79.0, 0.0], [6.0, 7.0, 0.0], [7.0, 2.0, 1.0], [-65.0, -213.0, 0.0], [-34.0, 24.0, 0.0], [-20.0, 19.0, 1.0], [78.0, -50.0, 0.0], [7.0, 5.0, 0.0], [22.0, 33.0, 0.0], [20.0, 21.0, 1.0], [-66.0, -166.0, 0.0], [-24.0, 0.0, 0.0], [-17.0, 5.0, 0.0], [-29.0, 18.0, 0.0], [-21.0, 22.0, 0.0], [-10.0, 16.0, 0.0], [-23.0, 55.0, 0.0], [-16.0, 21.0, 0.0], [-18.0, 8.0, 0.0], [-12.0, 1.0, 0.0], [-7.0, -7.0, 1.0], [166.0, -144.0, 0.0], [21.0, -8.0, 0.0], [18.0, 3.0, 0.0], [59.0, 36.0, 0.0], [36.0, 14.0, 0.0], [56.0, 3.0, 0.0], [22.0, -6.0, 1.0], [-138.578125, 131.703125, 0.0], [5.0, -4.0, 0.0], [-14.0, 9.0, 0.0], [19.0, -8.0, 0.0], [-19.0, 9.0, 0.0], [14.0, -10.0, 0.0], [14.0, -3.0, 0.0], [-25.0, 10.0, 0.0], [15.0, -6.0, 0.0], [-19.0, 10.0, 0.0], [22.0, -10.0, 0.0], [-24.0, 12.0, 1.0], [34.0, -3.0, 0.0], [-9.0, -21.0, 0.0], [1.0, -15.0, 0.0], [17.0, -11.0, 0.0], [24.0, 0.0, 0.0], [14.0, 7.0, 0.0], [7.0, 8.0, 0.0], [4.0, 14.0, 0.0], [-5.0, 8.0, 0.0], [-16.0, 10.0, 0.0], [-13.0, 4.0, 0.0], [-16.0, 0.0, 0.0], [-13.0, -6.0, 1.0], [8.0, -26.0, 0.0], [23.0, -4.0, 0.0], [14.0, 0.0, 0.0], [8.0, 4.0, 0.0], [-2.0, 14.0, 0.0], [-13.0, 6.0, 0.0], [-25.0, -2.0, 0.0], [-5.0, -5.0, 0.0], [0.0, -13.0, 0.0], [2.0, 4.0, 1.0], [33.0, 1.0, 0.0], [-3.0, -3.0, 0.0], [-14.0, 2.0, 0.0], [-6.0, 3.0, 0.0], [0.0, 5.0, 0.0], [14.0, -3.0, 1.0], [97.421875, 205.703125, 0.0], [2.0, -33.0, 0.0], [10.0, -12.0, 0.0], [14.0, -2.0, 0.0], [10.0, 10.0, 0.0], [4.0, 12.0, 0.0], [1.0, 14.0, 0.0], [-4.0, 10.0, 0.0], [-6.0, 4.0, 0.0], [-22.0, -1.0, 0.0], [-10.0, -9.0, 1.0], [81.0, -22.0, 0.0], [-1.0, 27.0, 0.0], [10.0, 15.0, 0.0], [11.0, -2.0, 0.0], [10.0, -6.0, 0.0], [10.0, -12.0, 0.0], [4.0, -18.0, 0.0], [-3.0, -15.0, 0.0], [-11.0, -11.0, 0.0], [-18.0, -3.0, 0.0], [-10.0, 4.0, 1.0], [-79.0, 4.0, 0.0], [-8.0, 3.0, 0.0], [-9.0, -1.0, 0.0], [-12.0, -12.0, 0.0], [-1.0, -20.0, 0.0], [7.0, -11.0, 0.0], [18.0, -6.0, 0.0], [17.0, 0.0, 0.0], [34.0, -14.0, 0.0], [41.0, -6.0, 0.0], [15.0, 3.0, 0.0], [21.0, -2.0, 0.0], [33.0, 10.0, 0.0], [9.0, 34.0, 0.0], [0.0, 6.0, 0.0], [-5.0, 5.0, 0.0], [-42.0, 13.0, 0.0], [-54.0, -6.0, 0.0], [-67.0, 2.0, 0.0], [-34.0, 5.0, 1.0], [169.0, -61.0, 0.0], [-8.0, 8.0, 0.0], [-10.0, 34.0, 0.0], [2.0, 10.0, 0.0], [4.0, 4.0, 0.0], [8.0, 1.0, 1.0], [7.0, -39.0, 0.0], [1.0, -1.0, 1.0], [-4.0, 25.0, 0.0], [22.0, -4.0, 1.0], [-163.0, -18.0, 0.0], [15.0, -2.0, 0.0], [5.0, 19.0, 0.0], [-8.0, 15.0, 0.0], [-24.0, 9.0, 1.0]], "gt_class_names": ["barn", "yoga", "popsicle", "sheep"]}