{"img_id": "sceneid-45-userid-86", "img_w": 1100, "img_h": 770, "object_divisions": [0, 16, 24, 27, 29, 36], "scene_strokes": [[628.0, 196.703125, 0.0], [10.0, 5.0, 0.0], [8.0, 12.0, 0.0], [24.0, 69.0, 0.0], [8.0, 13.0, 0.0], [8.0, 6.0, 0.0], [25.0, 3.0, 0.0], [36.0, -7.0, 0.0], [32.0, -1.0, 0.0], [43.0, 4.0, 0.0], [42.0, 10.0, 0.0], [61.0, 2.0, 0.0], [22.0, 6.0, 0.0], [34.0, -1.0, 0.0], [20.0, -7.0, 0.0], [24.0, -18.0, 0.0], [11.0, -15.0, 0.0], [23.0, -47.0, 0.0], [12.0, -48.0, 0.0], [-36.0, 25.0, 0.0], [-32.0, 10.0, 0.0], [-4.0, 0.0, 0.0], [3.0, -2.0, 1.0], [67.0, -35.0, 0.0], [5.0, 0.0, 0.0], [-1.0, -5.0, 0.0], [-23.0, -10.0, 0.0], [-22.0, -5.0, 0.0], [-19.0, 0.0, 1.0], [0.0, 27.0, 0.0], [2.0, -43.0, 0.0], [-5.0, -24.0, 0.0], [-6.0, -13.0, 0.0], [-49.0, -11.0, 0.0], [-73.0, -4.0, 0.0], [-116.0, 8.0, 0.0], [-15.0, 27.0, 0.0], [-14.0, 54.0, 0.0], [2.0, 1.0, 1.0], [259.0, -71.0, 0.0], [-1.0, -1.0, 1.0], [-5.0, 13.0, 0.0], [-45.0, -7.0, 0.0], [-46.0, -1.0, 0.0], [-58.0, -7.0, 0.0], [-32.0, 0.0, 0.0], [-28.0, 5.0, 0.0], [-9.0, 3.0, 0.0], [-7.0, 8.0, 0.0], [-4.0, 61.0, 0.0], [79.0, 0.0, 0.0], [93.0, 10.0, 0.0], [58.0, -2.0, 0.0], [14.0, -5.0, 0.0], [4.0, -8.0, 0.0], [-9.0, -43.0, 0.0], [-8.0, -7.0, 1.0], [9.0, 20.0, 0.0], [-210.0, -10.0, 0.0], [-25.0, 3.0, 1.0], [-2.0, 26.0, 0.0], [99.0, 0.0, 0.0], [72.0, 7.0, 0.0], [78.0, 1.0, 1.0], [-226.0, -59.0, 0.0], [-2.0, 19.0, 0.0], [3.0, 60.0, 1.0], [30.0, -73.0, 0.0], [0.0, 69.0, 1.0], [24.0, -72.0, 0.0], [7.0, 81.0, 0.0], [2.0, -8.0, 1.0], [21.0, -68.0, 0.0], [6.0, 74.0, 1.0], [25.0, -73.0, 0.0], [11.0, 72.0, 0.0], [2.0, 2.0, 0.0], [1.0, -4.0, 1.0], [26.0, -73.0, 0.0], [13.0, 78.0, 1.0], [33.0, -64.0, 0.0], [8.0, 74.0, 1.0], [-252.0, -61.0, 0.0], [-29.0, -10.0, 0.0], [-30.0, 4.0, 0.0], [-19.0, 7.0, 0.0], [-28.0, 20.0, 0.0], [-20.0, 21.0, 0.0], [1.0, 3.0, 0.0], [3.0, -2.0, 1.0], [388.0, 25.0, 0.0], [-164.0, 15.0, 0.0], [-52.0, 0.0, 0.0], [-80.0, -12.0, 0.0], [-88.0, -27.0, 0.0], [-28.0, -5.0, 1.0], [-159.0, 56.703125, 0.0], [7.0, -4.0, 0.0], [-1.0, -7.0, 0.0], [7.0, -10.0, 0.0], [7.0, -1.0, 0.0], [5.0, 6.0, 0.0], [-1.0, 11.0, 0.0], [-21.0, 15.0, 1.0], [-3.0, 6.0, 0.0], [19.0, 8.0, 0.0], [30.0, 0.0, 0.0], [7.0, 6.0, 0.0], [-1.0, 5.0, 0.0], [-9.0, 6.0, 0.0], [-43.0, -3.0, 1.0], [-15.0, -40.0, 0.0], [-1.0, -18.0, 0.0], [-16.0, -37.0, 0.0], [-8.0, -10.0, 0.0], [-8.0, -1.0, 0.0], [-11.0, 4.0, 0.0], [-3.0, 9.0, 0.0], [3.0, 7.0, 0.0], [19.0, 19.0, 0.0], [0.0, 32.0, 1.0], [39.0, -2.0, 0.0], [-6.0, -2.0, 0.0], [-7.0, 3.0, 1.0], [-23.0, 68.0, 0.0], [8.0, 1.0, 0.0], [7.0, -3.0, 0.0], [19.0, -30.0, 0.0], [1.0, -12.0, 0.0], [-8.0, -14.0, 0.0], [-17.0, -12.0, 0.0], [-23.0, -8.0, 0.0], [-28.0, -1.0, 0.0], [-19.0, 8.0, 0.0], [-12.0, 12.0, 0.0], [-3.0, 15.0, 0.0], [5.0, 19.0, 0.0], [17.0, 17.0, 0.0], [18.0, 7.0, 0.0], [42.0, 2.0, 0.0], [17.0, -9.0, 0.0], [6.0, -11.0, 1.0], [-69.0, 16.0, 0.0], [-11.0, 20.0, 0.0], [0.0, 5.0, 0.0], [5.0, 1.0, 0.0], [18.0, -18.0, 0.0], [0.0, -11.0, 1.0], [-52.0, -68.0, 0.0], [-11.0, -10.0, 0.0], [-12.0, -1.0, 0.0], [-9.0, 5.0, 0.0], [-1.0, 8.0, 0.0], [10.0, 11.0, 0.0], [23.0, 10.0, 0.0], [9.0, -2.0, 1.0], [-14.0, -31.0, 0.0], [23.0, 18.0, 1.0], [-311.0, 102.703125, 0.0], [13.0, -35.0, 0.0], [25.0, -34.0, 0.0], [27.0, -18.0, 0.0], [44.0, -13.0, 1.0], [-91.0, 35.0, 0.0], [-17.0, -4.0, 0.0], [-9.0, 1.0, 0.0], [-21.0, 5.0, 0.0], [-14.0, 7.0, 0.0], [37.0, 27.0, 0.0], [16.0, 6.0, 1.0], [99.0, -72.0, 0.0], [9.0, 2.0, 0.0], [-13.0, 25.0, 0.0], [6.0, 0.0, 0.0], [15.0, -15.0, 0.0], [3.0, 0.0, 0.0], [0.0, 6.0, 0.0], [-33.0, 51.0, 0.0], [-12.0, 12.0, 0.0], [-28.0, 15.0, 0.0], [-13.0, 15.0, 0.0], [-33.0, 66.0, 0.0], [6.0, 18.0, 0.0], [-3.0, 13.0, 0.0], [-16.0, -2.0, 0.0], [-8.0, -8.0, 0.0], [-11.0, -25.0, 0.0], [3.0, -4.0, 0.0], [-3.0, -16.0, 0.0], [-9.0, -3.0, 0.0], [3.0, -11.0, 0.0], [6.0, -6.0, 0.0], [10.0, -4.0, 0.0], [11.0, -12.0, 0.0], [5.0, -1.0, 0.0], [4.0, -25.0, 1.0], [148.0, -1.296875, 0.0], [-23.0, 19.0, 0.0], [-25.0, 36.0, 0.0], [-9.0, 27.0, 0.0], [-4.0, 40.0, 0.0], [-2.0, 2.0, 0.0], [-29.0, -5.0, 0.0], [-12.0, 4.0, 0.0], [-9.0, 9.0, 0.0], [-2.0, 8.0, 0.0], [7.0, 10.0, 0.0], [5.0, 3.0, 0.0], [23.0, 1.0, 0.0], [9.0, 20.0, 0.0], [12.0, 5.0, 0.0], [9.0, -2.0, 0.0], [7.0, -13.0, 0.0], [3.0, -32.0, 0.0], [19.0, -45.0, 0.0], [9.0, -14.0, 0.0], [19.0, -15.0, 0.0], [28.0, -14.0, 0.0], [24.0, -19.0, 0.0], [0.0, -9.0, 0.0], [-6.0, -4.0, 0.0], [-29.0, 6.0, 0.0], [11.0, -20.0, 0.0], [2.0, -11.0, 0.0], [-4.0, -8.0, 0.0], [-11.0, 2.0, 0.0], [-33.0, 24.0, 1.0], [-22.0, 20.0, 0.0], [-22.0, 9.0, 0.0], [-40.0, 38.0, 0.0], [11.0, -3.0, 0.0], [26.0, 1.0, 1.0], [-124.0, -166.296875, 0.0], [10.0, -8.0, 0.0], [7.0, -1.0, 0.0], [26.0, 7.0, 0.0], [24.0, 13.0, 0.0], [16.0, -4.0, 1.0], [122.0, 16.0, 0.0], [30.0, -8.0, 0.0], [16.0, 3.0, 0.0], [19.0, 9.0, 0.0], [33.0, 6.0, 0.0], [29.0, -7.0, 1.0], [156.0, -27.0, 0.0], [81.0, -18.0, 0.0], [13.0, 0.0, 0.0], [16.0, 5.0, 0.0], [26.0, 16.0, 0.0], [16.0, 6.0, 0.0], [34.0, -3.0, 1.0], [397.0, 207.0, 0.0], [-27.0, -26.0, 0.0], [-24.0, -16.0, 0.0], [-35.0, -8.0, 0.0], [-20.0, 2.0, 0.0], [-58.0, 23.0, 0.0], [-14.0, 2.0, 0.0], [-102.0, -12.0, 0.0], [-39.0, 4.0, 1.0], [-186.0, 27.0, 0.0], [-23.0, -24.0, 0.0], [-15.0, -8.0, 0.0], [-19.0, -3.0, 0.0], [-13.0, 5.0, 0.0], [-38.0, 32.0, 0.0], [-31.0, 18.0, 0.0], [-29.0, 10.0, 0.0], [-65.0, 9.0, 0.0], [-29.0, 11.0, 0.0], [-25.0, 16.0, 1.0], [249.0, 83.0, 0.0], [-28.0, -17.0, 0.0], [-25.0, 0.0, 0.0], [-13.0, 7.0, 0.0], [-27.0, 28.0, 0.0], [-20.0, 13.0, 0.0], [-36.0, 5.0, 0.0], [-79.0, 1.0, 0.0], [-40.0, 14.0, 0.0], [-39.0, 19.0, 1.0], [-127.0, 0.0, 0.0], [-16.0, -22.0, 0.0], [-12.0, -7.0, 0.0], [-22.0, -8.0, 0.0], [-31.0, -2.0, 0.0], [-13.0, 2.0, 0.0], [-17.0, 8.0, 0.0], [-45.0, 32.0, 1.0]], "gt_class_names": ["cruise ship", "sea turtle", "dolphin", "dolphin", "ocean"]}