{"img_id": "sceneid-148-userid-64", "img_w": 1100, "img_h": 770, "object_divisions": [0, 5, 9, 16, 23, 28, 35, 38, 41, 51, 62], "scene_strokes": [[34.421875, 130.703125, 0.0], [4.0, 22.0, 0.0], [13.0, 29.0, 0.0], [87.0, 170.0, 0.0], [87.0, 131.0, 0.0], [46.0, 84.0, 0.0], [38.0, 60.0, 0.0], [16.0, 20.0, 0.0], [10.0, 3.0, 0.0], [3.0, 41.0, 0.0], [3.0, 11.0, 0.0], [3.0, 1.0, 0.0], [26.0, -22.0, 0.0], [116.0, -126.0, 0.0], [45.0, -36.0, 0.0], [110.0, -77.0, 0.0], [126.0, -98.0, 0.0], [55.0, -37.0, 0.0], [21.0, -23.0, 0.0], [-2.0, -11.0, 0.0], [-33.0, -52.0, 0.0], [-12.0, -30.0, 0.0], [-78.0, -117.0, 0.0], [-17.0, -20.0, 0.0], [-10.0, -24.0, 1.0], [-628.0, 72.0, 0.0], [57.0, -54.0, 0.0], [51.0, -38.0, 1.0], [417.0, 466.0, 0.0], [-45.0, -96.0, 0.0], [-108.0, -194.0, 1.0], [-270.0, 214.0, 0.0], [88.0, -85.0, 0.0], [86.0, -69.0, 0.0], [91.0, -59.0, 0.0], [196.0, -111.0, 1.0], [-205.0, 101.0, 0.0], [-10.0, -27.0, 0.0], [-80.0, -120.0, 0.0], [-5.0, -20.0, 1.0], [-62.578125, 486.703125, 0.0], [15.0, -53.0, 0.0], [17.0, -45.0, 0.0], [12.0, -28.0, 0.0], [18.0, -30.0, 0.0], [2.0, 5.0, 0.0], [-22.0, 100.0, 0.0], [-3.0, 40.0, 0.0], [2.0, 41.0, 0.0], [5.0, 6.0, 0.0], [7.0, -12.0, 0.0], [39.0, -106.0, 0.0], [12.0, -25.0, 0.0], [13.0, -13.0, 0.0], [3.0, 8.0, 0.0], [-2.0, 23.0, 0.0], [-15.0, 102.0, 0.0], [-1.0, 61.0, 0.0], [40.0, -111.0, 0.0], [12.0, -26.0, 0.0], [15.0, -20.0, 0.0], [5.0, 4.0, 0.0], [0.0, 20.0, 0.0], [-12.0, 87.0, 0.0], [0.0, 29.0, 0.0], [38.0, -84.0, 0.0], [18.0, -23.0, 0.0], [6.0, 4.0, 0.0], [7.0, 49.0, 1.0], [39.0, -178.0, 0.0], [1.0, -11.0, 0.0], [29.0, -88.0, 0.0], [21.0, -45.0, 0.0], [15.0, -24.0, 0.0], [-24.0, 83.0, 0.0], [-10.0, 67.0, 0.0], [-1.0, 29.0, 0.0], [5.0, 4.0, 0.0], [43.0, -107.0, 0.0], [14.0, -24.0, 0.0], [13.0, -14.0, 0.0], [4.0, 4.0, 0.0], [0.0, 17.0, 0.0], [-11.0, 114.0, 0.0], [5.0, 10.0, 0.0], [23.0, -36.0, 0.0], [42.0, -55.0, 0.0], [15.0, -14.0, 0.0], [17.0, -5.0, 0.0], [5.0, 10.0, 0.0], [1.0, 23.0, 0.0], [-5.0, 47.0, 0.0], [1.0, 41.0, 0.0], [9.0, -1.0, 0.0], [13.0, -14.0, 1.0], [-250.0, -65.0, 0.0], [1.0, -15.0, 0.0], [12.0, -32.0, 0.0], [31.0, -48.0, 0.0], [27.0, -27.0, 0.0], [14.0, -8.0, 0.0], [12.0, 3.0, 0.0], [3.0, 20.0, 0.0], [5.0, 11.0, 0.0], [8.0, -1.0, 0.0], [56.0, -30.0, 0.0], [13.0, -2.0, 0.0], [8.0, 6.0, 0.0], [1.0, 12.0, 1.0], [-232.0, 271.0, 0.0], [3.0, -18.0, 0.0], [1.0, -58.0, 0.0], [-10.0, -2.0, 0.0], [-59.0, 58.0, 0.0], [-9.0, 5.0, 0.0], [-2.0, -19.0, 0.0], [17.0, -84.0, 0.0], [-6.0, -8.0, 0.0], [-12.0, 4.0, 0.0], [-19.0, 17.0, 0.0], [-36.0, 47.0, 0.0], [-39.0, 71.0, 1.0], [134.421875, -124.296875, 0.0], [-33.0, -62.0, 0.0], [-13.0, -14.0, 1.0], [-46.0, -21.0, 0.0], [-44.0, 2.0, 0.0], [-7.0, -3.0, 0.0], [-10.0, -12.0, 0.0], [-5.0, -23.0, 0.0], [6.0, -19.0, 0.0], [2.0, -32.0, 0.0], [7.0, 1.0, 0.0], [20.0, -13.0, 0.0], [7.0, 0.0, 0.0], [16.0, 16.0, 0.0], [5.0, -2.0, 0.0], [16.0, -25.0, 0.0], [2.0, 9.0, 0.0], [15.0, 11.0, 0.0], [4.0, 9.0, 0.0], [12.0, 1.0, 0.0], [6.0, -9.0, 0.0], [-7.0, 44.0, 1.0], [12.0, 50.0, 0.0], [39.0, 34.0, 0.0], [14.0, 21.0, 0.0], [13.0, 28.0, 0.0], [20.0, 25.0, 1.0], [-130.0, -135.0, 0.0], [-15.0, -10.0, 0.0], [-17.0, -5.0, 0.0], [-17.0, -16.0, 1.0], [52.0, 18.0, 0.0], [-10.0, -13.0, 0.0], [0.0, -21.0, 1.0], [15.0, 30.0, 0.0], [11.0, -36.0, 1.0], [9.0, 30.0, 0.0], [3.0, -8.0, 1.0], [-220.578125, 198.703125, 0.0], [-3.0, 1.0, 0.0], [-2.0, -3.0, 0.0], [-4.0, -15.0, 0.0], [-3.0, -38.0, 0.0], [4.0, -67.0, 0.0], [13.0, -65.0, 0.0], [13.0, -48.0, 0.0], [27.0, -72.0, 0.0], [28.0, -59.0, 0.0], [17.0, -26.0, 1.0], [-76.0, 391.0, 0.0], [-5.0, -16.0, 0.0], [-1.0, -56.0, 0.0], [7.0, -60.0, 0.0], [10.0, -49.0, 0.0], [11.0, -34.0, 0.0], [28.0, -65.0, 0.0], [48.0, -79.0, 0.0], [15.0, -32.0, 1.0], [-100.0, 361.0, 0.0], [6.0, -64.0, 0.0], [10.0, -58.0, 0.0], [32.0, -100.0, 0.0], [31.0, -65.0, 0.0], [15.0, -23.0, 0.0], [22.0, -29.0, 0.0], [9.0, -7.0, 0.0], [0.0, 7.0, 1.0], [-108.0, 335.0, 0.0], [2.0, -41.0, 0.0], [16.0, -74.0, 0.0], [37.0, -111.0, 0.0], [16.0, -37.0, 0.0], [25.0, -40.0, 0.0], [15.0, -17.0, 0.0], [15.0, -7.0, 1.0], [-113.0, 333.0, 0.0], [0.0, -30.0, 0.0], [6.0, -29.0, 0.0], [28.0, -96.0, 0.0], [42.0, -84.0, 0.0], [41.0, -67.0, 1.0], [10.0, -18.0, 0.0], [26.0, -19.0, 0.0], [18.0, -5.0, 1.0], [-263.0, 317.0, 0.0], [0.0, -40.0, 0.0], [4.0, -32.0, 0.0], [33.0, -114.0, 0.0], [32.0, -84.0, 0.0], [18.0, -34.0, 0.0], [32.0, -43.0, 1.0], [743.421875, 323.703125, 0.0], [-3.0, -6.0, 0.0], [-17.0, -10.0, 0.0], [-16.0, 3.0, 0.0], [-9.0, 5.0, 0.0], [-24.0, 31.0, 0.0], [-11.0, 34.0, 0.0], [-5.0, 38.0, 0.0], [7.0, 39.0, 0.0], [10.0, 10.0, 0.0], [12.0, -1.0, 0.0], [25.0, -18.0, 0.0], [45.0, -46.0, 0.0], [28.0, -39.0, 0.0], [7.0, -20.0, 0.0], [-5.0, -16.0, 0.0], [-17.0, -10.0, 0.0], [-44.0, -1.0, 0.0], [-16.0, 3.0, 1.0], [-28.0, 147.0, 0.0], [6.0, 36.0, 0.0], [-1.0, 75.0, 0.0], [-4.0, 32.0, 0.0], [-23.0, 7.0, 0.0], [-40.0, 25.0, 0.0], [-52.0, 51.0, 0.0], [-11.0, 14.0, 0.0], [8.0, -4.0, 1.0], [104.0, -79.0, 0.0], [16.0, 26.0, 0.0], [21.0, 46.0, 0.0], [16.0, 54.0, 1.0], [-43.0, -240.0, 0.0], [-83.0, 95.0, 0.0], [-21.0, 16.0, 0.0], [2.0, -9.0, 1.0], [104.0, -110.0, 0.0], [30.0, 40.0, 0.0], [37.0, 61.0, 0.0], [13.0, 13.0, 1.0], [30.421875, -306.296875, 0.0], [-21.0, -12.0, 0.0], [-44.0, -8.0, 0.0], [-32.0, -2.0, 0.0], [-27.0, 3.0, 0.0], [-43.0, 13.0, 0.0], [-18.0, 16.0, 0.0], [0.0, 8.0, 0.0], [11.0, 8.0, 0.0], [15.0, 3.0, 0.0], [101.0, 3.0, 0.0], [41.0, -4.0, 0.0], [12.0, -8.0, 0.0], [-2.0, -8.0, 0.0], [-29.0, -19.0, 1.0], [-62.0, 13.0, 0.0], [2.0, -29.0, 0.0], [5.0, -11.0, 0.0], [17.0, -16.0, 0.0], [11.0, -3.0, 0.0], [20.0, 1.0, 0.0], [14.0, 5.0, 0.0], [13.0, 9.0, 0.0], [12.0, 18.0, 0.0], [3.0, 13.0, 0.0], [-6.0, 29.0, 0.0], [-14.0, 12.0, 1.0], [-23.0, -91.0, 0.0], [5.0, -20.0, 1.0], [-8.0, -6.0, 0.0], [-17.0, -12.0, 0.0], [-6.0, 1.0, 0.0], [4.0, 15.0, 0.0], [12.0, 6.0, 0.0], [7.0, 0.0, 0.0], [4.0, -10.0, 0.0], [-9.0, -4.0, 0.0], [-8.0, 1.0, 1.0], [22.0, -4.0, 0.0], [19.0, -5.0, 0.0], [7.0, 1.0, 0.0], [2.0, 4.0, 0.0], [-8.0, 4.0, 0.0], [-25.0, 2.0, 0.0], [-4.0, 1.0, 0.0], [1.0, 2.0, 1.0], [12.0, -2.0, 0.0], [22.0, 2.0, 0.0], [11.0, 9.0, 0.0], [-21.0, 4.0, 0.0], [-32.0, -5.0, 1.0], [7.0, -12.0, 0.0], [-3.0, 6.0, 0.0], [5.0, 11.0, 0.0], [8.0, 1.0, 0.0], [3.0, -4.0, 0.0], [-1.0, -8.0, 0.0], [-4.0, -3.0, 1.0], [-47.578125, 150.703125, 0.0], [4.0, -2.0, 1.0], [37.0, -4.0, 0.0], [-1.0, -2.0, 1.0], [-48.0, 36.0, 0.0], [6.0, 14.0, 0.0], [10.0, 5.0, 0.0], [15.0, -9.0, 0.0], [4.0, -6.0, 0.0], [0.0, -11.0, 1.0], [-152.578125, 222.703125, 0.0], [-12.0, -35.0, 0.0], [-9.0, -11.0, 0.0], [14.0, 28.0, 0.0], [-11.0, -29.0, 0.0], [14.0, 41.0, 0.0], [-3.0, -17.0, 0.0], [-6.0, -13.0, 0.0], [-2.0, 14.0, 1.0], [24.0, 10.0, 0.0], [-15.0, -16.0, 0.0], [-13.0, -24.0, 0.0], [-1.0, 7.0, 0.0], [5.0, 15.0, 0.0], [14.0, 24.0, 0.0], [-25.0, -49.0, 0.0], [1.0, 10.0, 0.0], [12.0, 26.0, 0.0], [9.0, 9.0, 0.0], [-15.0, -48.0, 0.0], [11.0, 36.0, 0.0], [15.0, 14.0, 0.0], [-21.0, -42.0, 0.0], [3.0, 18.0, 0.0], [7.0, 17.0, 0.0], [10.0, 13.0, 0.0], [-25.0, -57.0, 0.0], [-3.0, 3.0, 0.0], [0.0, 7.0, 0.0], [11.0, 36.0, 0.0], [-19.0, -45.0, 0.0], [29.0, 49.0, 0.0], [-20.0, -41.0, 0.0], [20.0, 37.0, 0.0], [-15.0, -20.0, 0.0], [-15.0, -31.0, 0.0], [15.0, 38.0, 0.0], [18.0, 17.0, 0.0], [-18.0, -38.0, 0.0], [-8.0, -10.0, 0.0], [26.0, 52.0, 0.0], [-13.0, -44.0, 0.0], [7.0, 24.0, 1.0], [-23.0, -40.0, 0.0], [2.0, -26.0, 0.0], [-4.0, -7.0, 0.0], [-12.0, 0.0, 0.0], [-12.0, 16.0, 0.0], [0.0, 12.0, 0.0], [5.0, 12.0, 0.0], [10.0, 4.0, 0.0], [13.0, 2.0, 0.0], [9.0, -4.0, 0.0], [6.0, -8.0, 0.0], [0.0, -11.0, 0.0], [-6.0, -10.0, 0.0], [-8.0, -6.0, 0.0], [-10.0, -3.0, 0.0], [-9.0, 3.0, 0.0], [0.0, 21.0, 0.0], [7.0, 8.0, 0.0], [14.0, -2.0, 0.0], [14.0, -9.0, 0.0], [6.0, -8.0, 0.0], [-1.0, -6.0, 0.0], [-6.0, -5.0, 0.0], [-13.0, 6.0, 0.0], [-8.0, 12.0, 0.0], [2.0, 10.0, 0.0], [7.0, 0.0, 0.0], [11.0, -14.0, 0.0], [-8.0, -1.0, 0.0], [-10.0, 12.0, 0.0], [0.0, 8.0, 0.0], [3.0, -5.0, 0.0], [-12.0, -1.0, 0.0], [-3.0, -11.0, 0.0], [14.0, 2.0, 0.0], [5.0, 5.0, 0.0], [-4.0, 8.0, 