{"img_id": "sceneid-134-userid-58", "img_w": 1100, "img_h": 770, "object_divisions": [0, 6, 10, 12, 13, 15, 17, 18, 19], "scene_strokes": [[650.0, 310.703125, 0.0], [-9.0, 15.0, 0.0], [0.0, 11.0, 0.0], [8.0, 9.0, 0.0], [19.0, 4.0, 0.0], [12.0, -2.0, 0.0], [18.0, -11.0, 0.0], [8.0, -18.0, 0.0], [-4.0, -14.0, 0.0], [-14.0, -7.0, 0.0], [-12.0, -1.0, 0.0], [-26.0, 5.0, 0.0], [-9.0, 4.0, 0.0], [-2.0, 4.0, 1.0], [34.0, -4.0, 0.0], [-4.0, -6.0, 0.0], [-2.0, 8.0, 1.0], [15.0, -1.0, 0.0], [8.0, -3.0, 0.0], [-6.0, 10.0, 0.0], [11.0, -3.0, 0.0], [-7.0, 2.0, 1.0], [-2.0, 13.0, 0.0], [2.0, 3.0, 0.0], [-2.0, -4.0, 0.0], [-4.0, 0.0, 0.0], [6.0, 5.0, 1.0], [-16.0, -3.0, 0.0], [-3.0, 11.0, 0.0], [1.0, -4.0, 0.0], [-2.0, 1.0, 1.0], [-13.0, -18.0, 0.0], [-3.0, 4.0, 0.0], [4.0, 0.0, 0.0], [-6.0, 5.0, 1.0], [-240.0, -42.296875, 0.0], [-10.0, 5.0, 0.0], [-13.0, 13.0, 0.0], [-7.0, 13.0, 0.0], [-1.0, 15.0, 0.0], [6.0, 16.0, 0.0], [11.0, 7.0, 0.0], [15.0, 1.0, 0.0], [20.0, -5.0, 0.0], [37.0, -26.0, 0.0], [19.0, -27.0, 0.0], [0.0, -19.0, 0.0], [-7.0, -11.0, 0.0], [-8.0, -5.0, 0.0], [-34.0, -1.0, 0.0], [-36.0, 12.0, 0.0], [-4.0, 4.0, 0.0], [-1.0, 9.0, 1.0], [40.0, -11.0, 0.0], [3.0, 4.0, 0.0], [7.0, -6.0, 0.0], [-1.0, -4.0, 0.0], [-3.0, 0.0, 0.0], [-8.0, 8.0, 0.0], [1.0, 3.0, 0.0], [6.0, -8.0, 0.0], [-12.0, 3.0, 0.0], [8.0, -2.0, 1.0], [-40.0, 64.0, 0.0], [-7.0, 4.0, 0.0], [10.0, -2.0, 0.0], [3.0, -3.0, 0.0], [-4.0, -1.0, 0.0], [-2.0, 4.0, 1.0], [63.0, -26.0, 0.0], [-6.0, 10.0, 0.0], [-3.0, -4.0, 0.0], [-5.0, 0.0, 0.0], [1.0, 4.0, 1.0], [-146.0, -133.296875, 0.0], [3.0, 12.0, 0.0], [1.0, 66.0, 0.0], [-2.0, 142.0, 0.0], [-2.0, 52.0, 0.0], [-13.0, 128.0, 0.0], [88.0, -5.0, 0.0], [175.0, -18.0, 0.0], [74.0, -4.0, 0.0], [66.0, -1.0, 0.0], [113.0, 7.0, 1.0], [-510.0, -383.0, 0.0], [1.0, -6.0, 0.0], [11.0, 0.0, 0.0], [87.0, 9.0, 0.0], [240.0, 2.0, 0.0], [80.0, -4.0, 0.0], [49.0, -7.0, 0.0], [39.0, 293.0, 0.0], [2.0, 61.0, 0.0], [-8.0, 42.0, 1.0], [-371.0, -277.296875, 0.0], [-7.0, 10.0, 0.0], [-1.0, 5.0, 0.0], [3.0, 3.0, 0.0], [15.0, -5.0, 0.0], [7.0, -9.0, 0.0], [0.0, -10.0, 0.0], [-9.0, -2.0, 0.0], [-6.0, 4.0, 1.0], [-57.0, 216.703125, 0.0], [12.0, -18.0, 0.0], [11.0, -10.0, 0.0], [43.0, -23.0, 0.0], [-3.0, -14.0, 0.0], [6.0, -9.0, 0.0], [9.0, -5.0, 0.0], [10.0, -1.0, 0.0], [3.0, 13.0, 0.0], [-8.0, 13.0, 0.0], [-73.0, 47.0, 0.0], [-18.0, 4.0, 1.0], [86.0, -62.0, 0.0], [2.0, 2.0, 0.0], [2.0, -3.0, 0.0], [-4.0, 0.0, 0.0], [3.0, -2.0, 0.0], [-5.0, 3.0, 0.0], [5.0, -1.0, 1.0], [-49.0, 88.703125, 0.0], [55.0, -38.0, 0.0], [1.0, -10.0, 0.0], [6.0, -7.0, 0.0], [7.0, -4.0, 0.0], [7.0, 4.0, 0.0], [3.0, 14.0, 0.0], [-6.0, 8.0, 0.0], [-15.0, -1.0, 0.0], [-46.0, 26.0, 0.0], [-14.0, 4.0, 1.0], [67.0, -40.0, 0.0], [2.0, 0.0, 1.0], [94.0, 31.703125, 0.0], [-14.0, -41.0, 0.0], [5.0, -16.0, 0.0], [-5.0, -9.0, 0.0], [2.0, 17.0, 0.0], [4.0, -1.0, 0.0], [8.0, -26.0, 0.0], [1.0, 24.0, 0.0], [5.0, -22.0, 0.0], [-10.0, 33.0, 0.0], [4.0, 49.0, 1.0], [73.0, -15.296875, 0.0], [-3.0, -45.0, 0.0], [-14.0, -25.0, 0.0], [12.0, 17.0, 0.0], [0.0, -21.0, 0.0], [1.0, 26.0, 0.0], [10.0, -22.0, 0.0], [-12.0, 19.0, 0.0], [2.0, 3.0, 1.0]], "gt_class_names": ["drain", "plate", "table", "dirt", "spoon", "spoon", "fork", "fork"]}