{"img_id": "sceneid-52-userid-20", "img_w": 1100, "img_h": 770, "object_divisions": [0, 2, 3, 7, 8, 9, 13, 14], "scene_strokes": [[107.421875, 279.703125, 0.0], [8.0, 66.0, 0.0], [-4.0, 147.0, 0.0], [0.0, -210.0, 0.0], [-3.0, -7.0, 0.0], [11.0, -2.0, 0.0], [48.0, -5.0, 0.0], [127.0, -4.0, 0.0], [18.0, 0.0, 0.0], [14.0, 4.0, 0.0], [7.0, 7.0, 0.0], [9.0, 27.0, 0.0], [20.0, 147.0, 0.0], [-1.0, 7.0, 0.0], [-14.0, 10.0, 0.0], [-46.0, 11.0, 0.0], [-91.0, 7.0, 0.0], [-99.0, -3.0, 0.0], [-1.0, 66.0, 0.0], [-8.0, 83.0, 0.0], [0.0, 13.0, 0.0], [6.0, -2.0, 1.0], [253.0, -189.0, 0.0], [0.0, 152.0, 0.0], [5.0, 18.0, 0.0], [-2.0, 6.0, 0.0], [-3.0, -3.0, 1.0], [-213.578125, -309.296875, 0.0], [-16.0, 0.0, 0.0], [-5.0, -7.0, 0.0], [0.0, -15.0, 0.0], [13.0, -8.0, 0.0], [10.0, 2.0, 0.0], [10.0, 12.0, 0.0], [7.0, -1.0, 0.0], [3.0, -11.0, 0.0], [4.0, 7.0, 0.0], [2.0, -6.0, 0.0], [5.0, 8.0, 0.0], [8.0, -8.0, 0.0], [5.0, 6.0, 0.0], [2.0, -7.0, 0.0], [4.0, 5.0, 0.0], [4.0, -4.0, 0.0], [6.0, 4.0, 0.0], [13.0, -1.0, 0.0], [6.0, 10.0, 0.0], [-24.0, 11.0, 0.0], [-4.0, -4.0, 0.0], [-2.0, 14.0, 0.0], [-2.0, -7.0, 0.0], [-2.0, 6.0, 0.0], [-5.0, -9.0, 0.0], [-1.0, 9.0, 0.0], [-4.0, -9.0, 0.0], [-1.0, 6.0, 0.0], [-4.0, -6.0, 0.0], [0.0, 9.0, 0.0], [-3.0, -6.0, 0.0], [-11.0, -5.0, 0.0], [-28.0, 3.0, 1.0], [118.421875, 66.703125, 0.0], [-6.0, -6.0, 0.0], [-9.0, 2.0, 0.0], [-5.0, 8.0, 0.0], [2.0, 13.0, 0.0], [8.0, 6.0, 0.0], [13.0, -4.0, 0.0], [1.0, -7.0, 0.0], [-6.0, -15.0, 1.0], [-19.0, -2.0, 0.0], [-5.0, 4.0, 0.0], [-1.0, 14.0, 0.0], [14.0, 15.0, 0.0], [15.0, 1.0, 0.0], [11.0, -6.0, 0.0], [-4.0, -22.0, 0.0], [-6.0, -7.0, 0.0], [-15.0, -8.0, 0.0], [-12.0, 0.0, 0.0], [-7.0, 4.0, 0.0], [0.0, 3.0, 0.0], [2.0, -1.0, 1.0], [20.0, -6.0, 0.0], [1.0, -17.0, 0.0], [10.0, -18.0, 0.0], [10.0, -10.0, 0.0], [21.0, -8.0, 0.0], [12.0, 1.0, 0.0], [13.0, 7.0, 0.0], [6.0, 7.0, 0.0], [6.0, 16.0, 0.0], [4.0, 27.0, 0.0], [-3.0, -3.0, 0.0], [-10.0, 0.0, 0.0], [-10.0, 4.0, 0.0], [0.0, 19.0, 0.0], [8.0, 7.0, 0.0], [9.0, 0.0, 0.0], [13.0, -8.0, 0.0], [2.0, -8.0, 0.0], [-3.0, -6.0, 0.0], [-7.0, -9.0, 0.0], [-6.0, -1.0, 1.0], [1.0, 15.0, 0.0], [-2.0, -3.0, 0.0], [-5.0, 1.0, 0.0], [-1.0, 7.0, 0.0], [3.0, 5.0, 0.0], [6.0, 1.0, 0.0], [8.0, -4.0, 0.0], [-3.0, -8.0, 0.0], [-11.0, -2.0, 1.0], [-155.578125, 63.703125, 0.0], [-4.0, -5.0, 0.0], [-16.0, -1.0, 0.0], [0.0, 13.0, 0.0], [6.0, 6.0, 0.0], [10.0, 0.0, 0.0], [4.0, -3.0, 0.0], [-2.0, -11.0, 0.0], [2.0, 9.0, 0.0], [61.0, -3.0, 0.0], [3.0, -7.0, 0.0], [-12.0, -4.0, 0.0], [-47.0, 2.0, 0.0], [-12.0, 5.0, 1.0], [-18.578125, -29.296875, 0.0], [0.0, 8.0, 0.0], [6.0, 2.0, 0.0], [-1.0, -10.0, 0.0], [-5.0, -5.0, 0.0], [7.0, -4.0, 0.0], [57.0, -3.0, 0.0], [10.0, 2.0, 0.0], [9.0, 6.0, 0.0], [7.0, 11.0, 0.0], [-11.0, 9.0, 0.0], [-20.0, 1.0, 0.0], [-49.0, -4.0, 0.0], [-11.0, -7.0, 1.0], [8.421875, -72.296875, 0.0], [-2.0, -1.0, 0.0], [-6.0, 8.0, 0.0], [-2.0, 14.0, 0.0], [6.0, 14.0, 0.0], [10.0, 1.0, 0.0], [5.0, -10.0, 0.0], [-1.0, -9.0, 0.0], [-13.0, -14.0, 1.0], [4.0, 8.0, 0.0], [15.0, -10.0, 0.0], [24.0, -1.0, 0.0], [8.0, -7.0, 1.0], [-2.0, 45.0, 0.0], [-3.0, -6.0, 0.0], [-6.0, -3.0, 0.0], [-11.0, 4.0, 0.0], [-2.0, 10.0, 0.0], [4.0, 5.0, 0.0], [8.0, 0.0, 0.0], [8.0, -9.0, 0.0], [-1.0, -9.0, 0.0], [1.0, 6.0, 0.0], [3.0, 1.0, 0.0], [12.0, -23.0, 0.0], [7.0, -5.0, 0.0], [12.0, -2.0, 0.0], [5.0, -3.0, 0.0], [0.0, -4.0, 1.0], [-71.0, 33.0, 0.0], [-2.0, -3.0, 0.0], [-1.0, 4.0, 0.0], [11.0, -5.0, 0.0], [5.0, 3.0, 0.0], [3.0, 7.0, 1.0], [114.421875, 47.703125, 0.0], [-4.0, 33.0, 0.0], [10.0, -3.0, 0.0], [37.0, 0.0, 0.0], [10.0, -4.0, 0.0], [1.0, -30.0, 0.0], [-9.0, -8.0, 0.0], [-45.0, 0.0, 0.0], [-5.0, 21.0, 1.0]], "gt_class_names": ["table", "key", "headphones", "toothbrush", "toothpaste", "sunglasses", "purse"]}