{"img_id": "sceneid-32-userid-15", "img_w": 1100, "img_h": 770, "object_divisions": [0, 1, 16, 22, 28, 29, 35, 41, 47, 53, 59, 65, 71], "scene_strokes": [[118.421875, 683.703125, 0.0], [60.0, -84.0, 0.0], [24.0, -31.0, 0.0], [17.0, -15.0, 0.0], [16.0, -25.0, 0.0], [32.0, 0.0, 0.0], [104.0, -14.0, 0.0], [42.0, 0.0, 0.0], [147.0, 6.0, 0.0], [213.0, 23.0, 0.0], [52.0, 3.0, 0.0], [62.0, -4.0, 0.0], [74.0, -11.0, 0.0], [24.0, 1.0, 0.0], [-7.0, 14.0, 0.0], [-44.0, 39.0, 0.0], [-42.0, 48.0, 0.0], [-29.0, 27.0, 0.0], [-9.0, 4.0, 0.0], [-64.0, 1.0, 0.0], [-172.0, -5.0, 0.0], [-221.0, 17.0, 0.0], [-77.0, -10.0, 0.0], [-69.0, 6.0, 0.0], [-109.0, 0.0, 0.0], [-28.0, 4.0, 1.0], [352.421875, -0.296875, 0.0], [-2.0, -35.0, 0.0], [17.0, -68.0, 0.0], [27.0, -73.0, 0.0], [13.0, -2.0, 0.0], [13.0, 3.0, 0.0], [4.0, 2.0, 0.0], [0.0, 8.0, 0.0], [-43.0, 145.0, 0.0], [-14.0, 18.0, 0.0], [-17.0, 3.0, 1.0], [2.0, -24.0, 0.0], [14.0, 18.0, 0.0], [12.0, 0.0, 1.0], [-24.0, -17.0, 0.0], [16.0, 6.0, 1.0], [-13.0, -31.0, 0.0], [28.0, 26.0, 1.0], [-23.0, -33.0, 0.0], [21.0, 16.0, 1.0], [-13.0, -37.0, 0.0], [19.0, 19.0, 1.0], [-14.0, -38.0, 0.0], [13.0, 13.0, 0.0], [10.0, 3.0, 1.0], [-17.0, -40.0, 0.0], [23.0, 34.0, 1.0], [-22.0, -47.0, 0.0], [9.0, 8.0, 0.0], [15.0, 7.0, 1.0], [-15.0, -38.0, 0.0], [7.0, 13.0, 0.0], [12.0, 13.0, 1.0], [-15.0, -38.0, 0.0], [22.0, 19.0, 1.0], [-19.0, -27.0, 0.0], [-19.0, 67.0, 0.0], [-24.0, 62.0, 0.0], [-9.0, 40.0, 1.0], [62.0, -155.0, 0.0], [-2.0, -6.0, 1.0], [2.0, 3.0, 0.0], [-29.0, 99.0, 0.0], [-17.0, 47.0, 1.0], [53.0, -139.0, 0.0], [-9.0, 40.0, 0.0], [-40.0, 107.0, 1.0], [369.421875, -115.296875, 0.0], [-4.0, 11.0, 0.0], [5.0, 7.0, 0.0], [8.0, 3.0, 0.0], [20.0, -5.0, 0.0], [8.0, -14.0, 0.0], [-8.0, -16.0, 0.0], [-14.0, -4.0, 0.0], [-12.0, 14.0, 0.0], [-3.0, 13.0, 1.0], [9.0, 14.0, 0.0], [-13.0, 49.0, 1.0], [2.0, -31.0, 0.0], [-17.0, 19.0, 1.0], [29.0, -21.0, 0.0], [5.0, 26.0, 1.0], [-22.0, 8.0, 0.0], [-23.0, 31.0, 1.0], [25.0, -30.0, 0.0], [5.0, -1.0, 0.0], [6.0, 12.0, 0.0], [-1.0, 25.0, 1.0], [-21.578125, -47.296875, 0.0], [-6.0, -6.0, 0.0], [-1.0, -9.0, 0.0], [-10.0, -10.0, 0.0], [5.0, -6.0, 0.0], [-5.0, -17.0, 0.0], [-8.0, -3.0, 0.0], [-11.0, 3.0, 0.0], [2.0, 18.0, 0.0], [7.0, 1.0, 0.0], [6.0, -4.0, 1.0], [-6.0, -14.0, 0.0], [1.0, 15.0, 0.0], [4.0, 6.0, 1.0], [0.0, -19.0, 0.0], [2.0, 17.0, 1.0], [-13.0, -9.0, 0.0], [19.0, -2.0, 1.0], [-18.0, 8.0, 0.0], [18.0, -2.0, 1.0], [-19.0, -6.0, 0.0], [-3.0, 0.0, 0.0], [3.0, -3.0, 0.0], [17.0, 0.0, 1.0], [-234.578125, -10.296875, 0.0], [-1.0, 5.0, 0.0], [4.0, 2.0, 0.0], [15.0, -1.0, 0.0], [0.0, -9.0, 0.0], [-7.0, -5.0, 0.0], [-13.0, 3.0, 0.0], [-5.0, 10.0, 1.0], [-337.578125, -3.296875, 0.0], [14.0, 0.0, 0.0], [11.0, -15.0, 0.0], [0.0, -5.0, 0.0], [-10.0, -10.0, 0.0], [-12.0, 1.0, 0.0], [-7.0, 4.0, 0.0], [-4.0, 13.0, 0.0], [7.0, 16.0, 1.0], [9.0, -2.0, 0.0], [-7.0, 71.0, 1.0], [8.0, -49.0, 0.0], [-17.0, 26.0, 1.0], [17.0, -29.0, 0.0], [15.0, 28.0, 1.0], [-27.0, 19.0, 0.0], [-12.0, 22.0, 1.0], [22.0, -20.0, 0.0], [8.0, 27.0, 1.0], [12.421875, -50.296875, 0.0], [10.0, -40.0, 1.0], [0.0, -1.0, 0.0], [11.0, 3.0, 0.0], [8.0, -5.0, 0.0], [3.0, -17.0, 0.0], [-4.0, -9.0, 0.0], [-13.0, 3.0, 0.0], [-9.0, 15.0, 0.0], [-1.0, 9.0, 1.0], [17.0, -19.0, 0.0], [-10.0, 19.0, 1.0], [22.0, -23.0, 0.0], [-10.0, 22.0, 1.0], [-8.0, -13.0, 0.0], [17.0, 11.0, 1.0], [-22.0, -1.0, 0.0], [17.0, 8.0, 1.0], [90.421875, -128.296875, 0.0], [18.0, -11.0, 0.0], [5.0, -13.0, 0.0], [-2.0, -7.0, 0.0], [-11.0, -4.0, 0.0], [-13.0, 2.0, 0.0], [-5.0, 9.0, 0.0], [-1.0, 17.0, 1.0], [12.0, 9.0, 0.0], [-4.0, 49.0, 1.0], [-3.0, -38.0, 0.0], [-17.0, 26.0, 1.0], [33.0, -30.0, 0.0], [11.0, 19.0, 1.0], [-27.0, 15.0, 0.0], [-21.0, 36.0, 1.0], [30.0, -26.0, 0.0], [8.0, 21.0, 1.0], [77.421875, -84.296875, 0.0], [8.0, 5.0, 0.0], [18.0, -17.0, 0.0], [2.0, -13.0, 0.0], [-3.0, -2.0, 0.0], [-9.0, 5.0, 0.0], [-9.0, 13.0, 1.0], [6.0, 15.0, 0.0], [-4.0, 23.0, 1.0], [-9.0, -4.0, 0.0], [-11.0, 13.0, 1.0], [30.0, -21.0, 0.0], [8.0, 16.0, 1.0], [-27.0, 11.0, 0.0], [-11.0, 17.0, 1.0], [23.0, -14.0, 0.0], [5.0, 19.0, 1.0], [142.421875, -56.296875, 0.0], [5.0, 4.0, 0.0], [13.0, -2.0, 0.0], [7.0, -7.0, 0.0], [1.0, -7.0, 0.0], [-2.0, -5.0, 0.0], [-7.0, 0.0, 0.0], [-17.0, 13.0, 0.0], [0.0, 5.0, 1.0], [7.0, 12.0, 0.0], [-3.0, 32.0, 1.0], [-3.0, -25.0, 0.0], [-15.0, 12.0, 1.0], [27.0, -11.0, 0.0], [6.0, 15.0, 1.0], [-24.0, 4.0, 0.0], [-19.0, 24.0, 1.0], [29.0, -11.0, 0.0], [9.0, 17.0, 1.0], [88.421875, -49.296875, 0.0], [16.0, 3.0, 0.0], [15.0, -9.0, 0.0], [0.0, -12.0, 0.0], [-18.0, -5.0, 0.0], [-17.0, 11.0, 0.0], [0.0, 13.0, 1.0], [14.0, 8.0, 0.0], [-9.0, 33.0, 1.0], [-3.0, -19.0, 0.0], [-16.0, 8.0, 1.0], [33.0, -8.0, 0.0], [10.0, 14.0, 1.0], [-33.0, 3.0, 0.0], [-19.0, 29.0, 1.0], [29.0, -23.0, 0.0], [7.0, 27.0, 1.0], [92.421875, -82.296875, 0.0], [11.0, 8.0, 0.0], [17.0, -5.0, 0.0], [6.0, -6.0, 0.0], [2.0, -9.0, 0.0], [-11.0, -9.0, 0.0], [-10.0, 2.0, 0.0], [-9.0, 14.0, 1.0], [7.0, 17.0, 0.0], [-3.0, 30.0, 0.0], [-2.0, -1.0, 1.0], [-5.0, 5.0, 0.0], [-21.0, 31.0, 1.0], [30.0, -31.0, 0.0], [6.0, 27.0, 1.0], [-18.0, -31.0, 0.0], [-12.0, -28.0, 0.0], [-8.0, -8.0, 1.0], [34.0, 35.0, 0.0], [16.0, -8.0, 0.0], [14.0, -12.0, 0.0], [10.0, -23.0, 1.0]], "gt_class_names": ["tennis court", "net", "yoga", "tennis racquet", "soccer ball", "yoga", "tennis racquet", "yoga", "yoga", "yoga", "yoga", "yoga"]}