{"img_id": "sceneid-77-userid-79", "img_w": 1100, "img_h": 770, "object_divisions": [0, 6, 12, 50], "scene_strokes": [[138.0, 501.703125, 0.0], [131.0, -80.0, 0.0], [340.0, -190.0, 0.0], [75.0, -36.0, 0.0], [187.0, -79.0, 0.0], [23.0, -7.0, 1.0], [-541.0, 576.0, 0.0], [-3.0, -44.0, 0.0], [10.0, -68.0, 0.0], [21.0, -65.0, 0.0], [37.0, -67.0, 0.0], [42.0, -49.0, 0.0], [35.0, -32.0, 0.0], [66.0, -48.0, 0.0], [58.0, -29.0, 0.0], [57.0, -19.0, 0.0], [71.0, -13.0, 0.0], [49.0, -3.0, 0.0], [69.0, 6.0, 0.0], [43.0, 14.0, 0.0], [39.0, 20.0, 0.0], [35.0, 32.0, 0.0], [32.0, 44.0, 0.0], [29.0, 31.0, 1.0], [-149.0, -284.0, 0.0], [1.0, -1.0, 1.0], [15.0, -1.0, 0.0], [45.0, -18.0, 1.0], [45.0, -19.0, 0.0], [26.0, -10.0, 1.0], [-987.0, 487.0, 0.0], [23.0, -11.0, 0.0], [89.0, -56.0, 1.0], [347.0, -51.296875, 0.0], [21.0, 5.0, 0.0], [7.0, 6.0, 0.0], [6.0, 9.0, 0.0], [11.0, 47.0, 0.0], [23.0, 15.0, 0.0], [32.0, 12.0, 0.0], [17.0, 16.0, 0.0], [8.0, 23.0, 0.0], [6.0, 49.0, 0.0], [12.0, 21.0, 0.0], [87.0, 78.0, 0.0], [27.0, 16.0, 1.0], [-52.0, -396.0, 0.0], [13.0, 0.0, 0.0], [12.0, 6.0, 0.0], [7.0, 8.0, 0.0], [27.0, 66.0, 0.0], [16.0, 24.0, 0.0], [58.0, 42.0, 0.0], [23.0, 22.0, 0.0], [11.0, 22.0, 0.0], [11.0, 69.0, 0.0], [5.0, 15.0, 0.0], [19.0, 34.0, 0.0], [57.0, 78.0, 1.0], [-248.0, -382.0, 0.0], [-20.0, -17.0, 0.0], [-6.0, -21.0, 0.0], [-21.0, -8.0, 0.0], [-11.0, -12.0, 0.0], [-11.0, -2.0, 1.0], [-133.0, 155.0, 0.0], [-12.0, 6.0, 0.0], [-8.0, -1.0, 0.0], [-6.0, -5.0, 0.0], [-8.0, -24.0, 0.0], [-4.0, -3.0, 0.0], [-10.0, 0.0, 0.0], [-4.0, -5.0, 1.0], [-130.0, -126.0, 0.0], [-6.0, -8.0, 0.0], [-14.0, -50.0, 0.0], [-10.0, -16.0, 0.0], [-20.0, -20.0, 0.0], [-38.0, -24.0, 0.0], [-13.0, -13.0, 0.0], [-23.0, -41.0, 0.0], [-10.0, -10.0, 0.0], [-19.0, -8.0, 0.0], [-35.0, -5.0, 0.0], [-15.0, -6.0, 0.0], [-16.0, -9.0, 0.0], [-12.0, -13.0, 1.0], [470.0, 113.0, 0.0], [-16.0, -18.0, 0.0], [-43.0, -22.0, 0.0], [-35.0, -25.0, 0.0], [-41.0, -56.0, 0.0], [-15.0, -14.0, 0.0], [-28.0, -14.0, 0.0], [-75.0, -26.0, 1.0], [-274.0, 456.703125, 0.0], [276.0, -153.0, 0.0], [284.0, -146.0, 0.0], [72.0, -31.0, 0.0], [87.0, -31.0, 0.0], [148.0, -69.0, 0.0], [17.0, -6.0, 0.0], [27.0, -4.0, 0.0], [9.0, 5.0, 0.0], [9.0, 14.0, 0.0], [29.0, 31.0, 0.0], [-48.0, 23.0, 0.0], [-66.0, 21.0, 0.0], [-76.0, 30.0, 1.0], [-34.0, 13.0, 0.0], [-188.0, 93.0, 0.0], [-245.0, 114.0, 0.0], [-159.0, 100.0, 0.0], [-65.0, 31.0, 1.0], [-40.0, 14.0, 0.0], [-20.0, 0.0, 0.0], [-15.0, -14.0, 0.0], [-17.0, -30.0, 1.0], [104.0, 33.0, 0.0], [10.0, -10.0, 0.0], [11.0, 0.0, 0.0], [2.0, 6.0, 0.0], [-6.0, 8.0, 0.0], [-9.0, 2.0, 0.0], [-1.0, -3.0, 1.0], [46.0, -24.0, 0.0], [1.0, 5.0, 0.0], [-14.0, -3.0, 0.0], [5.0, -10.0, 0.0], [15.0, -2.0, 0.0], [4.0, 4.0, 0.0], [-1.0, 7.0, 0.0], [-9.0, 4.0, 1.0], [28.0, -21.0, 0.0], [3.0, 5.0, 0.0], [-5.0, -9.0, 0.0], [9.0, -11.0, 0.0], [15.0, -5.0, 0.0], [5.0, 9.0, 0.0], [-8.0, 12.0, 1.0], [35.0, -26.0, 0.0], [-6.0, 0.0, 0.0], [-5.0, -5.0, 0.0], [0.0, -5.0, 0.0], [2.0, -6.0, 0.0], [14.0, -5.0, 0.0], [7.0, 5.0, 0.0], [2.0, 8.0, 0.0], [-4.0, 9.0, 1.0], [41.0, -127.0, 0.0], [24.0, 44.0, 0.0], [9.0, 8.0, 1.0], [277.0, -208.0, 0.0], [9.0, 9.0, 0.0], [9.0, 22.0, 0.0], [18.0, 26.0, 1.0], [-315.0, 97.0, 0.0], [3.0, 19.0, 0.0], [50.0, -16.0, 0.0], [2.0, -3.0, 0.0], [-7.0, -17.0, 0.0], [-4.0, -3.0, 0.0], [-22.0, 5.0, 0.0], [-25.0, 15.0, 1.0], [71.0, -31.0, 0.0], [14.0, 17.0, 0.0], [25.0, -18.0, 0.0], [23.0, -11.0, 0.0], [-12.0, -7.0, 0.0], [-13.0, -3.0, 0.0], [-13.0, 4.0, 0.0], [-24.0, 17.0, 1.0], [76.0, -39.0, 0.0], [14.0, 17.0, 0.0], [12.0, -9.0, 0.0], [41.0, -12.0, 0.0], [-3.0, -14.0, 0.0], [-7.0, -6.0, 0.0], [-21.0, 6.0, 1.0], [-31.0, 14.0, 0.0], [-4.0, 2.0, 1.0], [90.0, -36.0, 0.0], [10.0, 21.0, 0.0], [30.0, -18.0, 0.0], [-1.0, -13.0, 0.0], [-7.0, -15.0, 0.0], [-33.0, 10.0, 0.0], [-18.0, 13.0, 1.0], [-295.0, 155.0, 0.0], [10.0, 12.0, 0.0], [6.0, 2.0, 0.0], [39.0, -18.0, 0.0], [-4.0, -15.0, 0.0], [-4.0, -2.0, 0.0], [-10.0, -1.0, 0.0], [-25.0, 8.0, 0.0], [-21.0, 16.0, 1.0], [104.0, 4.0, 0.0], [-8.0, 3.0, 0.0], [-5.0, 7.0, 0.0], [-4.0, 15.0, 0.0], [12.0, 7.0, 0.0], [10.0, -4.0, 0.0], [18.0, -20.0, 0.0], [2.0, -11.0, 0.0], [-3.0, -5.0, 0.0], [-11.0, -2.0, 0.0], [-13.0, 5.0, 1.0], [52.0, -19.0, 0.0], [-5.0, 13.0, 0.0], [3.0, 6.0, 1.0], [14.0, -5.0, 0.0], [10.0, -7.0, 0.0], [6.0, -11.0, 0.0], [-1.0, -6.0, 0.0], [-12.0, -1.0, 1.0], [69.0, -17.0, 0.0], [4.0, -9.0, 0.0], [-8.0, -1.0, 1.0], [30.0, -12.0, 0.0], [1.0, 4.0, 0.0], [6.0, 1.0, 0.0], [16.0, -7.0, 0.0], [8.0, -14.0, 0.0], [-6.0, -3.0, 0.0], [-7.0, 4.0, 1.0], [43.0, -16.0, 0.0], [3.0, 3.0, 0.0], [10.0, 0.0, 0.0], [20.0, -9.0, 0.0], [4.0, -5.0, 0.0], [-3.0, -5.0, 0.0], [-13.0, 0.0, 1.0], [34.0, -11.0, 0.0], [8.0, 2.0, 0.0], [17.0, -4.0, 0.0], [7.0, -6.0, 0.0], [-3.0, -6.0, 0.0], [-4.0, 0.0, 1.0], [33.0, -16.0, 0.0], [6.0, 6.0, 0.0], [23.0, 0.0, 0.0], [5.0, -2.0, 0.0], [3.0, -6.0, 0.0], [-2.0, -6.0, 0.0], [-5.0, -3.0, 1.0], [70.0, -31.0, 0.0], [-4.0, 7.0, 0.0], [3.0, 5.0, 0.0], [8.0, 1.0, 0.0], [13.0, -4.0, 0.0], [9.0, -7.0, 0.0], [2.0, -7.0, 0.0], [-4.0, -5.0, 0.0], [-12.0, 3.0, 1.0], [41.0, -12.0, 0.0], [15.0, 4.0, 0.0], [13.0, -2.0, 0.0], [11.0, -6.0, 0.0], [4.0, -7.0, 0.0], [-4.0, -7.0, 0.0], [-7.0, -3.0, 0.0], [-9.0, 2.0, 1.0], [54.0, 3.0, 0.0], [16.0, -7.0, 1.0], [-12.0, -11.0, 0.0], [-10.0, 0.0, 0.0], [-3.0, 17.0, 0.0], [4.0, 7.0, 0.0], [6.0, 2.0, 0.0], [5.0, 0.0, 0.0], [8.0, -6.0, 0.0], [5.0, -6.0, 0.0], [1.0, -10.0, 0.0], [-15.0, -1.0, 1.0], [38.0, -14.0, 0.0], [-6.0, 6.0, 0.0], [6.0, 5.0, 0.0], [10.0, -2.0, 0.0], [6.0, -7.0, 0.0], [-4.0, -5.0, 0.0], [-14.0, -1.0, 1.0], [-324.0, 71.0, 0.0], [6.0, 19.0, 0.0], [10.0, 3.0, 0.0], [10.0, -8.0, 0.0], [42.0, -16.0, 0.0], [-9.0, -18.0, 0.0], [-7.0, -5.0, 0.0], [-5.0, 1.0, 0.0], [-26.0, 7.0, 0.0], [-25.0, 11.0, 1.0], [81.0, -27.0, 0.0], [3.0, 9.0, 1.0], [9.0, 14.0, 0.0], [15.0, -11.0, 0.0], [41.0, -16.0, 0.0], [-4.0, -12.0, 1.0], [-20.0, -7.0, 0.0], [-40.0, 19.0, 1.0], [87.0, -33.0, 0.0], [6.0, 22.0, 0.0], [3.0, 1.0, 0.0], [12.0, -12.0, 0.0], [37.0, -16.0, 0.0], [-14.0, -23.0, 0.0], [-47.0, 20.0, 1.0], [80.0, -29.0, 0.0], [2.0, 21.0, 0.0], [2.0, 4.0, 0.0], [4.0, 0.0, 0.0], [42.0, -17.0, 0.0], [-5.0, -23.0, 1.0], [-3.0, -8.0, 0.0], [-37.0, 18.0, 1.0], [-649.0, 317.0, 0.0], [12.0, 22.0, 0.0], [-45.0, 28.0, 0.0], [-7.0, -25.0, 0.0], [2.0, -6.0, 0.0], [11.0, -8.0, 0.0], [13.0, -2.0, 0.0], [12.0, -6.0, 1.0], [-68.0, 35.0, 0.0], [12.0, 28.0, 0.0], [-53.0, 25.0, 0.0], [-7.0, -22.0, 0.0], [2.0, -8.0, 0.0], [43.0, -23.0, 1.0], [-53.0, 64.0, 0.0], [-39.0, 16.0, 0.0], [-21.0, 3.0, 0.0], [-9.0, -7.0, 0.0], [-5.0, -12.0, 0.0], [26.0, -20.0, 0.0], [19.0, -4.0, 0.0], [12.0, 5.0, 0.0], [5.0, 5.0, 0.0], [2.0, 13.0, 1.0]], "gt_class_names": ["bridge", "river", "train"]}