{"img_id": "sceneid-61-userid-31", "img_w": 1100, "img_h": 770, "object_divisions": [0, 2, 3, 7, 13, 20, 21, 22, 24], "scene_strokes": [[226.421875, 617.703125, 0.0], [-1.0, -111.0, 0.0], [-23.0, -232.0, 0.0], [0.0, -22.0, 0.0], [3.0, -9.0, 0.0], [6.0, -6.0, 0.0], [59.0, -11.0, 0.0], [65.0, -6.0, 0.0], [204.0, 1.0, 0.0], [79.0, -7.0, 0.0], [70.0, -2.0, 0.0], [33.0, 2.0, 0.0], [14.0, 4.0, 0.0], [27.0, 30.0, 0.0], [24.0, 310.0, 0.0], [1.0, 63.0, 1.0], [-697.0, 5.0, 0.0], [42.0, -3.0, 0.0], [88.0, 1.0, 0.0], [200.0, -23.0, 0.0], [185.0, 0.0, 0.0], [325.0, 30.0, 1.0], [-557.578125, -26.296875, 0.0], [-3.0, -70.0, 0.0], [-14.0, -153.0, 0.0], [6.0, -4.0, 0.0], [66.0, -8.0, 0.0], [104.0, -3.0, 0.0], [61.0, 0.0, 0.0], [7.0, 5.0, 0.0], [4.0, 24.0, 0.0], [12.0, 203.0, 1.0], [-220.578125, 123.703125, 0.0], [4.0, -29.0, 0.0], [-1.0, -51.0, 1.0], [-7.0, 4.0, 0.0], [-16.0, 10.0, 0.0], [-10.0, 1.0, 0.0], [-11.0, -7.0, 0.0], [1.0, -19.0, 0.0], [11.0, -17.0, 0.0], [13.0, -11.0, 0.0], [13.0, -6.0, 0.0], [17.0, -3.0, 0.0], [7.0, 2.0, 0.0], [4.0, 5.0, 0.0], [-4.0, 19.0, 0.0], [-12.0, 14.0, 0.0], [-12.0, 9.0, 0.0], [-9.0, 2.0, 1.0], [221.0, -31.0, 0.0], [-21.0, 4.0, 0.0], [-6.0, -5.0, 0.0], [-2.0, -9.0, 0.0], [2.0, -10.0, 0.0], [9.0, -12.0, 0.0], [18.0, -10.0, 0.0], [18.0, 0.0, 0.0], [7.0, 11.0, 0.0], [0.0, 18.0, 0.0], [-12.0, 15.0, 0.0], [-14.0, 8.0, 0.0], [-9.0, 1.0, 0.0], [-8.0, -1.0, 0.0], [-1.0, -5.0, 0.0], [12.0, -12.0, 0.0], [5.0, 20.0, 0.0], [2.0, 42.0, 0.0], [-2.0, 22.0, 0.0], [-1.0, -6.0, 1.0], [-204.0, -21.0, 0.0], [4.0, -3.0, 0.0], [60.0, -8.0, 0.0], [42.0, -3.0, 0.0], [57.0, 1.0, 0.0], [9.0, -3.0, 0.0], [35.0, -1.0, 0.0], [0.0, -3.0, 1.0], [-196.578125, -163.296875, 0.0], [0.0, -1.0, 1.0], [1.0, -1.0, 0.0], [1.0, -20.0, 0.0], [-18.0, -22.0, 0.0], [0.0, -12.0, 0.0], [7.0, -9.0, 0.0], [13.0, -1.0, 0.0], [10.0, 16.0, 0.0], [-4.0, 25.0, 0.0], [5.0, 9.0, 0.0], [1.0, 12.0, 0.0], [-2.0, 3.0, 0.0], [-14.0, 2.0, 1.0], [-7.0, -48.0, 0.0], [-1.0, 7.0, 0.0], [5.0, 2.0, 0.0], [3.0, -4.0, 0.0], [-5.0, -5.0, 0.0], [-2.0, 2.0, 1.0], [12.0, -7.0, 0.0], [-1.0, 11.0, 0.0], [4.0, -1.0, 0.0], [3.0, -4.0, 0.0], [-1.0, -7.0, 0.0], [-6.0, 2.0, 1.0], [4.0, 35.0, 0.0], [-1.0, 11.0, 1.0], [8.0, -12.0, 0.0], [0.0, 12.0, 1.0], [131.421875, 1.703125, 0.0], [-6.0, -6.0, 0.0], [-3.0, -13.0, 0.0], [1.0, -15.0, 0.0], [4.0, -6.0, 0.0], [17.0, -5.0, 0.0], [14.0, 11.0, 0.0], [4.0, 9.0, 0.0], [-2.0, 15.0, 0.0], [-10.0, 14.0, 0.0], [2.0, 25.0, 0.0], [-5.0, 10.0, 0.0], [-9.0, 2.0, 0.0], [-5.0, -3.0, 0.0], [-2.0, -35.0, 1.0], [9.0, -11.0, 0.0], [-4.0, 5.0, 0.0], [-6.0, -13.0, 0.0], [0.0, -6.0, 0.0], [6.0, -6.0, 0.0], [0.0, 18.0, 1.0], [13.0, -8.0, 0.0], [0.0, 1.0, 1.0], [1.0, 6.0, 0.0], [-3.0, 2.0, 0.0], [-2.0, -16.0, 0.0], [5.0, -2.0, 0.0], [4.0, 5.0, 0.0], [0.0, 10.0, 0.0], [-5.0, 3.0, 1.0], [-13.0, 21.0, 0.0], [1.0, 14.0, 1.0], [5.0, -15.0, 0.0], [0.0, 15.0, 1.0], [4.0, -16.0, 0.0], [1.0, 16.0, 1.0], [-129.578125, 81.703125, 0.0], [-17.0, -10.0, 0.0], [-9.0, -12.0, 0.0], [-8.0, -17.0, 0.0], [-2.0, -19.0, 0.0], [8.0, -15.0, 0.0], [19.0, -10.0, 0.0], [10.0, -1.0, 0.0], [21.0, 8.0, 0.0], [9.0, 10.0, 0.0], [6.0, 13.0, 0.0], [2.0, 20.0, 0.0], [-3.0, 18.0, 0.0], [-8.0, 10.0, 0.0], [-25.0, 8.0, 1.0], [8.421875, -91.296875, 0.0], [-5.0, -3.0, 0.0], [-6.0, -17.0, 0.0], [3.0, -15.0, 0.0], [17.0, -11.0, 0.0], [19.0, -1.0, 0.0], [15.0, 6.0, 0.0], [9.0, 9.0, 0.0], [7.0, 14.0, 0.0], [1.0, 9.0, 0.0], [-5.0, 15.0, 0.0], [-13.0, 10.0, 0.0], [-13.0, -5.0, 0.0], [-24.0, -19.0, 1.0], [57.421875, 39.703125, 0.0], [17.0, -6.0, 0.0], [1.0, 9.0, 0.0], [7.0, 8.0, 1.0], [-21.0, -7.0, 0.0], [0.0, 9.0, 0.0], [-9.0, 24.0, 0.0], [3.0, 9.0, 0.0], [5.0, 4.0, 0.0], [22.0, 2.0, 0.0], [13.0, -10.0, 0.0], [1.0, -9.0, 0.0], [-10.0, -18.0, 1.0]], "gt_class_names": ["museum", "door", "turnstile", "skull", "skull", "stone", "stone", "vase"]}