{"img_id": "sceneid-72-userid-33", "img_w": 1100, "img_h": 770, "object_divisions": [0, 1, 3, 15, 27], "scene_strokes": [[126.0, 167.703125, 0.0], [6.0, 194.0, 0.0], [-10.0, 122.0, 0.0], [7.0, 9.0, 0.0], [27.0, 4.0, 0.0], [130.0, -11.0, 0.0], [107.0, -3.0, 0.0], [100.0, 2.0, 0.0], [16.0, -4.0, 0.0], [3.0, -7.0, 0.0], [1.0, -30.0, 0.0], [-9.0, -97.0, 0.0], [0.0, -111.0, 0.0], [-6.0, -43.0, 0.0], [-5.0, -23.0, 0.0], [-8.0, -18.0, 0.0], [-7.0, -8.0, 0.0], [-11.0, -6.0, 0.0], [-17.0, -1.0, 0.0], [-20.0, 6.0, 0.0], [-15.0, 9.0, 0.0], [-5.0, 8.0, 0.0], [9.0, 72.0, 0.0], [4.0, 88.0, 0.0], [16.0, 99.0, 0.0], [1.0, 26.0, 0.0], [-34.0, -6.0, 0.0], [-33.0, -1.0, 0.0], [-89.0, 6.0, 0.0], [-90.0, 2.0, 0.0], [-21.0, -4.0, 0.0], [-6.0, -6.0, 0.0], [-2.0, -10.0, 0.0], [4.0, -36.0, 0.0], [3.0, -96.0, 0.0], [0.0, -150.0, 0.0], [-13.0, -3.0, 0.0], [-35.0, 8.0, 0.0], [-27.0, 11.0, 0.0], [-7.0, 6.0, 1.0], [138.0, 117.703125, 0.0], [-19.0, 9.0, 0.0], [-17.0, 22.0, 0.0], [-14.0, 39.0, 0.0], [-3.0, 31.0, 0.0], [6.0, 16.0, 0.0], [14.0, 17.0, 0.0], [20.0, 11.0, 0.0], [18.0, 4.0, 0.0], [22.0, -1.0, 0.0], [22.0, -6.0, 0.0], [23.0, -13.0, 0.0], [20.0, -18.0, 0.0], [12.0, -16.0, 0.0], [6.0, -14.0, 0.0], [4.0, -29.0, 0.0], [-1.0, -22.0, 0.0], [-4.0, -11.0, 0.0], [-9.0, -11.0, 0.0], [-14.0, -10.0, 0.0], [-22.0, -8.0, 0.0], [-41.0, -2.0, 0.0], [-26.0, 5.0, 0.0], [-15.0, 7.0, 1.0], [60.0, -2.0, 0.0], [-32.0, 10.0, 0.0], [-25.0, 20.0, 0.0], [-16.0, 36.0, 0.0], [-1.0, 18.0, 0.0], [6.0, 31.0, 0.0], [16.0, 22.0, 0.0], [16.0, 7.0, 0.0], [29.0, -8.0, 0.0], [30.0, -25.0, 0.0], [21.0, -31.0, 0.0], [10.0, -28.0, 0.0], [-1.0, -25.0, 0.0], [-11.0, -18.0, 0.0], [-13.0, -11.0, 0.0], [-29.0, -9.0, 0.0], [-28.0, 8.0, 1.0], [128.0, -80.296875, 0.0], [-19.0, -6.0, 0.0], [-55.0, 3.0, 0.0], [-29.0, 9.0, 0.0], [-10.0, 7.0, 0.0], [2.0, 6.0, 0.0], [20.0, 6.0, 0.0], [67.0, -7.0, 0.0], [24.0, -9.0, 0.0], [8.0, -8.0, 0.0], [-1.0, -6.0, 0.0], [-5.0, -3.0, 0.0], [-20.0, -3.0, 0.0], [-70.0, 9.0, 1.0], [90.0, 47.0, 0.0], [-5.0, -4.0, 0.0], [-12.0, -2.0, 0.0], [-30.0, -1.0, 0.0], [-27.0, 3.0, 0.0], [-40.0, 11.0, 0.0], [-1.0, 6.0, 0.0], [17.0, 6.0, 0.0], [37.0, -2.0, 0.0], [60.0, -14.0, 0.0], [4.0, -7.0, 0.0], [-15.0, -5.0, 0.0], [-58.0, 8.0, 1.0], [-31.0, -15.0, 0.0], [0.0, 18.0, 0.0], [9.0, 4.0, 0.0], [10.0, -5.0, 0.0], [-3.0, -11.0, 0.0], [-9.0, -7.0, 0.0], [-7.0, 4.0, 0.0], [-2.0, 11.0, 1.0], [27.0, -2.0, 0.0], [5.0, 7.0, 0.0], [6.0, -4.0, 0.0], [-2.0, -11.0, 0.0], [-6.0, -7.0, 0.0], [-4.0, 0.0, 0.0], [-4.0, 5.0, 0.0], [3.0, 10.0, 1.0], [24.0, 4.0, 0.0], [4.0, -1.0, 0.0], [0.0, -7.0, 0.0], [-5.0, -10.0, 0.0], [-5.0, 1.0, 0.0], [-2.0, 5.0, 0.0], [5.0, 10.0, 1.0], [27.0, -4.0, 0.0], [4.0, -7.0, 0.0], [-3.0, -8.0, 0.0], [-4.0, -2.0, 0.0], [-7.0, 4.0, 0.0], [0.0, 10.0, 0.0], [3.0, 3.0, 1.0], [25.0, -3.0, 0.0], [2.0, -7.0, 0.0], [-8.0, -9.0, 0.0], [-5.0, 1.0, 0.0], [-2.0, 4.0, 0.0], [1.0, 10.0, 1.0], [-63.0, -24.0, 0.0], [1.0, 0.0, 1.0], [17.0, -1.0, 0.0], [2.0, -2.0, 1.0], [18.0, -3.0, 0.0], [0.0, -1.0, 1.0], [15.0, 1.0, 0.0], [1.0, 0.0, 1.0], [-39.0, 0.0, 0.0], [1.0, 0.0, 1.0], [45.0, 201.703125, 0.0], [4.0, 10.0, 0.0], [10.0, 10.0, 0.0], [6.0, 4.0, 0.0], [17.0, 2.0, 0.0], [22.0, -10.0, 0.0], [11.0, -17.0, 0.0], [1.0, -18.0, 0.0], [-11.0, -25.0, 0.0], [-17.0, -11.0, 0.0], [-19.0, -3.0, 0.0], [-13.0, 5.0, 0.0], [-15.0, 21.0, 0.0], [-5.0, 31.0, 0.0], [7.0, 7.0, 1.0], [14.0, -25.0, 0.0], [-3.0, 7.0, 0.0], [1.0, 19.0, 0.0], [4.0, 8.0, 0.0], [14.0, 8.0, 0.0], [8.0, -2.0, 0.0], [8.0, -8.0, 0.0], [9.0, -26.0, 0.0], [-3.0, -17.0, 0.0], [-10.0, -9.0, 0.0], [-13.0, -4.0, 0.0], [-14.0, 8.0, 0.0], [-4.0, 10.0, 0.0], [2.0, 13.0, 1.0], [16.0, -6.0, 0.0], [1.0, 0.0, 1.0], [10.0, -4.0, 0.0], [1.0, 0.0, 1.0], [-7.0, 25.0, 0.0], [0.0, -1.0, 1.0], [-20.0, 4.0, 0.0], [1.0, -2.0, 1.0], [1.0, -16.0, 0.0], [1.0, -1.0, 1.0], [6.0, -14.0, 0.0], [3.0, -1.0, 1.0], [-3.0, 36.0, 0.0], [5.0, 1.0, 0.0], [5.0, -4.0, 0.0], [-3.0, -6.0, 0.0], [-5.0, -1.0, 0.0], [-4.0, 2.0, 0.0], [3.0, 6.0, 1.0], [18.0, -10.0, 0.0], [3.0, -6.0, 0.0], [-6.0, -4.0, 0.0], [-4.0, 2.0, 0.0], [3.0, 6.0, 1.0], [2.0, -18.0, 0.0], [-1.0, -5.0, 0.0], [-6.0, -3.0, 0.0], [-3.0, 2.0, 0.0], [3.0, 8.0, 1.0], [-15.0, 13.0, 0.0], [6.0, -5.0, 0.0], [-5.0, -6.0, 0.0], [-3.0, 7.0, 0.0], [5.0, 3.0, 1.0]], "gt_class_names": ["container", "pizza", "sandwich", "pizza"]}