{"img_id": "sceneid-34-userid-14", "img_w": 1100, "img_h": 770, "object_divisions": [0, 4, 14, 15, 18, 25, 27, 37, 43, 49], "scene_strokes": [[240.421875, 129.703125, 0.0], [8.0, 134.0, 0.0], [14.0, 95.0, 0.0], [5.0, 57.0, 0.0], [1.0, 53.0, 0.0], [-7.0, 88.0, 0.0], [2.0, 20.0, 1.0], [-3.0, -9.0, 0.0], [114.0, -2.0, 0.0], [45.0, -4.0, 0.0], [120.0, -19.0, 0.0], [66.0, -6.0, 0.0], [109.0, -4.0, 0.0], [14.0, 1.0, 0.0], [17.0, 7.0, 1.0], [-485.0, -50.0, 0.0], [5.0, -4.0, 0.0], [21.0, -1.0, 0.0], [30.0, 9.0, 0.0], [15.0, 11.0, 0.0], [8.0, 14.0, 0.0], [3.0, 19.0, 0.0], [1.0, 41.0, 0.0], [-4.0, -2.0, 1.0], [213.0, -377.0, 0.0], [-4.0, 1.0, 0.0], [2.0, 5.0, 0.0], [5.0, 1.0, 0.0], [2.0, -3.0, 0.0], [1.0, -4.0, 0.0], [-3.0, -3.0, 0.0], [-2.0, 8.0, 0.0], [8.0, 4.0, 0.0], [1.0, -9.0, 0.0], [-3.0, -2.0, 0.0], [-2.0, 7.0, 0.0], [1.0, -9.0, 0.0], [-4.0, -1.0, 0.0], [-3.0, 4.0, 0.0], [4.0, 4.0, 0.0], [5.0, -2.0, 0.0], [0.0, -5.0, 0.0], [0.0, 3.0, 0.0], [-2.0, -1.0, 1.0], [-340.578125, 330.703125, 0.0], [-6.0, 70.0, 1.0], [-2.0, -13.0, 0.0], [-16.0, 47.0, 0.0], [-1.0, 15.0, 1.0], [21.0, -44.0, 0.0], [15.0, 31.0, 0.0], [8.0, 12.0, 0.0], [2.0, 1.0, 0.0], [-1.0, -3.0, 1.0], [-22.0, -104.0, 0.0], [31.0, 25.0, 0.0], [13.0, 16.0, 0.0], [0.0, -6.0, 1.0], [-48.0, -43.0, 0.0], [-27.0, 29.0, 1.0], [39.0, -66.0, 0.0], [-3.0, -6.0, 0.0], [-6.0, -2.0, 0.0], [-9.0, 5.0, 0.0], [-6.0, 11.0, 0.0], [1.0, 15.0, 0.0], [3.0, 3.0, 0.0], [9.0, 0.0, 0.0], [15.0, -9.0, 0.0], [3.0, -15.0, 0.0], [-2.0, -6.0, 0.0], [-4.0, -2.0, 0.0], [-3.0, 3.0, 1.0], [-16.0, 4.0, 0.0], [1.0, 1.0, 1.0], [0.0, 13.0, 0.0], [6.0, 4.0, 0.0], [8.0, -7.0, 1.0], [-19.0, -20.0, 0.0], [-1.0, -9.0, 1.0], [24.0, 2.0, 0.0], [4.0, -4.0, 1.0], [28.421875, 98.703125, 0.0], [-6.0, 3.0, 0.0], [-7.0, 12.0, 0.0], [0.0, 18.0, 0.0], [3.0, 2.0, 0.0], [8.0, -19.0, 0.0], [0.0, 15.0, 0.0], [6.0, 13.0, 0.0], [3.0, -12.0, 0.0], [-1.0, -14.0, 0.0], [10.0, 25.0, 0.0], [6.0, 1.0, 0.0], [4.0, -4.0, 0.0], [2.0, -8.0, 0.0], [-10.0, -14.0, 0.0], [4.0, 3.0, 0.0], [6.0, -4.0, 0.0], [3.0, -18.0, 0.0], [-8.0, -11.0, 0.0], [-15.0, -3.0, 0.0], [-7.0, 2.0, 0.0], [-8.0, 13.0, 1.0], [-65.578125, -19.296875, 0.0], [-17.0, -5.0, 0.0], [-4.0, 7.0, 0.0], [1.0, 15.0, 0.0], [11.0, 9.0, 0.0], [11.0, -1.0, 0.0], [4.0, -7.0, 0.0], [-3.0, -11.0, 0.0], [-12.0, -7.0, 1.0], [-12.0, 0.0, 0.0], [8.0, 10.0, 0.0], [4.0, 14.0, 1.0], [3.0, -28.0, 0.0], [5.0, 20.0, 0.0], [7.0, 6.0, 1.0], [154.421875, -151.296875, 0.0], [13.0, 50.0, 0.0], [8.0, 17.0, 1.0], [-10.0, -7.0, 0.0], [0.0, 42.0, 0.0], [3.0, 1.0, 1.0], [10.0, -42.0, 0.0], [10.0, 18.0, 0.0], [5.0, 6.0, 0.0], [5.0, 3.0, 0.0], [-1.0, -3.0, 1.0], [-36.0, -74.0, 0.0], [17.0, 16.0, 0.0], [17.0, 5.0, 1.0], [-40.0, -23.0, 0.0], [-6.0, 19.0, 0.0], [-1.0, 17.0, 1.0], [1.0, -88.0, 0.0], [-9.0, 12.0, 0.0], [-1.0, 21.0, 0.0], [5.0, 7.0, 0.0], [10.0, 2.0, 0.0], [11.0, -10.0, 0.0], [4.0, -17.0, 0.0], [-2.0, -5.0, 0.0], [-4.0, -4.0, 0.0], [-9.0, 3.0, 1.0], [-13.0, 1.0, 0.0], [2.0, 1.0, 1.0], [50.421875, 57.703125, 0.0], [-1.0, 16.0, 0.0], [3.0, 4.0, 0.0], [14.0, -40.0, 0.0], [5.0, -38.0, 0.0], [0.0, -28.0, 0.0], [-3.0, 0.0, 0.0], [-12.0, 66.0, 0.0], [-10.0, 26.0, 1.0], [4.0, -6.0, 0.0], [9.0, 4.0, 1.0], [399.421875, -341.296875, 0.0], [1.0, 69.0, 0.0], [-5.0, 157.0, 0.0], [1.0, 107.0, 0.0], [5.0, 24.0, 1.0], [-1.0, -371.0, 0.0], [95.0, -7.0, 0.0], [25.0, 3.0, 0.0], [5.0, 2.0, 0.0], [0.0, 3.0, 1.0], [-129.0, 386.0, 0.0], [47.0, -4.0, 0.0], [89.0, 2.0, 0.0], [8.0, -5.0, 1.0], [2.0, -385.0, 0.0], [5.0, 84.0, 0.0], [-5.0, 180.0, 0.0], [1.0, 132.0, 1.0], [-107.0, -390.0, 0.0], [7.0, 89.0, 0.0], [5.0, 130.0, 0.0], [1.0, 139.0, 0.0], [4.0, 18.0, 1.0], [48.0, -369.0, 0.0], [11.0, 136.0, 0.0], [-4.0, 162.0, 0.0], [7.0, 20.0, 0.0], [5.0, 73.0, 1.0], [-89.0, -405.0, 0.0], [-14.0, 33.0, 1.0], [31.0, 353.0, 0.0], [-6.0, 22.0, 1.0], [-44.0, -7.0, 0.0], [-2.0, 15.0, 1.0], [-1.0, -381.0, 0.0], [-10.0, 48.0, 1.0], [54.421875, -31.296875, 0.0], [-4.0, -3.0, 0.0], [-3.0, 10.0, 0.0], [1.0, 7.0, 0.0], [5.0, 5.0, 0.0], [9.0, -5.0, 0.0], [-1.0, -12.0, 1.0], [-13.0, 16.0, 0.0], [-4.0, 17.0, 0.0], [0.0, 12.0, 0.0], [4.0, 3.0, 1.0], [-5.0, -10.0, 0.0], [-9.0, 18.0, 1.0], [16.0, -7.0, 0.0], [6.0, 17.0, 0.0], [3.0, 2.0, 0.0], [0.0, -3.0, 1.0], [-21.0, -44.0, 0.0], [-3.0, 11.0, 1.0], [20.0, -14.0, 0.0], [13.0, 18.0, 1.0], [-6.578125, 70.703125, 0.0], [0.0, -6.0, 0.0], [-4.0, -2.0, 0.0], [-7.0, 7.0, 0.0], [-2.0, 16.0, 0.0], [6.0, 5.0, 0.0], [6.0, -2.0, 0.0], [9.0, -19.0, 0.0], [-4.0, -9.0, 1.0], [-14.0, 32.0, 0.0], [2.0, 23.0, 0.0], [5.0, 9.0, 1.0], [-4.0, -8.0, 0.0], [-8.0, 21.0, 1.0], [12.0, -16.0, 0.0], [4.0, 14.0, 0.0], [2.0, 3.0, 0.0], [2.0, -2.0, 1.0], [-19.0, -35.0, 0.0], [-7.0, 11.0, 1.0], [19.0, -12.0, 0.0], [9.0, 16.0, 1.0]], "gt_class_names": ["baseball field", "yoga", "glove", "baseball", "yoga", "baseball bat", "tribune", "yoga", "yoga"]}