{"img_id": "sceneid-101-userid-52", "img_w": 1100, "img_h": 770, "object_divisions": [0, 1, 5, 6, 9, 16, 25, 33, 36, 39, 40, 42], "scene_strokes": [[257.421875, 253.703125, 0.0], [-11.0, 7.0, 0.0], [-22.0, 22.0, 0.0], [-22.0, 36.0, 0.0], [-11.0, 47.0, 0.0], [-2.0, 50.0, 0.0], [11.0, 47.0, 0.0], [11.0, 24.0, 0.0], [18.0, 27.0, 0.0], [37.0, 41.0, 0.0], [34.0, 23.0, 0.0], [26.0, 12.0, 0.0], [28.0, 7.0, 0.0], [53.0, 2.0, 0.0], [45.0, -4.0, 0.0], [46.0, -10.0, 0.0], [71.0, -23.0, 0.0], [31.0, -14.0, 0.0], [46.0, -31.0, 0.0], [21.0, -29.0, 0.0], [9.0, -21.0, 0.0], [5.0, -42.0, 0.0], [-6.0, -48.0, 0.0], [-13.0, -40.0, 0.0], [-15.0, -31.0, 0.0], [-27.0, -40.0, 0.0], [-34.0, -30.0, 0.0], [-29.0, -16.0, 0.0], [-55.0, -19.0, 0.0], [-42.0, -6.0, 0.0], [-65.0, 2.0, 0.0], [-53.0, 10.0, 0.0], [-29.0, 9.0, 0.0], [-47.0, 26.0, 0.0], [-31.0, 24.0, 1.0], [284.421875, 66.703125, 0.0], [-26.0, 12.0, 0.0], [-19.0, 20.0, 0.0], [-16.0, 26.0, 0.0], [-12.0, 30.0, 0.0], [-3.0, 29.0, 0.0], [5.0, 18.0, 0.0], [17.0, 16.0, 0.0], [12.0, 5.0, 0.0], [39.0, 4.0, 0.0], [16.0, -2.0, 0.0], [18.0, -7.0, 0.0], [24.0, -24.0, 0.0], [9.0, -17.0, 0.0], [3.0, -25.0, 0.0], [-2.0, -33.0, 0.0], [-8.0, -33.0, 0.0], [-9.0, -20.0, 0.0], [-11.0, -12.0, 0.0], [-19.0, -6.0, 0.0], [-20.0, 3.0, 0.0], [-15.0, 10.0, 1.0], [-6.0, 72.0, 0.0], [-3.0, 21.0, 0.0], [8.0, 14.0, 0.0], [12.0, 5.0, 0.0], [13.0, -5.0, 0.0], [5.0, -6.0, 0.0], [8.0, -13.0, 0.0], [4.0, -15.0, 0.0], [-5.0, -22.0, 0.0], [-13.0, -16.0, 0.0], [-15.0, 2.0, 0.0], [-16.0, 10.0, 0.0], [-5.0, 10.0, 0.0], [0.0, 11.0, 0.0], [3.0, 3.0, 1.0], [12.0, -24.0, 0.0], [-12.0, 24.0, 0.0], [1.0, 3.0, 0.0], [21.0, -6.0, 0.0], [-6.0, 8.0, 0.0], [10.0, -2.0, 1.0], [7.0, -4.0, 0.0], [-12.0, 14.0, 0.0], [-9.0, 17.0, 0.0], [16.0, -14.0, 0.0], [-12.0, 8.0, 0.0], [17.0, -24.0, 0.0], [5.0, -18.0, 0.0], [-3.0, -3.0, 0.0], [-17.0, 1.0, 0.0], [4.0, -13.0, 0.0], [-10.0, 10.0, 0.0], [3.0, 3.0, 0.0], [20.0, 3.0, 0.0], [3.0, 6.0, 0.0], [-14.0, 23.0, 0.0], [3.0, 3.0, 0.0], [14.0, -2.0, 0.0], [-14.0, 24.0, 1.0], [-251.578125, -31.296875, 0.0], [6.0, 13.0, 0.0], [17.0, 20.0, 0.0], [49.0, 33.0, 0.0], [65.0, 25.0, 0.0], [10.0, 7.0, 0.0], [10.0, 13.0, 0.0], [1.0, 6.0, 0.0], [-10.0, 6.0, 0.0], [-61.0, 13.0, 0.0], [-41.0, -18.0, 0.0], [-13.0, -9.0, 0.0], [-24.0, -38.0, 0.0], [-11.0, -42.0, 0.0], [-10.0, -23.0, 0.0], [-1.0, -17.0, 1.0], [46.421875, -126.296875, 0.0], [9.0, 86.0, 1.0], [-14.0, -89.0, 0.0], [20.0, -12.0, 0.0], [52.0, -16.0, 0.0], [60.0, -13.0, 0.0], [36.0, -3.0, 0.0], [9.0, 1.0, 0.0], [16.0, 17.0, 0.0], [5.0, 12.0, 0.0], [5.0, 33.0, 0.0], [0.0, 9.0, 0.0], [-13.0, 8.0, 0.0], [-187.0, 51.0, 1.0], [-5.0, -10.0, 0.0], [-10.0, -39.0, 0.0], [-3.0, -27.0, 0.0], [0.0, -26.0, 0.0], [5.0, -9.0, 0.0], [25.0, -12.0, 0.0], [59.0, -17.0, 0.0], [67.0, -10.0, 0.0], [22.0, 0.0, 0.0], [17.0, 4.0, 0.0], [19.0, 24.0, 0.0], [11.0, 26.0, 0.0], [2.0, 27.0, 0.0], [-6.0, 16.0, 0.0], [-14.0, 12.0, 0.0], [-26.0, 13.0, 0.0], [-92.0, 25.0, 0.0], [-59.0, 21.0, 0.0], [-4.0, 0.0, 0.0], [-11.0, -12.0, 0.0], [-13.0, -33.0, 0.0], [7.0, 23.0, 1.0], [-201.578125, -262.296875, 0.0], [17.0, 393.0, 0.0], [-2.0, 76.0, 0.0], [-12.0, 112.0, 0.0], [0.0, 77.0, 1.0], [-4.0, -678.0, 0.0], [174.0, 4.0, 0.0], [283.0, 14.0, 0.0], [197.0, 6.0, 0.0], [54.0, 5.0, 0.0], [27.0, 7.0, 0.0], [13.0, 7.0, 0.0], [11.0, 16.0, 0.0], [2.0, 15.0, 0.0], [-4.0, 125.0, 0.0], [4.0, 229.0, 0.0], [-2.0, 31.0, 0.0], [-15.0, 68.0, 0.0], [5.0, 40.0, 0.0], [-4.0, 1.0, 1.0], [-736.0, 71.0, 0.0], [12.0, 5.0, 0.0], [45.0, 0.0, 0.0], [221.0, -22.0, 0.0], [143.0, -26.0, 0.0], [93.0, -13.0, 0.0], [122.0, -25.0, 0.0], [58.0, -6.0, 0.0], [77.0, -3.0, 1.0], [-782.0, 87.0, 0.0], [-1.0, 16.0, 0.0], [9.0, 82.0, 1.0], [730.0, -190.0, 0.0], [13.0, 155.0, 0.0], [4.0, 17.0, 0.0], [4.0, 1.0, 1.0], [1.0, -640.0, 0.0], [28.0, 48.0, 0.0], [15.0, 50.0, 0.0], [10.0, 44.0, 0.0], [14.0, 99.0, 0.0], [14.0, 36.0, 1.0], [-851.0, -340.0, 0.0], [6.0, 94.0, 0.0], [-1.0, 121.0, 1.0], [561.421875, -185.296875, 0.0], [-7.0, 37.0, 0.0], [4.0, 36.0, 0.0], [10.0, 17.0, 0.0], [25.0, 20.0, 0.0], [26.0, 7.0, 0.0], [21.0, -4.0, 0.0], [13.0, -8.0, 0.0], [17.0, -17.0, 0.0], [8.0, -19.0, 0.0], [-2.0, -33.0, 0.0], [-11.0, -18.0, 0.0], [-29.0, -18.0, 0.0], [-17.0, -5.0, 0.0], [-33.0, 5.0, 0.0], [-23.0, 11.0, 0.0], [-10.0, 14.0, 0.0], [1.0, 12.0, 1.0], [84.0, 76.0, 0.0], [0.0, 55.0, 0.0], [-14.0, 110.0, 0.0], [7.0, 12.0, 0.0], [25.0, -8.0, 0.0], [13.0, 7.0, 0.0], [16.0, 18.0, 0.0], [23.0, 48.0, 0.0], [17.0, 65.0, 1.0], [-94.0, -140.0, 0.0], [-15.0, 48.0, 0.0], [-15.0, 86.0, 0.0], [0.0, 18.0, 0.0], [2.0, -6.0, 1.0], [39.0, -312.0, 0.0], [33.0, 38.0, 0.0], [60.0, 84.0, 1.0], [-108.0, -121.0, 0.0], [-33.0, 38.0, 0.0], [-21.0, 31.0, 0.0], [-20.0, 17.0, 0.0], [-4.0, -15.0, 0.0], [-19.0, -37.0, 0.0], [-30.0, -33.0, 0.0], [-10.0, -20.0, 0.0], [-2.0, 9.0, 1.0], [89.0, -56.0, 0.0], [4.0, 6.0, 0.0], [6.0, 2.0, 0.0], [9.0, -4.0, 0.0], [1.0, -10.0, 0.0], [-6.0, -8.0, 0.0], [-20.0, 18.0, 0.0], [0.0, 8.0, 1.0], [67.0, -10.0, 0.0], [9.0, 3.0, 0.0], [5.0, -3.0, 0.0], [4.0, -10.0, 0.0], [-1.0, -10.0, 0.0], [-27.0, 2.0, 0.0], [-4.0, 3.0, 0.0], [-2.0, 10.0, 1.0], [-14.0, -17.0, 0.0], [1.0, 38.0, 1.0], [-10.0, 16.0, 0.0], [10.0, 4.0, 0.0], [11.0, 0.0, 0.0], [30.0, -17.0, 1.0], [-595.578125, 60.703125, 0.0], [2.0, 20.0, 0.0], [5.0, 10.0, 0.0], [7.0, 5.0, 0.0], [11.0, 2.0, 0.0], [9.0, -3.0, 0.0], [11.0, -9.0, 0.0], [19.0, -33.0, 0.0], [4.0, -20.0, 0.0], [1.0, -37.0, 0.0], [-7.0, -22.0, 0.0], [-9.0, -13.0, 0.0], [-21.0, -9.0, 0.0], [-14.0, 6.0, 0.0], [-13.0, 17.0, 0.0], [-10.0, 19.0, 0.0], [-2.0, 14.0, 1.0], [22.0, 71.0, 0.0], [5.0, 43.0, 0.0], [0.0, 139.0, 0.0], [7.0, 50.0, 0.0], [4.0, 12.0, 0.0], [13.0, 20.0, 0.0], [38.0, 32.0, 0.0], [50.0, 55.0, 1.0], [-104.0, -88.0, 0.0], [-22.0, 121.0, 1.0], [9.0, -374.0, 0.0], [14.0, 36.0, 0.0], [33.0, 57.0, 1.0], [-57.0, -93.0, 0.0], [-5.0, 31.0, 0.0], [-27.0, 96.0, 0.0], [1.0, 8.0, 1.0], [20.0, -209.0, 0.0], [8.0, 17.0, 0.0], [11.0, -1.0, 0.0], [0.0, -11.0, 0.0], [-11.0, -8.0, 0.0], [-8.0, 4.0, 0.0], [-3.0, 8.0, 1.0], [47.0, -13.0, 0.0], [7.0, 6.0, 0.0], [8.0, -3.0, 0.0], [3.0, -5.0, 0.0], [-3.0, -10.0, 0.0], [-7.0, -5.0, 0.0], [-13.0, 18.0, 1.0], [17.0, 150.0, 0.0], [13.0, 12.0, 0.0], [-3.0, 2.0, 1.0], [250.421875, 246.703125, 0.0], [-19.0, 18.0, 0.0], [-27.0, 6.0, 0.0], [-7.0, -2.0, 0.0], [71.0, 1.0, 0.0], [14.0, 6.0, 0.0], [-13.0, 23.0, 0.0], [-36.0, 43.0, 0.0], [-3.0, 0.0, 1.0], [15.0, -68.0, 0.0], [-12.0, 15.0, 0.0], [-35.0, 25.0, 1.0], [82.0, -48.0, 0.0], [85.0, -16.0, 0.0], [81.0, -20.0, 0.0], [3.0, -3.0, 1.0], [-288.578125, -464.296875, 0.0], [68.0, 21.0, 0.0], [1.0, 3.0, 1.0], [-19.0, -13.0, 0.0], [-40.0, 45.0, 0.0], [-9.0, 17.0, 1.0], [8.0, -55.0, 0.0], [21.0, -5.0, 0.0], [38.0, -1.0, 0.0], [89.0, 9.0, 0.0], [61.0, -2.0, 1.0], [101.421875, 465.703125, 0.0], [-101.0, 29.0, 0.0], [-61.0, 9.0, 0.0], [-18.0, 8.0, 0.0], [27.0, -3.0, 0.0], [42.0, 2.0, 0.0], [17.0, -9.0, 0.0], [113.0, -20.0, 0.0], [-14.0, -16.0, 1.0], [-282.578125, -516.296875, 0.0], [29.0, 6.0, 0.0], [138.0, 11.0, 0.0], [36.0, 7.0, 1.0], [-210.0, -28.0, 0.0], [9.0, 28.0, 0.0], [4.0, 3.0, 0.0], [27.0, -6.0, 0.0], [29.0, 0.0, 0.0], [147.0, 16.0, 0.0], [-18.0, -22.0, 1.0]], "gt_class_names": ["plate", "egg", "hot dog", "bread", "table", "yoga", "yoga", "fork", "fork", "knife", "knife"]}