{"img_id": "sceneid-48-userid-86", "img_w": 1100, "img_h": 770, "object_divisions": [0, 9, 14], "scene_strokes": [[282.0, 232.703125, 0.0], [13.0, 4.0, 0.0], [12.0, -3.0, 0.0], [5.0, -20.0, 0.0], [-4.0, -15.0, 0.0], [-12.0, -15.0, 0.0], [-17.0, -6.0, 0.0], [-13.0, 2.0, 0.0], [-8.0, 11.0, 0.0], [0.0, 29.0, 0.0], [14.0, 9.0, 0.0], [12.0, -4.0, 1.0], [2.0, 7.0, 0.0], [-3.0, 26.0, 0.0], [1.0, 54.0, 0.0], [37.0, 1.0, 0.0], [20.0, 6.0, 0.0], [16.0, 9.0, 0.0], [13.0, 17.0, 0.0], [11.0, 63.0, 1.0], [-99.0, -100.0, 0.0], [4.0, 28.0, 0.0], [13.0, 4.0, 0.0], [21.0, 25.0, 0.0], [9.0, 26.0, 0.0], [10.0, 57.0, 1.0], [-54.0, -170.0, 0.0], [27.0, 7.0, 0.0], [13.0, 0.0, 0.0], [9.0, -2.0, 0.0], [23.0, -13.0, 0.0], [4.0, -6.0, 0.0], [-4.0, -16.0, 0.0], [-19.0, -22.0, 0.0], [-8.0, -3.0, 1.0], [-2.0, -25.0, 0.0], [1.0, 40.0, 0.0], [-12.0, -2.0, 1.0], [8.0, -36.0, 0.0], [-11.0, -9.0, 1.0], [5.0, 47.0, 0.0], [-8.0, -5.0, 0.0], [2.0, -1.0, 1.0], [2.0, -37.0, 0.0], [-11.0, -2.0, 0.0], [-4.0, -4.0, 1.0], [-20.0, 86.0, 0.0], [-13.0, 12.0, 0.0], [-13.0, 28.0, 0.0], [-12.0, 67.0, 0.0], [4.0, 0.0, 1.0], [33.0, -80.296875, 0.0], [-14.0, 1.0, 1.0], [-15.0, 5.0, 0.0], [-10.0, 1.0, 0.0], [-12.0, 6.0, 0.0], [-35.0, 39.0, 0.0], [-12.0, 34.0, 0.0], [-1.0, 25.0, 0.0], [3.0, 10.0, 0.0], [13.0, 7.0, 0.0], [20.0, -3.0, 0.0], [9.0, 7.0, 0.0], [17.0, -8.0, 0.0], [10.0, 6.0, 0.0], [10.0, -2.0, 0.0], [33.0, 10.0, 0.0], [15.0, -5.0, 0.0], [5.0, -5.0, 0.0], [17.0, -3.0, 1.0], [2.0, -12.0, 0.0], [6.0, 0.0, 0.0], [5.0, -8.0, 0.0], [4.0, 2.0, 0.0], [5.0, -6.0, 0.0], [11.0, -3.0, 0.0], [11.0, -19.0, 1.0], [-2.0, -4.0, 0.0], [7.0, -1.0, 0.0], [3.0, -6.0, 0.0], [-7.0, -15.0, 1.0], [2.0, -1.0, 0.0], [8.0, -3.0, 0.0], [-2.0, -19.0, 0.0], [-9.0, -13.0, 0.0], [-10.0, -5.0, 0.0], [-15.0, -14.0, 0.0], [-7.0, 4.0, 0.0], [-24.0, -9.0, 0.0], [-26.0, 0.0, 0.0], [-11.0, 3.0, 1.0]], "gt_class_names": ["yoga", "stone"]}