{"img_id": "sceneid-161-userid-98", "img_w": 1100, "img_h": 770, "object_divisions": [0, 2, 7, 8, 12], "scene_strokes": [[344.0, 160.703125, 0.0], [0.0, 78.0, 0.0], [-6.0, 87.0, 0.0], [1.0, 87.0, 1.0], [7.0, -254.0, 0.0], [131.0, 2.0, 0.0], [143.0, -5.0, 0.0], [-9.0, 92.0, 0.0], [0.0, 76.0, 0.0], [5.0, 67.0, 0.0], [0.0, 14.0, 0.0], [-2.0, -1.0, 1.0], [-130.0, -6.296875, 0.0], [6.0, -36.0, 0.0], [-5.0, -64.0, 1.0], [34.0, 104.0, 0.0], [0.0, -26.0, 0.0], [-2.0, -21.0, 0.0], [-5.0, -14.0, 0.0], [-1.0, -35.0, 1.0], [-29.0, -9.0, 0.0], [9.0, 6.0, 0.0], [14.0, 0.0, 0.0], [11.0, -6.0, 0.0], [-15.0, -13.0, 0.0], [-15.0, -1.0, 0.0], [-7.0, 5.0, 0.0], [-3.0, 7.0, 0.0], [2.0, 6.0, 0.0], [6.0, 2.0, 0.0], [12.0, -3.0, 1.0], [11.0, 12.0, 0.0], [4.0, -3.0, 0.0], [-2.0, -5.0, 1.0], [-14.0, 3.0, 0.0], [-2.0, -4.0, 0.0], [0.0, 7.0, 0.0], [4.0, 27.0, 0.0], [4.0, 7.0, 0.0], [5.0, 44.0, 1.0], [-119.0, -6.296875, 0.0], [-6.0, 0.0, 0.0], [-5.0, 11.0, 0.0], [2.0, 15.0, 0.0], [5.0, 5.0, 0.0], [10.0, 4.0, 0.0], [10.0, -3.0, 0.0], [9.0, -14.0, 0.0], [0.0, -11.0, 0.0], [-7.0, -9.0, 0.0], [-9.0, -5.0, 0.0], [-15.0, 3.0, 1.0], [182.0, -93.296875, 0.0], [-1.0, -5.0, 0.0], [-9.0, -1.0, 0.0], [-9.0, 9.0, 0.0], [-1.0, 10.0, 0.0], [6.0, 7.0, 0.0], [12.0, 2.0, 0.0], [15.0, -5.0, 0.0], [10.0, -8.0, 0.0], [0.0, -6.0, 0.0], [-6.0, -6.0, 0.0], [-20.0, -2.0, 1.0], [-7.0, 29.0, 0.0], [3.0, 42.0, 0.0], [-4.0, 49.0, 1.0], [20.0, -91.0, 0.0], [2.0, -2.0, 0.0], [4.0, 7.0, 0.0], [4.0, 33.0, 0.0], [-1.0, 27.0, 0.0], [5.0, 29.0, 1.0], [-24.0, -95.0, 0.0], [11.0, 51.0, 0.0], [-3.0, 39.0, 1.0]], "gt_class_names": ["wall", "chair", "stone", "chair"]}