{"img_id": "sceneid-29-userid-5", "img_w": 1100, "img_h": 770, "object_divisions": [0, 6, 13, 16, 18, 26, 30, 37, 38, 39, 40], "scene_strokes": [[887.0, 179.703125, 0.0], [-11.0, 19.0, 0.0], [-67.0, 74.0, 0.0], [-38.0, 50.0, 0.0], [-23.0, 40.0, 0.0], [-5.0, 14.0, 0.0], [2.0, 10.0, 0.0], [7.0, 6.0, 0.0], [63.0, 26.0, 0.0], [70.0, 35.0, 0.0], [23.0, 6.0, 0.0], [13.0, -10.0, 0.0], [44.0, -96.0, 0.0], [61.0, -90.0, 0.0], [9.0, -23.0, 0.0], [-5.0, -14.0, 0.0], [-21.0, -23.0, 0.0], [-27.0, -15.0, 0.0], [-65.0, -20.0, 0.0], [-38.0, -4.0, 1.0], [15.0, -2.0, 0.0], [17.0, -51.0, 0.0], [3.0, -59.0, 0.0], [3.0, -5.0, 0.0], [83.0, -10.0, 0.0], [33.0, 1.0, 0.0], [7.0, 4.0, 0.0], [6.0, 10.0, 0.0], [5.0, 34.0, 0.0], [-4.0, 107.0, 0.0], [-5.0, 27.0, 1.0], [-120.0, -40.0, 0.0], [-13.0, 37.0, 0.0], [2.0, 5.0, 0.0], [85.0, 18.0, 0.0], [8.0, -14.0, 0.0], [15.0, -57.0, 0.0], [-46.0, -7.0, 0.0], [-52.0, -1.0, 1.0], [113.0, 86.0, 0.0], [0.0, 79.0, 1.0], [-119.0, 146.0, 0.0], [0.0, 56.0, 1.0], [-173.0, -116.0, 0.0], [-2.0, 33.0, 0.0], [3.0, 21.0, 1.0], [-285.0, -294.296875, 0.0], [18.0, 6.0, 0.0], [30.0, -7.0, 0.0], [17.0, -13.0, 0.0], [3.0, -17.0, 0.0], [-14.0, -13.0, 0.0], [-22.0, -3.0, 0.0], [-26.0, 10.0, 0.0], [-7.0, 6.0, 0.0], [-6.0, 17.0, 1.0], [25.0, 22.0, 0.0], [-4.0, 40.0, 0.0], [1.0, 49.0, 0.0], [-4.0, 92.0, 0.0], [-55.0, 46.0, 0.0], [41.0, -46.0, 0.0], [29.0, 51.0, 1.0], [-16.0, -221.0, 0.0], [-13.0, 18.0, 0.0], [-35.0, 30.0, 0.0], [19.0, -15.0, 0.0], [32.0, -33.0, 0.0], [6.0, 2.0, 0.0], [22.0, 35.0, 1.0], [-55.0, -28.0, 0.0], [19.0, 14.0, 0.0], [17.0, 4.0, 1.0], [21.0, -22.0, 0.0], [-28.0, 26.0, 1.0], [-26.0, -21.0, 0.0], [1.0, 22.0, 0.0], [-5.0, 34.0, 0.0], [-17.0, 75.0, 0.0], [75.0, -3.0, 0.0], [4.0, -3.0, 0.0], [2.0, -17.0, 0.0], [-3.0, -122.0, 0.0], [-5.0, -2.0, 0.0], [-22.0, 7.0, 1.0], [-31.0, -6.0, 0.0], [30.0, -1.0, 1.0], [-57.0, 55.703125, 0.0], [-22.0, -21.0, 0.0], [-1.0, 6.0, 0.0], [5.0, 7.0, 0.0], [17.0, 8.0, 0.0], [0.0, -7.0, 0.0], [-12.0, -17.0, 0.0], [-13.0, -2.0, 0.0], [-3.0, 6.0, 0.0], [2.0, 3.0, 0.0], [11.0, 7.0, 0.0], [14.0, 0.0, 0.0], [-7.0, -11.0, 0.0], [-9.0, -7.0, 0.0], [-7.0, -1.0, 0.0], [4.0, 16.0, 0.0], [13.0, 6.0, 0.0], [7.0, -2.0, 0.0], [-8.0, -16.0, 0.0], [-7.0, -4.0, 0.0], [-6.0, 12.0, 0.0], [5.0, 7.0, 0.0], [16.0, 7.0, 0.0], [-9.0, -3.0, 0.0], [-20.0, 6.0, 0.0], [-9.0, 6.0, 0.0], [-2.0, 5.0, 0.0], [4.0, 4.0, 0.0], [19.0, -2.0, 0.0], [12.0, -7.0, 0.0], [1.0, -7.0, 0.0], [-11.0, -3.0, 0.0], [-21.0, 8.0, 0.0], [-2.0, 7.0, 0.0], [11.0, 2.0, 0.0], [20.0, -9.0, 0.0], [2.0, -5.0, 0.0], [-3.0, -2.0, 0.0], [-13.0, 0.0, 0.0], [-13.0, 6.0, 0.0], [0.0, 6.0, 0.0], [14.0, 0.0, 0.0], [17.0, -7.0, 0.0], [1.0, -6.0, 0.0], [-10.0, -3.0, 0.0], [-8.0, 9.0, 0.0], [1.0, 7.0, 0.0], [10.0, 1.0, 0.0], [12.0, -8.0, 0.0], [0.0, -8.0, 0.0], [11.0, -18.0, 0.0], [1.0, -7.0, 0.0], [-4.0, -2.0, 0.0], [-9.0, 6.0, 0.0], [-6.0, 16.0, 0.0], [1.0, 3.0, 0.0], [8.0, 0.0, 0.0], [8.0, -7.0, 0.0], [0.0, -8.0, 0.0], [-6.0, -4.0, 0.0], [-4.0, 1.0, 0.0], [-8.0, 11.0, 0.0], [1.0, 7.0, 0.0], [3.0, 1.0, 0.0], [13.0, -6.0, 0.0], [2.0, -9.0, 0.0], [-3.0, -4.0, 0.0], [-8.0, 12.0, 0.0], [4.0, 5.0, 0.0], [8.0, -2.0, 0.0], [6.0, -8.0, 0.0], [-3.0, -7.0, 0.0], [-5.0, 3.0, 0.0], [-3.0, 15.0, 1.0], [-15.0, 13.0, 0.0], [12.0, 16.0, 0.0], [-8.0, -16.0, 0.0], [6.0, 7.0, 0.0], [1.0, -2.0, 0.0], [-5.0, -6.0, 1.0], [-8.0, -18.0, 0.0], [-27.0, -29.0, 0.0], [8.0, 14.0, 0.0], [14.0, 15.0, 0.0], [-11.0, -11.0, 0.0], [-7.0, -16.0, 0.0], [22.0, 24.0, 0.0], [-16.0, -16.0, 0.0], [-7.0, -12.0, 0.0], [18.0, 21.0, 0.0], [-15.0, -20.0, 0.0], [14.0, 17.0, 0.0], [-25.0, -16.0, 0.0], [19.0, 23.0, 0.0], [-10.0, -16.0, 0.0], [9.0, 20.0, 0.0], [-15.0, -14.0, 0.0], [8.0, 10.0, 0.0], [12.0, 6.0, 0.0], [4.0, -1.0, 0.0], [-3.0, -13.0, 0.0], [-9.0, -11.0, 0.0], [24.0, 24.0, 1.0], [98.0, -8.296875, 0.0], [-1.0, 21.0, 0.0], [6.0, 24.0, 0.0], [4.0, 4.0, 0.0], [7.0, 1.0, 0.0], [6.0, -4.0, 0.0], [5.0, -12.0, 0.0], [-1.0, -12.0, 0.0], [-10.0, -31.0, 0.0], [-17.0, 4.0, 1.0], [5.0, 14.0, 0.0], [12.0, -7.0, 0.0], [-17.0, 11.0, 0.0], [17.0, -5.0, 0.0], [-8.0, 9.0, 0.0], [12.0, -4.0, 0.0], [-12.0, 12.0, 0.0], [4.0, 0.0, 0.0], [-6.0, 7.0, 0.0], [12.0, -5.0, 0.0], [-10.0, 13.0, 0.0], [9.0, -3.0, 0.0], [-6.0, 8.0, 0.0], [10.0, -3.0, 0.0], [-4.0, 5.0, 0.0], [2.0, 7.0, 1.0], [108.0, 32.703125, 0.0], [11.0, -1.0, 0.0], [11.0, -6.0, 0.0], [7.0, -11.0, 0.0], [5.0, -21.0, 1.0], [8.0, 7.0, 0.0], [12.0, 13.0, 0.0], [18.0, 11.0, 1.0], [-38.0, -27.0, 0.0], [2.0, 20.0, 0.0], [4.0, 9.0, 1.0], [-3.0, -34.0, 0.0], [-10.0, -1.0, 0.0], [-1.0, -21.0, 0.0], [4.0, -113.0, 0.0], [11.0, -53.0, 0.0], [0.0, -28.0, 0.0], [7.0, -7.0, 0.0], [7.0, -2.0, 0.0], [54.0, -10.0, 0.0], [5.0, 4.0, 0.0], [3.0, 50.0, 1.0], [-4.0, -10.0, 0.0], [-11.0, 1.0, 0.0], [-10.0, 8.0, 0.0], [-5.0, 15.0, 0.0], [3.0, 7.0, 0.0], [6.0, 4.0, 0.0], [24.0, 3.0, 0.0], [27.0, -11.0, 0.0], [4.0, -15.0, 0.0], [-10.0, -14.0, 0.0], [-10.0, -4.0, 0.0], [-10.0, 1.0, 0.0], [-14.0, 13.0, 1.0], [-2.0, 3.0, 0.0], [2.0, 17.0, 0.0], [-1.0, -14.0, 0.0], [-5.0, -7.0, 0.0], [-7.0, 64.0, 0.0], [1.0, 16.0, 0.0], [6.0, 2.0, 0.0], [36.0, -7.0, 0.0], [6.0, -5.0, 0.0], [3.0, -55.0, 0.0], [-5.0, -16.0, 1.0], [-38.0, 14.0, 0.0], [-5.0, 13.0, 0.0], [2.0, 1.0, 0.0], [20.0, -21.0, 0.0], [-10.0, 29.0, 0.0], [23.0, -24.0, 0.0], [-25.0, 42.0, 0.0], [14.0, -10.0, 0.0], [12.0, -15.0, 0.0], [-21.0, 39.0, 0.0], [5.0, -2.0, 0.0], [21.0, -23.0, 0.0], [-12.0, 31.0, 0.0], [-1.0, 4.0, 0.0], [4.0, -5.0, 1.0], [12.0, -11.0, 0.0], [-6.0, 6.0, 1.0], [-678.0, -30.296875, 0.0], [4.0, 39.0, 0.0], [0.0, 45.0, 0.0], [-9.0, 64.0, 0.0], [4.0, 27.0, 0.0], [73.0, -6.0, 0.0], [143.0, 5.0, 0.0], [-1.0, -24.0, 0.0], [-14.0, -74.0, 0.0], [-7.0, -64.0, 0.0], [-9.0, -30.0, 0.0], [-5.0, -6.0, 0.0], [-24.0, -6.0, 0.0], [-81.0, -3.0, 0.0], [-26.0, 4.0, 0.0], [-54.0, 19.0, 1.0], [-3.0, 170.0, 0.0], [-31.0, 53.0, 1.0], [32.0, -222.0, 0.0], [-12.0, 17.0, 0.0], [-22.0, 47.0, 1.0], [236.0, 120.0, 0.0], [-16.0, 20.0, 0.0], [-12.0, 22.0, 1.0], [-46.0, -171.296875, 0.0], [44.0, -1.0, 0.0], [7.0, -14.0, 0.0], [8.0, -47.0, 0.0], [-20.0, -1.0, 0.0], [-65.0, 12.0, 1.0], [6.0, 3.0, 0.0], [2.0, 30.0, 0.0], [-4.0, 14.0, 0.0], [-4.0, 4.0, 1.0], [63.0, -56.0, 0.0], [-5.0, -46.0, 0.0], [43.0, -11.0, 0.0], [7.0, 92.0, 0.0], [-56.0, 23.0, 1.0], [26.0, -88.0, 0.0], [-10.0, 21.0, 1.0], [14.0, -1.0, 0.0], [-14.0, 28.0, 1.0], [22.0, -8.0, 0.0], [-18.0, 23.0, 1.0], [7.0, 0.0, 0.0], [-12.0, 20.0, 1.0], [-31.0, 70.703125, 0.0], [-21.0, 8.0, 1.0], [28.0, -0.296875, 0.0], [-24.0, 7.0, 1.0], [23.0, 8.703125, 0.0], [-21.0, 4.0, 1.0]], "gt_class_names": ["bed", "yoga", "syringe", "test tube", "serum", "table", "computer", "pencil", "pencil", "pencil"]}