{"img_id": "sceneid-146-userid-90", "img_w": 1100, "img_h": 770, "object_divisions": [0, 2, 4, 13, 18], "scene_strokes": [[713.421875, 40.703125, 0.0], [-19.0, 46.0, 0.0], [-56.0, 107.0, 0.0], [-40.0, 85.0, 0.0], [-163.0, 389.0, 0.0], [-16.0, 34.0, 0.0], [-5.0, 9.0, 0.0], [-1.0, -3.0, 1.0], [418.0, -655.0, 0.0], [-82.0, 182.0, 0.0], [-43.0, 105.0, 0.0], [-83.0, 219.0, 0.0], [-86.0, 200.0, 0.0], [-4.0, 9.0, 0.0], [-2.0, -1.0, 1.0], [-487.578125, -295.296875, 0.0], [26.0, -4.0, 0.0], [40.0, 1.0, 0.0], [158.0, -6.0, 0.0], [78.0, 6.0, 0.0], [118.0, -1.0, 0.0], [89.0, -7.0, 0.0], [362.0, -10.0, 0.0], [162.0, 6.0, 1.0], [-1030.0, -257.0, 0.0], [126.0, -4.0, 0.0], [272.0, 2.0, 0.0], [281.0, -11.0, 0.0], [106.0, 0.0, 0.0], [155.0, 6.0, 0.0], [86.0, 10.0, 0.0], [46.0, -1.0, 1.0], [-823.578125, 73.703125, 0.0], [-7.0, -1.0, 0.0], [-5.0, 3.0, 0.0], [-5.0, 10.0, 0.0], [5.0, 9.0, 0.0], [12.0, 1.0, 0.0], [9.0, -6.0, 0.0], [4.0, -13.0, 0.0], [-9.0, -9.0, 0.0], [-5.0, 1.0, 0.0], [-4.0, 8.0, 1.0], [189.0, 9.0, 0.0], [14.0, -1.0, 0.0], [3.0, -5.0, 0.0], [0.0, -7.0, 0.0], [-10.0, -10.0, 0.0], [-15.0, 0.0, 0.0], [-7.0, 8.0, 0.0], [-2.0, 8.0, 1.0], [64.0, 0.0, 0.0], [0.0, -37.0, 0.0], [-40.0, -2.0, 0.0], [0.0, -79.0, 0.0], [-2.0, -10.0, 0.0], [-5.0, -4.0, 0.0], [-26.0, 2.0, 0.0], [-56.0, -3.0, 0.0], [-58.0, 5.0, 0.0], [-88.0, 1.0, 0.0], [-8.0, 3.0, 0.0], [-6.0, 7.0, 0.0], [-9.0, 42.0, 0.0], [2.0, 70.0, 0.0], [6.0, 18.0, 0.0], [17.0, 0.0, 0.0], [7.0, -7.0, 0.0], [12.0, -29.0, 0.0], [11.0, -6.0, 0.0], [27.0, 5.0, 0.0], [10.0, 16.0, 0.0], [8.0, 4.0, 0.0], [99.0, 1.0, 0.0], [10.0, -5.0, 0.0], [16.0, -29.0, 0.0], [7.0, 0.0, 0.0], [5.0, 4.0, 0.0], [23.0, -4.0, 0.0], [21.0, 29.0, 0.0], [16.0, 8.0, 0.0], [-31.0, -26.0, 0.0], [-37.0, -11.0, 0.0], [-10.0, 0.0, 0.0], [34.0, 1.0, 1.0], [-225.0, -73.0, 0.0], [4.0, 9.0, 0.0], [7.0, 3.0, 0.0], [5.0, -6.0, 0.0], [0.0, -9.0, 0.0], [-9.0, -1.0, 0.0], [-3.0, 4.0, 0.0], [1.0, 5.0, 1.0], [38.0, 2.0, 0.0], [13.0, 0.0, 0.0], [-1.0, -5.0, 0.0], [-5.0, -3.0, 0.0], [-7.0, 2.0, 0.0], [1.0, 7.0, 1.0], [33.0, -1.0, 0.0], [6.0, -4.0, 0.0], [-5.0, -3.0, 0.0], [-6.0, 0.0, 0.0], [0.0, 7.0, 1.0], [37.0, 3.0, 0.0], [10.0, -5.0, 0.0], [-3.0, -4.0, 0.0], [-8.0, -2.0, 0.0], [-5.0, 2.0, 0.0], [-3.0, 6.0, 1.0], [37.0, 6.0, 0.0], [8.0, -1.0, 0.0], [6.0, -6.0, 0.0], [-1.0, -4.0, 0.0], [-8.0, -3.0, 0.0], [-10.0, 8.0, 1.0], [66.0, -22.0, 0.0], [2.0, 30.0, 0.0], [10.0, 5.0, 0.0], [24.0, -2.0, 1.0], [-416.578125, 220.703125, 0.0], [-3.0, 0.0, 0.0], [7.0, 10.0, 0.0], [11.0, 3.0, 0.0], [4.0, -6.0, 0.0], [0.0, -7.0, 0.0], [-9.0, -10.0, 0.0], [-6.0, 0.0, 0.0], [1.0, 12.0, 1.0], [57.0, 9.0, 0.0], [24.0, -1.0, 0.0], [27.0, -10.0, 0.0], [5.0, -6.0, 0.0], [-19.0, -10.0, 0.0], [-9.0, 1.0, 0.0], [-6.0, 5.0, 0.0], [-5.0, 6.0, 0.0], [1.0, 4.0, 1.0], [-133.0, 13.0, 0.0], [14.0, 1.0, 0.0], [13.0, -3.0, 0.0], [-2.0, -21.0, 0.0], [4.0, -7.0, 0.0], [18.0, -14.0, 0.0], [11.0, -3.0, 0.0], [15.0, 1.0, 0.0], [6.0, 5.0, 0.0], [7.0, 10.0, 0.0], [7.0, 22.0, 0.0], [23.0, -3.0, 0.0], [-3.0, -25.0, 0.0], [3.0, -5.0, 0.0], [19.0, -9.0, 0.0], [15.0, 0.0, 0.0], [27.0, 7.0, 0.0], [8.0, 12.0, 0.0], [3.0, 18.0, 0.0], [8.0, 7.0, 0.0], [38.0, 0.0, 0.0], [-8.0, -38.0, 0.0], [-12.0, -34.0, 0.0], [-7.0, -16.0, 0.0], [-22.0, -30.0, 0.0], [-20.0, -19.0, 0.0], [-15.0, -8.0, 0.0], [-18.0, -4.0, 0.0], [-25.0, 3.0, 0.0], [-23.0, 9.0, 0.0], [-15.0, 10.0, 0.0], [-23.0, 21.0, 0.0], [-19.0, 23.0, 0.0], [-18.0, 24.0, 0.0], [-15.0, 28.0, 0.0], [-9.0, 25.0, 0.0], [0.0, 18.0, 1.0], [63.0, -105.0, 0.0], [93.0, -8.0, 0.0], [42.0, 1.0, 1.0], [-63.0, -43.0, 0.0], [3.0, 55.0, 1.0]], "gt_class_names": ["rail", "road", "school bus", "car"]}