{"img_id": "sceneid-177-userid-95", "img_w": 1100, "img_h": 770, "object_divisions": [0, 9, 28, 43], "scene_strokes": [[927.0, 330.703125, 0.0], [48.0, -4.0, 1.0], [-737.0, -123.0, 0.0], [9.0, 12.0, 0.0], [6.0, 20.0, 0.0], [-1.0, 16.0, 0.0], [-18.0, 82.0, 0.0], [0.0, 19.0, 0.0], [6.0, 20.0, 0.0], [12.0, 20.0, 0.0], [12.0, 8.0, 0.0], [38.0, 3.0, 0.0], [16.0, -4.0, 1.0], [16.0, -199.0, 0.0], [-8.0, 17.0, 0.0], [-2.0, 27.0, 0.0], [6.0, 39.0, 0.0], [14.0, 56.0, 0.0], [2.0, 40.0, 0.0], [-6.0, 18.0, 0.0], [-5.0, 6.0, 0.0], [-20.0, 5.0, 0.0], [-25.0, -2.0, 1.0], [-11.0, -1.0, 0.0], [34.0, -3.0, 1.0], [-70.0, -45.0, 0.0], [41.0, -7.0, 0.0], [60.0, 1.0, 1.0], [-104.0, -15.0, 0.0], [40.0, -6.0, 0.0], [35.0, 0.0, 0.0], [24.0, 5.0, 1.0], [-83.0, -97.0, 0.0], [79.0, -3.0, 1.0], [-71.0, 16.0, 0.0], [65.0, -6.0, 1.0], [-91.0, -43.0, 0.0], [45.0, 5.0, 0.0], [33.0, 0.0, 0.0], [16.0, -1.0, 0.0], [15.0, -5.0, 0.0], [5.0, -7.0, 0.0], [-10.0, -6.0, 0.0], [-62.0, -8.0, 0.0], [-31.0, 1.0, 0.0], [-20.0, 9.0, 0.0], [-3.0, 5.0, 0.0], [5.0, 5.0, 0.0], [17.0, 2.0, 1.0], [14.0, -5.296875, 0.0], [-5.0, -19.0, 0.0], [-9.0, -16.0, 0.0], [-34.0, -39.0, 0.0], [-15.0, -8.0, 1.0], [-17.0, -13.0, 0.0], [2.0, 6.0, 0.0], [3.0, -6.0, 0.0], [-5.0, -3.0, 0.0], [-1.0, 6.0, 0.0], [4.0, 3.0, 0.0], [3.0, -3.0, 0.0], [-1.0, -7.0, 0.0], [-5.0, -5.0, 0.0], [-2.0, 7.0, 0.0], [6.0, 1.0, 1.0], [-3.0, -14.0, 0.0], [10.0, -11.0, 0.0], [11.0, -1.0, 0.0], [-12.0, 20.0, 0.0], [14.0, 4.0, 0.0], [0.0, 12.0, 0.0], [-13.0, 7.0, 0.0], [5.0, 10.0, 0.0], [-3.0, 8.0, 0.0], [-25.0, 2.0, 0.0], [-4.0, -3.0, 0.0], [1.0, -10.0, 0.0], [5.0, -8.0, 0.0], [9.0, 3.0, 0.0], [-19.0, -10.0, 0.0], [-1.0, -9.0, 0.0], [8.0, -10.0, 0.0], [-5.0, -9.0, 0.0], [7.0, -7.0, 0.0], [6.0, -1.0, 0.0], [4.0, 2.0, 0.0], [7.0, 13.0, 1.0], [84.0, 102.0, 0.0], [-2.0, -52.0, 0.0], [10.0, -33.0, 0.0], [20.0, -43.0, 1.0], [4.0, -6.0, 0.0], [4.0, 0.0, 0.0], [5.0, -8.0, 0.0], [1.0, -9.0, 0.0], [-5.0, -4.0, 0.0], [-6.0, 6.0, 0.0], [0.0, 4.0, 0.0], [3.0, 0.0, 1.0], [-3.0, -11.0, 0.0], [-1.0, -6.0, 0.0], [-6.0, 1.0, 0.0], [-16.0, 14.0, 0.0], [0.0, 4.0, 0.0], [4.0, 1.0, 0.0], [7.0, -3.0, 0.0], [-8.0, 10.0, 0.0], [1.0, 6.0, 0.0], [10.0, 3.0, 0.0], [14.0, -5.0, 0.0], [8.0, 7.0, 0.0], [8.0, -4.0, 0.0], [7.0, 2.0, 0.0], [9.0, -9.0, 0.0], [3.0, -12.0, 0.0], [-3.0, -10.0, 0.0], [-6.0, -4.0, 0.0], [-4.0, 3.0, 0.0], [2.0, -9.0, 0.0], [-9.0, -5.0, 0.0], [-5.0, 0.0, 0.0], [-6.0, 5.0, 0.0], [-3.0, 9.0, 1.0], [4.0, 144.0, 0.0], [18.0, -50.0, 0.0], [19.0, -25.0, 0.0], [35.0, -31.0, 0.0], [4.0, -4.0, 0.0], [-2.0, -1.0, 1.0], [7.0, -7.0, 0.0], [1.0, 4.0, 0.0], [6.0, 1.0, 0.0], [6.0, -8.0, 0.0], [0.0, -5.0, 0.0], [-5.0, -3.0, 0.0], [-5.0, 0.0, 0.0], [-3.0, 5.0, 1.0], [5.0, -21.0, 0.0], [-5.0, -3.0, 0.0], [-9.0, 6.0, 0.0], [2.0, 3.0, 0.0], [-3.0, 12.0, 0.0], [1.0, 4.0, 0.0], [7.0, 3.0, 0.0], [0.0, 17.0, 0.0], [3.0, 3.0, 0.0], [11.0, -2.0, 0.0], [15.0, -18.0, 0.0], [1.0, -11.0, 0.0], [-4.0, -5.0, 0.0], [-15.0, 0.0, 1.0], [-110.0, 153.0, 0.0], [-3.0, -18.0, 0.0], [-11.0, -26.0, 0.0], [-37.0, -66.0, 1.0], [-26.0, -20.0, 0.0], [15.0, 19.0, 0.0], [16.0, -1.0, 0.0], [6.0, -17.0, 0.0], [-7.0, -15.0, 1.0], [-30.0, 3.0, 0.0], [17.0, 9.0, 0.0], [4.0, -15.0, 0.0], [4.0, 0.0, 1.0], [0.0, -2.0, 0.0], [5.0, 1.0, 1.0], [-20.0, 4.0, 0.0], [2.0, -9.0, 0.0], [8.0, 8.0, 0.0], [4.0, 0.0, 1.0], [62.0, 141.0, 0.0], [1.0, -28.0, 0.0], [9.0, -33.0, 0.0], [9.0, -18.0, 0.0], [9.0, -11.0, 0.0], [13.0, -9.0, 1.0], [4.0, -20.0, 0.0], [-1.0, 24.0, 0.0], [10.0, -1.0, 0.0], [16.0, -11.0, 1.0], [-20.0, -3.0, 0.0], [17.0, -8.0, 0.0], [-3.0, 10.0, 0.0], [1.0, 7.0, 0.0], [2.0, -2.0, 1.0], [-22.0, -23.0, 0.0], [11.0, -5.0, 0.0], [5.0, 15.0, 1.0], [10.0, 3.0, 0.0], [7.0, 0.0, 0.0], [-9.0, 18.0, 1.0], [18.0, 204.703125, 0.0], [-2.0, -3.0, 0.0], [-12.0, 0.0, 0.0], [-11.0, 8.0, 0.0], [-2.0, 15.0, 0.0], [8.0, 9.0, 0.0], [21.0, 3.0, 0.0], [11.0, -10.0, 0.0], [1.0, -12.0, 0.0], [-4.0, -13.0, 0.0], [-8.0, -5.0, 0.0], [-12.0, 4.0, 1.0], [18.0, 37.0, 0.0], [-11.0, -3.0, 0.0], [-12.0, 5.0, 0.0], [-11.0, 9.0, 0.0], [-6.0, 13.0, 0.0], [1.0, 33.0, 0.0], [8.0, 14.0, 0.0], [11.0, 7.0, 0.0], [10.0, 1.0, 0.0], [16.0, -7.0, 0.0], [11.0, -13.0, 0.0], [6.0, -20.0, 0.0], [-3.0, -24.0, 0.0], [-9.0, -16.0, 0.0], [-14.0, -11.0, 0.0], [-15.0, 8.0, 1.0], [-20.0, 64.0, 0.0], [-6.0, 3.0, 0.0], [-12.0, 17.0, 0.0], [-1.0, 10.0, 0.0], [3.0, 4.0, 0.0], [14.0, -1.0, 0.0], [11.0, -16.0, 0.0], [-1.0, -13.0, 0.0], [-3.0, -2.0, 0.0], [-6.0, 3.0, 1.0], [-16.0, 13.0, 0.0], [12.0, 13.0, 0.0], [-7.0, 2.0, 0.0], [-2.0, -4.0, 0.0], [3.0, -6.0, 1.0], [61.0, -25.0, 0.0], [5.0, 15.0, 0.0], [9.0, 9.0, 0.0], [12.0, 0.0, 0.0], [3.0, -13.0, 0.0], [-8.0, -12.0, 0.0], [-8.0, -5.0, 0.0], [-6.0, 0.0, 0.0], [-3.0, 8.0, 1.0], [9.0, 13.0, 0.0], [1.0, 6.0, 0.0], [4.0, 1.0, 0.0], [8.0, -2.0, 0.0], [2.0, -5.0, 0.0], [-3.0, -6.0, 0.0], [-8.0, -1.0, 0.0], [-4.0, 10.0, 1.0], [-4.0, -61.0, 0.0], [19.0, 9.0, 0.0], [6.0, 7.0, 0.0], [0.0, 7.0, 0.0], [-11.0, 2.0, 0.0], [-17.0, -20.0, 1.0], [-56.0, -4.0, 0.0], [-5.0, 1.0, 0.0], [-8.0, 12.0, 0.0], [-1.0, 9.0, 0.0], [9.0, -1.0, 0.0], [6.0, -10.0, 0.0], [0.0, -11.0, 0.0], [-7.0, -1.0, 0.0], [-7.0, 9.0, 1.0], [13.0, -50.0, 0.0], [-5.0, -7.0, 0.0], [4.0, -14.0, 0.0], [5.0, -1.0, 0.0], [6.0, 8.0, 0.0], [-2.0, 6.0, 0.0], [-8.0, 0.0, 1.0], [39.0, -13.0, 0.0], [-2.0, 8.0, 0.0], [3.0, 4.0, 0.0], [11.0, 0.0, 0.0], [5.0, -5.0, 0.0], [1.0, -10.0, 0.0], [-10.0, -6.0, 0.0], [-8.0, 3.0, 0.0], [-2.0, 11.0, 1.0], [8.0, -1.0, 0.0], [1.0, 0.0, 1.0], [-43.0, 2.0, 0.0], [5.0, -3.0, 1.0], [11.0, 19.0, 0.0], [4.0, -4.0, 0.0], [-6.0, 0.0, 0.0], [3.0, 2.0, 1.0], [11.0, -2.0, 0.0], [4.0, 2.0, 0.0], [0.0, -5.0, 0.0], [-5.0, 3.0, 1.0], [-7.0, 17.0, 0.0], [4.0, 6.0, 0.0], [5.0, 1.0, 0.0], [5.0, -3.0, 0.0], [1.0, -5.0, 1.0]], "gt_class_names": ["vase", "flower", "teddy-bear"]}