{"img_id": "sceneid-176-userid-93", "img_w": 1100, "img_h": 770, "object_divisions": [0, 16, 81], "scene_strokes": [[74.0, 134.703125, 0.0], [5.0, 127.0, 1.0], [3.0, -139.0, 0.0], [122.0, -10.0, 0.0], [62.0, 3.0, 0.0], [40.0, 7.0, 0.0], [10.0, 56.0, 0.0], [22.0, 74.0, 0.0], [-2.0, 7.0, 0.0], [-11.0, 3.0, 0.0], [-181.0, 1.0, 0.0], [-61.0, 4.0, 1.0], [0.0, -4.0, 0.0], [-17.0, 8.0, 0.0], [-27.0, 19.0, 0.0], [-15.0, 6.0, 1.0], [44.0, -177.0, 0.0], [-8.0, 1.0, 0.0], [-38.0, 29.0, 1.0], [325.0, 118.0, 0.0], [-34.0, 48.0, 1.0], [-21.0, -213.0, 0.0], [-21.0, 34.0, 1.0], [-130.0, 329.0, 0.0], [0.0, 95.0, 0.0], [7.0, 52.0, 1.0], [-7.0, -180.0, 0.0], [102.0, 1.0, 0.0], [98.0, -9.0, 0.0], [3.0, 7.0, 0.0], [-3.0, 18.0, 0.0], [2.0, 34.0, 0.0], [32.0, 128.0, 0.0], [0.0, 8.0, 0.0], [-6.0, 6.0, 0.0], [-10.0, 2.0, 0.0], [-53.0, 2.0, 0.0], [-61.0, 7.0, 0.0], [-82.0, 14.0, 1.0], [-17.0, -23.0, 0.0], [-60.0, 47.0, 1.0], [44.0, -245.0, 0.0], [-17.0, 10.0, 0.0], [-35.0, 37.0, 1.0], [306.0, 178.0, 0.0], [-19.0, 31.0, 0.0], [-6.0, 24.0, 1.0], [245.0, -631.0, 0.0], [31.0, 148.0, 0.0], [9.0, 30.0, 0.0], [5.0, 7.0, 1.0], [-38.0, -173.0, 0.0], [128.0, -25.0, 0.0], [143.0, -14.0, 0.0], [27.0, -1.0, 0.0], [20.0, 3.0, 0.0], [5.0, 7.0, 0.0], [7.0, 40.0, 0.0], [12.0, 35.0, 0.0], [36.0, 76.0, 0.0], [0.0, 20.0, 0.0], [-12.0, 7.0, 0.0], [-18.0, 5.0, 0.0], [-179.0, 30.0, 0.0], [-107.0, 15.0, 0.0], [-14.0, -2.0, 1.0], [-15.0, -10.0, 0.0], [-2.0, 13.0, 0.0], [-12.0, 27.0, 0.0], [-11.0, 13.0, 0.0], [-8.0, 2.0, 1.0], [-5.0, -232.0, 0.0], [-7.0, 2.0, 0.0], [-17.0, 18.0, 0.0], [-17.0, 28.0, 0.0], [-5.0, 17.0, 1.0], [425.0, 77.0, 0.0], [-16.0, 45.0, 0.0], [-3.0, 17.0, 1.0], [-786.0, -154.296875, 0.0], [-1.0, -23.0, 0.0], [-12.0, 4.0, 0.0], [-20.0, 1.0, 0.0], [-5.0, -5.0, 0.0], [-2.0, -13.0, 0.0], [4.0, -56.0, 0.0], [30.0, -11.0, 0.0], [41.0, -3.0, 0.0], [45.0, 4.0, 0.0], [7.0, 3.0, 0.0], [13.0, 64.0, 0.0], [-7.0, 4.0, 0.0], [-40.0, 8.0, 0.0], [-22.0, 0.0, 0.0], [3.0, 8.0, 0.0], [-1.0, 9.0, 1.0], [-56.0, -75.0, 0.0], [0.0, 36.0, 0.0], [3.0, 11.0, 0.0], [59.0, -2.0, 0.0], [53.0, -7.0, 0.0], [-10.0, -19.0, 0.0], [-7.0, -24.0, 0.0], [-4.0, -4.0, 0.0], [-20.0, -1.0, 0.0], [-52.0, 6.0, 0.0], [-23.0, -2.0, 1.0], [66.0, 398.0, 0.0], [-3.0, -4.0, 0.0], [3.0, 28.0, 1.0], [20.0, -31.0, 0.0], [1.0, 21.0, 1.0], [-24.0, -19.0, 0.0], [-24.0, -1.0, 0.0], [-6.0, -6.0, 0.0], [-11.0, -44.0, 0.0], [1.0, -34.0, 0.0], [10.0, -10.0, 0.0], [48.0, -25.0, 0.0], [14.0, -4.0, 0.0], [8.0, 3.0, 0.0], [47.0, 39.0, 0.0], [10.0, 15.0, 0.0], [2.0, 23.0, 0.0], [-8.0, 13.0, 0.0], [-14.0, 8.0, 0.0], [-31.0, 16.0, 0.0], [-21.0, 4.0, 1.0], [-51.0, -79.0, 0.0], [1.0, 24.0, 0.0], [6.0, 29.0, 0.0], [2.0, 4.0, 0.0], [9.0, 0.0, 0.0], [92.0, -12.0, 0.0], [-13.0, -40.0, 0.0], [-1.0, -15.0, 0.0], [-2.0, -3.0, 0.0], [-9.0, -1.0, 0.0], [-34.0, 5.0, 0.0], [-53.0, 2.0, 1.0], [579.0, -272.0, 0.0], [-11.0, -37.0, 1.0], [36.0, 31.0, 0.0], [-7.0, -27.0, 1.0], [-42.0, -13.0, 0.0], [-35.0, 16.0, 0.0], [-32.0, 5.0, 0.0], [-14.0, -3.0, 0.0], [-3.0, -4.0, 0.0], [-2.0, -21.0, 0.0], [0.0, -61.0, 0.0], [8.0, -5.0, 0.0], [50.0, -10.0, 0.0], [82.0, -8.0, 0.0], [7.0, 5.0, 0.0], [6.0, 29.0, 0.0], [30.0, 63.0, 0.0], [-34.0, 5.0, 0.0], [-33.0, -2.0, 1.0], [-81.0, -43.0, 0.0], [-3.0, 35.0, 0.0], [4.0, 4.0, 0.0], [10.0, 1.0, 0.0], [62.0, -12.0, 0.0], [27.0, -1.0, 0.0], [-5.0, -16.0, 0.0], [1.0, -18.0, 0.0], [-33.0, 5.0, 0.0], [-47.0, 1.0, 1.0], [-586.0, 159.0, 0.0], [0.0, 46.0, 1.0], [6.0, -50.0, 0.0], [138.0, -13.0, 0.0], [7.0, 9.0, 0.0], [9.0, 39.0, 0.0], [-7.0, 3.0, 0.0], [-152.0, 14.0, 1.0], [23.0, -21.0, 0.0], [33.0, 1.0, 0.0], [66.0, -10.0, 1.0], [-86.0, -8.0, 0.0], [92.0, -7.0, 1.0], [-82.0, -5.0, 0.0], [92.0, -5.0, 1.0], [-106.0, 24.0, 0.0], [97.0, -6.0, 1.0], [-84.0, 23.0, 0.0], [82.0, -4.0, 1.0], [-105.0, -32.0, 0.0], [6.0, 47.0, 0.0], [3.0, 2.0, 1.0], [28.0, -46.0, 0.0], [4.0, 35.0, 1.0], [4.0, -29.0, 0.0], [8.0, 34.0, 1.0], [22.0, -36.0, 0.0], [5.0, 28.0, 1.0], [12.0, -24.0, 0.0], [3.0, 24.0, 1.0], [13.0, -25.0, 0.0], [0.0, 24.0, 0.0], [-5.0, 7.0, 1.0], [-30.0, -38.0, 0.0], [-6.0, 34.0, 0.0], [-4.0, 6.0, 1.0], [-15.0, -36.0, 0.0], [-8.0, 36.0, 1.0], [-29.0, -30.0, 0.0], [1.0, 31.0, 1.0], [-2.0, -29.0, 0.0], [1.0, 27.0, 1.0], [17.0, 291.0, 0.0], [5.0, 42.0, 0.0], [0.0, 6.0, 0.0], [-3.0, 2.0, 1.0], [-6.0, -56.0, 0.0], [141.0, -11.0, 0.0], [3.0, 2.0, 0.0], [13.0, 47.0, 0.0], [0.0, 4.0, 0.0], [-5.0, 2.0, 0.0], [-38.0, 2.0, 0.0], [-107.0, 17.0, 1.0], [25.0, -65.0, 0.0], [1.0, 61.0, 1.0], [5.0, -54.0, 0.0], [4.0, 47.0, 0.0], [2.0, 6.0, 0.0], [2.0, -2.0, 1.0], [10.0, -57.0, 0.0], [5.0, 42.0, 0.0], [4.0, 8.0, 1.0], [2.0, -45.0, 0.0], [5.0, 41.0, 0.0], [1.0, 4.0, 0.0], [1.0, -5.0, 1.0], [11.0, -39.0, 0.0], [5.0, 42.0, 1.0], [10.0, -41.0, 0.0], [4.0, 35.0, 1.0], [12.0, -38.0, 0.0], [6.0, 35.0, 1.0], [7.0, -36.0, 0.0], [3.0, 38.0, 1.0], [-117.0, -27.0, 0.0], [82.0, -7.0, 0.0], [34.0, 1.0, 1.0], [-111.0, 27.0, 0.0], [116.0, -18.0, 1.0], [-134.0, 29.0, 0.0], [102.0, -7.0, 0.0], [24.0, -5.0, 1.0], [379.0, -391.0, 0.0], [9.0, 23.0, 0.0], [4.0, 20.0, 0.0], [0.0, 21.0, 1.0], [-20.0, -65.0, 0.0], [68.0, -9.0, 0.0], [111.0, -25.0, 0.0], [49.0, -3.0, 0.0], [10.0, 40.0, 0.0], [0.0, 5.0, 0.0], [-5.0, 4.0, 0.0], [-118.0, 25.0, 0.0], [-91.0, 13.0, 0.0], [-12.0, -2.0, 1.0], [14.0, -60.0, 0.0], [10.0, 45.0, 0.0], [7.0, 10.0, 1.0], [10.0, -46.0, 0.0], [6.0, 44.0, 0.0], [5.0, 13.0, 1.0], [17.0, -50.0, 0.0], [13.0, 40.0, 1.0], [10.0, -45.0, 0.0], [10.0, 38.0, 1.0], [11.0, -44.0, 0.0], [9.0, 36.0, 1.0], [12.0, -39.0, 0.0], [8.0, 35.0, 1.0], [18.0, -36.0, 0.0], [3.0, 19.0, 0.0], [5.0, 8.0, 1.0], [3.0, -29.0, 0.0], [5.0, 28.0, 1.0], [12.0, -41.0, 0.0], [6.0, 22.0, 0.0], [4.0, 5.0, 1.0], [11.0, -27.0, 0.0], [6.0, 15.0, 0.0], [1.0, 19.0, 1.0], [-213.0, 8.0, 0.0], [34.0, -11.0, 0.0], [131.0, -25.0, 0.0], [9.0, -4.0, 1.0], [-168.0, 51.0, 0.0], [26.0, -1.0, 0.0], [127.0, -17.0, 1.0], [-94.0, 40.0, 0.0], [68.0, -10.0, 1.0], [-547.0, 266.0, 0.0], [9.0, -3.0, 0.0], [15.0, 1.0, 0.0], [17.0, 7.0, 0.0], [8.0, 9.0, 0.0], [5.0, 16.0, 0.0], [2.0, 32.0, 0.0], [7.0, 37.0, 0.0], [15.0, 44.0, 0.0], [-9.0, 0.0, 0.0], [-11.0, 6.0, 0.0], [-5.0, 21.0, 0.0], [4.0, 11.0, 0.0], [32.0, -4.0, 0.0], [0.0, -13.0, 0.0], [-6.0, -16.0, 0.0], [-11.0, -2.0, 1.0], [-2.0, 2.0, 0.0], [-2.0, 14.0, 1.0], [-15.0, 4.0, 0.0], [39.0, -6.0, 1.0], [-103.0, -478.0, 0.0], [13.0, 1.0, 0.0], [6.0, 5.0, 0.0], [8.0, 20.0, 0.0], [6.0, 29.0, 0.0], [15.0, 30.0, 0.0], [-18.0, 5.0, 0.0], [5.0, 38.0, 0.0], [29.0, -2.0, 0.0], [-5.0, -45.0, 0.0], [-3.0, -2.0, 0.0], [-11.0, 3.0, 1.0], [-2.0, 8.0, 0.0], [0.0, 15.0, 1.0], [-12.0, 2.0, 0.0], [43.0, -7.0, 1.0], [489.0, -166.0, 0.0], [8.0, 11.0, 0.0], [12.0, 6.0, 0.0], [34.0, 0.0, 0.0], [16.0, 4.0, 0.0], [14.0, 8.0, 0.0], [11.0, 19.0, 0.0], [14.0, 67.0, 0.0], [5.0, 12.0, 0.0], [2.0, -1.0, 1.0], [-6.0, -1.0, 0.0], [-15.0, 3.0, 0.0], [-8.0, 9.0, 0.0], [-3.0, 13.0, 0.0], [0.0, 21.0, 0.0], [3.0, 5.0, 0.0], [12.0, 0.0, 0.0], [37.0, -9.0, 0.0], [-4.0, -46.0, 0.0], [-11.0, -1.0, 0.0], [-14.0, 4.0, 1.0], [-4.0, 0.0, 0.0], [3.0, 17.0, 1.0], [-17.0, 7.0, 0.0], [45.0, -5.0, 1.0]], "gt_class_names": ["table", "computer"]}