{"img_id": "sceneid-149-userid-90", "img_w": 1100, "img_h": 770, "object_divisions": [0, 5, 6, 11, 12, 14, 15, 16, 17, 18], "scene_strokes": [[484.421875, 175.703125, 0.0], [-91.0, 255.0, 0.0], [-29.0, 66.0, 0.0], [114.0, -17.0, 0.0], [138.0, -9.0, 0.0], [311.0, 4.0, 0.0], [55.0, 4.0, 0.0], [7.0, 0.0, 0.0], [-5.0, -3.0, 1.0], [-504.0, -300.0, 0.0], [-2.0, 2.0, 0.0], [4.0, 1.0, 0.0], [18.0, 0.0, 0.0], [93.0, -6.0, 0.0], [101.0, 0.0, 0.0], [286.0, 8.0, 0.0], [48.0, -3.0, 0.0], [25.0, -5.0, 0.0], [13.0, 1.0, 0.0], [-17.0, 92.0, 0.0], [-31.0, 117.0, 0.0], [-18.0, 86.0, 0.0], [-7.0, 19.0, 1.0], [-635.0, 11.0, 0.0], [3.0, 41.0, 0.0], [-4.0, 126.0, 0.0], [6.0, 73.0, 1.0], [632.0, -257.0, 0.0], [3.0, 22.0, 0.0], [-4.0, 87.0, 0.0], [9.0, 135.0, 1.0], [63.0, -546.0, 0.0], [10.0, 49.0, 0.0], [12.0, 161.0, 0.0], [0.0, 56.0, 0.0], [-6.0, 42.0, 1.0], [-476.578125, -248.296875, 0.0], [-20.0, 3.0, 0.0], [-27.0, 10.0, 0.0], [-26.0, 16.0, 0.0], [-26.0, 25.0, 0.0], [-12.0, 26.0, 0.0], [-1.0, 23.0, 0.0], [5.0, 14.0, 0.0], [14.0, 14.0, 0.0], [25.0, 9.0, 0.0], [15.0, 2.0, 0.0], [41.0, 1.0, 0.0], [25.0, -3.0, 0.0], [60.0, -19.0, 0.0], [15.0, -9.0, 0.0], [10.0, -13.0, 0.0], [5.0, -18.0, 0.0], [-2.0, -22.0, 0.0], [-7.0, -16.0, 0.0], [-14.0, -17.0, 0.0], [-12.0, -10.0, 0.0], [-28.0, -14.0, 0.0], [-52.0, -10.0, 1.0], [-66.578125, 88.703125, 0.0], [52.0, -18.0, 0.0], [27.0, -4.0, 0.0], [-2.0, 5.0, 0.0], [-16.0, 10.0, 0.0], [-43.0, 17.0, 0.0], [-19.0, 1.0, 0.0], [-6.0, -5.0, 0.0], [6.0, -7.0, 1.0], [-9.0, -7.0, 0.0], [92.0, -27.0, 0.0], [-3.0, -5.0, 0.0], [-7.0, -3.0, 0.0], [-27.0, 4.0, 0.0], [-41.0, 15.0, 0.0], [-22.0, 16.0, 1.0], [11.0, 6.0, 0.0], [2.0, -1.0, 1.0], [9.0, -3.0, 0.0], [61.0, -20.0, 1.0], [-51.0, 22.0, 0.0], [59.0, -17.0, 1.0], [53.421875, 15.703125, 0.0], [-25.0, 48.0, 0.0], [18.0, -47.0, 0.0], [6.0, -7.0, 0.0], [-17.0, 29.0, 0.0], [12.0, -27.0, 0.0], [2.0, 12.0, 0.0], [14.0, -17.0, 0.0], [0.0, -11.0, 0.0], [-3.0, -3.0, 0.0], [-6.0, -1.0, 0.0], [-10.0, 7.0, 0.0], [-3.0, 9.0, 0.0], [3.0, 6.0, 0.0], [4.0, 0.0, 0.0], [8.0, -10.0, 0.0], [-1.0, -5.0, 0.0], [-5.0, 1.0, 0.0], [-6.0, 9.0, 0.0], [2.0, 3.0, 0.0], [9.0, -2.0, 0.0], [-4.0, -9.0, 0.0], [-2.0, 9.0, 0.0], [-2.0, -4.0, 0.0], [9.0, -13.0, 0.0], [0.0, 5.0, 0.0], [-6.0, 7.0, 0.0], [-9.0, 5.0, 0.0], [4.0, -7.0, 0.0], [3.0, 6.0, 0.0], [-3.0, 1.0, 0.0], [1.0, -6.0, 0.0], [5.0, 0.0, 0.0], [3.0, 5.0, 0.0], [-6.0, -1.0, 0.0], [0.0, -8.0, 0.0], [6.0, 1.0, 0.0], [1.0, 4.0, 0.0], [-8.0, 5.0, 0.0], [-2.0, -6.0, 0.0], [4.0, -2.0, 0.0], [5.0, 0.0, 0.0], [1.0, 5.0, 0.0], [-8.0, 5.0, 0.0], [-5.0, -2.0, 0.0], [6.0, -7.0, 0.0], [5.0, 1.0, 0.0], [2.0, 4.0, 0.0], [-5.0, 1.0, 0.0], [-6.0, -5.0, 0.0], [0.0, -4.0, 0.0], [4.0, -2.0, 0.0], [7.0, 3.0, 0.0], [5.0, 8.0, 0.0], [-1.0, 4.0, 0.0], [-11.0, 1.0, 0.0], [-3.0, -4.0, 0.0], [5.0, -9.0, 0.0], [8.0, -3.0, 0.0], [5.0, 2.0, 0.0], [2.0, 5.0, 0.0], [-6.0, 5.0, 0.0], [-11.0, 2.0, 0.0], [-3.0, -8.0, 0.0], [8.0, -6.0, 0.0], [5.0, 1.0, 0.0], [3.0, 7.0, 0.0], [-8.0, 3.0, 0.0], [-5.0, -4.0, 0.0], [3.0, -11.0, 0.0], [8.0, -2.0, 0.0], [6.0, 8.0, 0.0], [-4.0, 7.0, 0.0], [-5.0, 1.0, 0.0], [-10.0, -5.0, 0.0], [-3.0, -4.0, 0.0], [4.0, 0.0, 1.0], [161.421875, -49.296875, 0.0], [7.0, 20.0, 0.0], [1.0, 14.0, 0.0], [-11.0, 50.0, 0.0], [-7.0, 60.0, 0.0], [0.0, 17.0, 0.0], [5.0, 7.0, 0.0], [11.0, 0.0, 0.0], [9.0, -5.0, 0.0], [9.0, -20.0, 0.0], [4.0, -109.0, 0.0], [4.0, -5.0, 0.0], [9.0, -31.0, 0.0], [-8.0, 12.0, 0.0], [-5.0, 17.0, 1.0], [-21.0, 18.0, 0.0], [16.0, 0.0, 1.0], [59.421875, 78.703125, 0.0], [2.0, 45.0, 0.0], [13.0, -4.0, 0.0], [13.0, 1.0, 0.0], [6.0, -48.0, 1.0], [38.421875, 7.703125, 0.0], [10.0, 37.0, 0.0], [16.0, 1.0, 0.0], [5.0, -44.0, 1.0], [-102.578125, -98.296875, 0.0], [13.0, 35.0, 0.0], [22.0, -1.0, 0.0], [10.0, -36.0, 1.0], [41.421875, -3.296875, 0.0], [19.0, 30.0, 0.0], [8.0, -17.0, 0.0], [-15.0, 15.0, 0.0], [13.0, -4.0, 0.0], [11.0, 1.0, 0.0], [13.0, -31.0, 1.0]], "gt_class_names": ["table", "plate", "sandwich", "lollipop", "wine bottle", "wine glass", "wine glass", "wine glass", "wine glass"]}