{"img_id": "sceneid-52-userid-24", "img_w": 1100, "img_h": 770, "object_divisions": [0, 4, 9, 16, 27, 39, 42], "scene_strokes": [[734.421875, 222.703125, 0.0], [36.0, -28.0, 1.0], [-39.0, 30.0, 0.0], [-11.0, 16.0, 0.0], [-1.0, 16.0, 0.0], [3.0, 7.0, 0.0], [6.0, 3.0, 0.0], [28.0, -6.0, 0.0], [3.0, 3.0, 0.0], [-2.0, 21.0, 0.0], [7.0, 9.0, 0.0], [5.0, -4.0, 1.0], [-50.0, -34.0, 0.0], [1.0, 16.0, 0.0], [8.0, 22.0, 0.0], [1.0, 17.0, 0.0], [10.0, 17.0, 0.0], [3.0, 3.0, 0.0], [28.0, -2.0, 0.0], [8.0, -4.0, 0.0], [-2.0, -61.0, 0.0], [4.0, -73.0, 1.0], [-13.0, 87.0, 0.0], [1.0, -3.0, 0.0], [-2.0, 3.0, 1.0], [-604.578125, -56.296875, 0.0], [-4.0, -14.0, 0.0], [2.0, -16.0, 0.0], [4.0, -7.0, 0.0], [9.0, -5.0, 0.0], [17.0, -2.0, 0.0], [7.0, 3.0, 0.0], [9.0, 23.0, 1.0], [-45.0, 25.0, 0.0], [6.0, 9.0, 0.0], [11.0, 4.0, 0.0], [25.0, -12.0, 0.0], [3.0, -9.0, 1.0], [3.0, -17.0, 0.0], [23.0, 0.0, 0.0], [0.0, -6.0, 0.0], [4.0, 4.0, 0.0], [3.0, -9.0, 0.0], [6.0, 8.0, 0.0], [6.0, -9.0, 0.0], [2.0, 7.0, 0.0], [6.0, -6.0, 0.0], [5.0, 1.0, 0.0], [3.0, -3.0, 0.0], [4.0, 4.0, 0.0], [6.0, -4.0, 0.0], [3.0, 10.0, 0.0], [7.0, -1.0, 0.0], [13.0, 9.0, 0.0], [-14.0, 19.0, 0.0], [-10.0, -5.0, 0.0], [-28.0, 5.0, 0.0], [-26.0, 0.0, 0.0], [-22.0, -7.0, 1.0], [-24.0, -17.0, 0.0], [2.0, 5.0, 0.0], [3.0, -5.0, 0.0], [-4.0, -3.0, 0.0], [0.0, 7.0, 1.0], [37.0, 8.0, 0.0], [66.0, -1.0, 0.0], [19.0, -4.0, 1.0], [-103.578125, 179.703125, 0.0], [4.0, 36.0, 1.0], [-7.0, -40.0, 0.0], [22.0, 1.0, 0.0], [8.0, -3.0, 0.0], [18.0, -16.0, 0.0], [0.0, -3.0, 1.0], [-46.0, 20.0, 0.0], [14.0, -12.0, 0.0], [19.0, -10.0, 0.0], [11.0, -2.0, 0.0], [2.0, 7.0, 1.0], [-1.0, 2.0, 0.0], [8.0, 34.0, 1.0], [-50.0, 23.0, 0.0], [18.0, -4.0, 0.0], [33.0, -23.0, 1.0], [-53.0, 33.0, 0.0], [5.0, 12.0, 0.0], [130.0, -60.0, 0.0], [41.0, -24.0, 0.0], [18.0, -7.0, 1.0], [-132.0, 41.0, 0.0], [19.0, -12.0, 0.0], [125.0, -56.0, 0.0], [2.0, 15.0, 0.0], [-9.0, 8.0, 0.0], [-3.0, 7.0, 1.0], [102.421875, 109.703125, 0.0], [-20.0, -5.0, 0.0], [-19.0, 5.0, 0.0], [-22.0, 18.0, 0.0], [-7.0, 22.0, 0.0], [1.0, 20.0, 0.0], [12.0, 19.0, 0.0], [41.0, 12.0, 0.0], [15.0, -1.0, 0.0], [14.0, -7.0, 0.0], [8.0, -7.0, 0.0], [6.0, -11.0, 0.0], [3.0, -16.0, 0.0], [-1.0, -24.0, 0.0], [-10.0, -19.0, 0.0], [-21.0, -13.0, 1.0], [100.0, 12.0, 0.0], [-4.0, -4.0, 0.0], [-10.0, 3.0, 0.0], [-6.0, 6.0, 0.0], [-4.0, 11.0, 0.0], [-1.0, 22.0, 0.0], [3.0, 14.0, 0.0], [8.0, 14.0, 0.0], [20.0, 13.0, 0.0], [28.0, 1.0, 0.0], [17.0, -15.0, 0.0], [9.0, -22.0, 0.0], [-2.0, -22.0, 0.0], [-13.0, -16.0, 0.0], [-29.0, -13.0, 0.0], [-22.0, 2.0, 1.0], [-162.0, -12.0, 0.0], [-2.0, 2.0, 0.0], [3.0, 0.0, 0.0], [17.0, -6.0, 0.0], [18.0, -2.0, 0.0], [30.0, 0.0, 0.0], [35.0, 5.0, 0.0], [112.0, -5.0, 0.0], [23.0, 5.0, 0.0], [7.0, 6.0, 0.0], [10.0, 26.0, 0.0], [-1.0, 26.0, 0.0], [-11.0, 38.0, 0.0], [-11.0, 14.0, 0.0], [-29.0, 9.0, 0.0], [-39.0, 1.0, 0.0], [-16.0, -13.0, 0.0], [-12.0, -20.0, 0.0], [-12.0, -7.0, 0.0], [-9.0, 0.0, 0.0], [-9.0, 7.0, 0.0], [-17.0, 23.0, 0.0], [-8.0, 5.0, 0.0], [-64.0, 12.0, 0.0], [-20.0, -5.0, 0.0], [-9.0, -7.0, 0.0], [-7.0, -16.0, 0.0], [3.0, -62.0, 0.0], [4.0, -18.0, 0.0], [8.0, -17.0, 1.0], [3.0, -1.0, 0.0], [150.0, -58.0, 1.0], [0.0, 0.0, 0.0], [36.0, -7.0, 0.0], [8.0, 17.0, 0.0], [0.0, 11.0, 0.0], [-3.0, 5.0, 1.0], [-116.0, 24.0, 0.0], [88.0, -37.0, 0.0], [23.0, -1.0, 0.0], [0.0, 19.0, 0.0], [5.0, -2.0, 1.0], [55.0, 42.0, 0.0], [147.0, -59.0, 1.0], [-4.0, 2.0, 0.0], [7.0, 0.0, 0.0], [11.0, 13.0, 0.0], [-1.0, 11.0, 0.0], [-6.0, 8.0, 0.0], [-11.0, -8.0, 0.0], [-14.0, 12.0, 0.0], [-57.0, 12.0, 0.0], [-67.0, 23.0, 1.0], [121.0, -39.0, 0.0], [17.0, -2.0, 0.0], [7.0, 34.0, 0.0], [4.0, -1.0, 0.0], [4.0, -5.0, 0.0], [5.0, -25.0, 0.0], [0.0, -21.0, 0.0], [-8.0, -5.0, 1.0], [-375.0, 61.0, 0.0], [-20.0, 23.0, 0.0], [31.0, -30.0, 0.0], [6.0, -4.0, 0.0], [1.0, 2.0, 0.0], [-18.0, 19.0, 0.0], [-12.0, 18.0, 0.0], [40.0, -30.0, 0.0], [-30.0, 32.0, 0.0], [-6.0, 11.0, 0.0], [40.0, -36.0, 0.0], [-22.0, 24.0, 0.0], [-16.0, 25.0, 0.0], [58.0, -43.0, 0.0], [-31.0, 40.0, 0.0], [36.0, -36.0, 0.0], [-30.0, 38.0, 0.0], [-2.0, 7.0, 0.0], [40.0, -39.0, 0.0], [-30.0, 36.0, 0.0], [22.0, -15.0, 0.0], [1.0, 4.0, 0.0], [-12.0, 23.0, 0.0], [14.0, -13.0, 0.0], [-11.0, 18.0, 1.0], [109.0, -82.0, 0.0], [-8.0, 4.0, 0.0], [-18.0, 17.0, 0.0], [5.0, -2.0, 0.0], [15.0, -19.0, 0.0], [-35.0, 25.0, 0.0], [23.0, -16.0, 0.0], [-16.0, 24.0, 0.0], [29.0, -21.0, 0.0], [-25.0, 34.0, 0.0], [36.0, -30.0, 0.0], [-31.0, 39.0, 0.0], [32.0, -25.0, 0.0], [-26.0, 32.0, 0.0], [32.0, -35.0, 0.0], [-22.0, 34.0, 0.0], [35.0, -27.0, 0.0], [-26.0, 33.0, 0.0], [32.0, -30.0, 0.0], [-27.0, 37.0, 0.0], [24.0, -21.0, 0.0], [-9.0, 20.0, 0.0], [15.0, -17.0, 0.0], [-7.0, 18.0, 1.0], [282.421875, -447.296875, 0.0], [-5.0, 120.0, 1.0], [0.0, -123.0, 0.0], [16.0, -10.0, 0.0], [30.0, -2.0, 0.0], [23.0, 7.0, 0.0], [18.0, 15.0, 0.0], [8.0, 19.0, 0.0], [5.0, 45.0, 0.0], [-7.0, 67.0, 1.0], [-86.0, -18.0, 0.0], [29.0, 6.0, 0.0], [42.0, 3.0, 1.0], [-83.0, -3.0, 0.0], [-51.0, 73.0, 1.0], [137.0, -60.0, 0.0], [-41.0, 42.0, 0.0], [-31.0, 23.0, 1.0], [-55.0, -10.0, 0.0], [1.0, 11.0, 0.0], [4.0, 5.0, 0.0], [5.0, 4.0, 0.0], [17.0, 4.0, 0.0], [22.0, -2.0, 0.0], [30.0, -17.0, 1.0], [55.0, -57.0, 0.0], [-3.0, 43.0, 1.0], [-134.0, 16.0, 0.0], [3.0, 67.0, 0.0], [5.0, 34.0, 0.0], [3.0, -4.0, 1.0], [53.0, -83.0, 0.0], [5.0, 76.0, 1.0], [50.0, -133.0, 0.0], [2.0, 47.0, 0.0], [8.0, 2.0, 0.0], [4.0, -4.0, 0.0], [4.0, -16.0, 1.0], [-61.0, 3.0, 0.0], [12.0, 68.0, 0.0], [0.0, 14.0, 0.0], [-4.0, 14.0, 0.0], [-12.0, -2.0, 1.0], [-59.0, -75.0, 0.0], [13.0, 83.0, 0.0], [-4.0, 11.0, 0.0], [-9.0, -2.0, 0.0], [-7.0, -6.0, 1.0], [35.421875, -131.296875, 0.0], [2.0, 4.0, 0.0], [6.0, 1.0, 0.0], [1.0, -10.0, 0.0], [-4.0, -1.0, 0.0], [0.0, 4.0, 1.0], [0.0, -10.0, 0.0], [9.0, -23.0, 0.0], [17.0, 0.0, 0.0], [5.0, 7.0, 0.0], [0.0, 28.0, 1.0], [-7.0, -2.0, 0.0], [6.0, 1.0, 0.0], [2.0, -4.0, 0.0], [-4.0, 1.0, 0.0], [0.0, 4.0, 0.0], [2.0, -1.0, 1.0]], "gt_class_names": ["purse", "key", "toothbrush", "sunglasses", "couch", "headphones"]}