{"img_id": "sceneid-42-userid-19", "img_w": 1100, "img_h": 770, "object_divisions": [0, 26, 34, 44, 51], "scene_strokes": [[261.0, 290.703125, 0.0], [-3.0, -3.0, 0.0], [-9.0, 0.0, 0.0], [-10.0, 8.0, 0.0], [-7.0, 13.0, 0.0], [0.0, 9.0, 0.0], [6.0, 10.0, 0.0], [16.0, 8.0, 0.0], [11.0, -1.0, 0.0], [5.0, -5.0, 0.0], [5.0, -19.0, 0.0], [-10.0, -16.0, 0.0], [-17.0, -6.0, 1.0], [-12.0, 21.0, 0.0], [1.0, 0.0, 1.0], [11.0, 10.0, 0.0], [10.0, -7.0, 1.0], [1.0, 9.0, 0.0], [11.0, -7.0, 1.0], [-24.0, 11.0, 0.0], [-14.0, -6.0, 1.0], [14.0, 10.0, 0.0], [-13.0, 0.0, 1.0], [1.0, -29.0, 0.0], [-2.0, 0.0, 1.0], [0.0, 0.0, 0.0], [-100.0, 6.0, 1.0], [106.0, 29.0, 0.0], [-7.0, 5.0, 0.0], [-24.0, 6.0, 0.0], [-50.0, 4.0, 0.0], [-26.0, -2.0, 1.0], [76.0, -1.0, 0.0], [1.0, 13.0, 1.0], [-56.0, -4.0, 0.0], [-1.0, 9.0, 1.0], [-30.0, -59.0, 0.0], [-3.0, 10.0, 0.0], [1.0, 16.0, 0.0], [4.0, 15.0, 0.0], [12.0, 17.0, 1.0], [108.0, -56.0, 0.0], [1.0, 2.0, 0.0], [-4.0, 1.0, 0.0], [6.0, 2.0, 0.0], [2.0, -2.0, 0.0], [-6.0, -1.0, 0.0], [3.0, 1.0, 0.0], [0.0, -4.0, 1.0], [15.0, 0.0, 0.0], [4.0, 1.0, 0.0], [1.0, -4.0, 0.0], [-3.0, 3.0, 0.0], [3.0, 2.0, 0.0], [-1.0, -3.0, 1.0], [-31.0, -6.0, 0.0], [-14.0, -18.0, 0.0], [-1.0, -7.0, 0.0], [3.0, -3.0, 0.0], [10.0, 5.0, 0.0], [12.0, 19.0, 0.0], [1.0, -2.0, 1.0], [13.0, -4.0, 0.0], [9.0, -17.0, 0.0], [8.0, -3.0, 0.0], [3.0, 3.0, 0.0], [0.0, 8.0, 0.0], [-10.0, 17.0, 1.0], [-61.0, 57.0, 0.0], [2.0, 9.0, 0.0], [5.0, 0.0, 0.0], [2.0, -17.0, 0.0], [-3.0, -4.0, 1.0], [-65.0, 12.0, 0.0], [0.0, 13.0, 0.0], [9.0, 3.0, 0.0], [4.0, -10.0, 0.0], [-4.0, -8.0, 1.0], [-28.0, -44.0, 0.0], [-4.0, 18.0, 1.0], [19.0, -15.0, 0.0], [-7.0, 19.0, 1.0], [21.0, -11.0, 0.0], [-14.0, 28.0, 1.0], [29.0, -28.0, 0.0], [-11.0, 27.0, 1.0], [29.0, -28.0, 0.0], [-7.0, 20.0, 1.0], [19.0, -20.0, 0.0], [-6.0, 16.0, 1.0], [19.0, -14.0, 0.0], [-5.0, 16.0, 1.0], [12.0, -1.0, 0.0], [-4.0, 11.0, 1.0], [230.0, -67.296875, 0.0], [-27.0, 55.0, 0.0], [-7.0, 29.0, 1.0], [30.0, -82.0, 0.0], [114.0, -16.0, 0.0], [34.0, -2.0, 0.0], [10.0, 1.0, 0.0], [-4.0, 3.0, 1.0], [-190.0, 95.0, 0.0], [2.0, 3.0, 0.0], [34.0, -2.0, 0.0], [166.0, -27.0, 1.0], [-17.0, -71.0, 0.0], [6.0, -1.0, 0.0], [10.0, 4.0, 0.0], [11.0, 21.0, 0.0], [2.0, 56.0, 0.0], [-13.0, 8.0, 1.0], [-151.0, -55.0, 0.0], [-5.0, 7.0, 0.0], [4.0, 0.0, 0.0], [-1.0, -5.0, 0.0], [-3.0, 0.0, 0.0], [-1.0, 5.0, 0.0], [14.0, -1.0, 0.0], [1.0, -2.0, 0.0], [-12.0, -2.0, 0.0], [-3.0, 2.0, 0.0], [8.0, 1.0, 1.0], [106.0, -10.0, 0.0], [-1.0, 4.0, 0.0], [8.0, -2.0, 0.0], [-8.0, 1.0, 0.0], [7.0, -3.0, 0.0], [-5.0, 0.0, 1.0], [-101.0, 46.0, 0.0], [-9.0, 2.0, 0.0], [0.0, 3.0, 0.0], [4.0, 1.0, 0.0], [11.0, -7.0, 0.0], [-8.0, 1.0, 0.0], [4.0, 3.0, 0.0], [4.0, -4.0, 1.0], [87.0, -13.0, 0.0], [0.0, 5.0, 0.0], [9.0, -5.0, 0.0], [-6.0, -1.0, 0.0], [-4.0, 4.0, 0.0], [9.0, -2.0, 0.0], [-7.0, -1.0, 1.0], [-373.0, 133.703125, 0.0], [-22.0, 75.0, 0.0], [-3.0, 31.0, 1.0], [19.0, -105.0, 0.0], [125.0, -3.0, 0.0], [152.0, 2.0, 0.0], [78.0, -6.0, 1.0], [-356.0, 9.0, 0.0], [-1.0, -7.0, 0.0], [6.0, -12.0, 0.0], [13.0, -11.0, 0.0], [85.0, -15.0, 0.0], [80.0, -5.0, 0.0], [87.0, 2.0, 0.0], [99.0, 8.0, 0.0], [7.0, 9.0, 0.0], [0.0, 6.0, 0.0], [-8.0, 22.0, 1.0], [-4.0, 1.0, 0.0], [-5.0, 48.0, 0.0], [1.0, 36.0, 1.0], [-1.0, -62.0, 0.0], [27.0, 5.0, 1.0], [-28.0, 31.0, 0.0], [28.0, 8.0, 1.0], [-393.0, -39.0, 0.0], [-22.0, 10.0, 1.0], [10.0, 31.0, 0.0], [-10.0, 6.0, 0.0], [-9.0, 1.0, 1.0], [25.0, -5.0, 0.0], [172.0, -6.0, 0.0], [128.0, 1.0, 0.0], [65.0, 6.0, 0.0], [-3.0, -3.0, 1.0], [-187.0, -68.0, 0.0], [3.0, -1.0, 0.0], [0.0, 4.0, 0.0], [-7.0, 48.0, 0.0], [-4.0, 20.0, 0.0], [-2.0, -1.0, 1.0], [-114.0, 75.703125, 0.0], [-6.0, 32.0, 0.0], [-1.0, 68.0, 0.0], [-1.0, 3.0, 0.0], [-1.0, -4.0, 1.0], [6.0, -99.0, 0.0], [55.0, 8.0, 0.0], [257.0, 10.0, 1.0], [-314.0, 88.0, 0.0], [182.0, -19.0, 0.0], [136.0, -6.0, 0.0], [3.0, -4.0, 1.0], [-13.0, -62.0, 0.0], [9.0, 53.0, 0.0], [0.0, 10.0, 0.0], [-3.0, -1.0, 1.0], [-184.0, 19.0, 0.0], [1.0, 38.0, 1.0], [-4.0, 0.0, 0.0], [-8.0, 22.0, 1.0], [14.0, -19.0, 0.0], [24.0, 18.0, 1.0]], "gt_class_names": ["cat", "pillow", "couch", "television"]}