{"img_id": "sceneid-41-userid-18", "img_w": 1100, "img_h": 770, "object_divisions": [0, 3, 6, 9, 26, 32, 35], "scene_strokes": [[141.0, 494.703125, 0.0], [-1.0, -86.0, 0.0], [-13.0, -70.0, 0.0], [1.0, -16.0, 1.0], [-35.0, -3.0, 0.0], [-10.0, -15.0, 0.0], [-16.0, -14.0, 0.0], [-3.0, -13.0, 0.0], [5.0, -17.0, 0.0], [13.0, -11.0, 0.0], [30.0, 10.0, 0.0], [3.0, -33.0, 0.0], [8.0, -11.0, 0.0], [17.0, -9.0, 0.0], [15.0, 6.0, 0.0], [6.0, 13.0, 0.0], [0.0, 9.0, 0.0], [9.0, -24.0, 0.0], [20.0, -16.0, 0.0], [8.0, -1.0, 0.0], [8.0, 5.0, 0.0], [6.0, 12.0, 0.0], [3.0, 16.0, 0.0], [18.0, -14.0, 0.0], [18.0, -4.0, 0.0], [10.0, 7.0, 0.0], [2.0, 13.0, 0.0], [-10.0, 21.0, 0.0], [-14.0, 8.0, 0.0], [13.0, -1.0, 0.0], [1.0, 9.0, 0.0], [-7.0, 10.0, 0.0], [-24.0, 13.0, 0.0], [-37.0, 8.0, 0.0], [-2.0, 4.0, 1.0], [-23.0, 27.0, 0.0], [21.0, 103.0, 0.0], [4.0, 33.0, 0.0], [5.0, 3.0, 1.0], [82.0, -132.296875, 0.0], [15.0, 161.0, 1.0], [28.0, -160.0, 0.0], [31.0, 141.0, 1.0], [-94.0, -144.0, 0.0], [-11.0, -8.0, 0.0], [-5.0, -9.0, 0.0], [-2.0, -7.0, 0.0], [3.0, -12.0, 0.0], [6.0, -8.0, 0.0], [6.0, -1.0, 0.0], [8.0, 4.0, 0.0], [-2.0, -24.0, 0.0], [4.0, -11.0, 0.0], [9.0, -3.0, 0.0], [10.0, 9.0, 0.0], [4.0, -24.0, 0.0], [8.0, -8.0, 0.0], [8.0, -1.0, 0.0], [6.0, 8.0, 0.0], [2.0, 15.0, 0.0], [9.0, -13.0, 0.0], [9.0, -4.0, 0.0], [8.0, 7.0, 0.0], [-1.0, 9.0, 0.0], [8.0, -6.0, 0.0], [8.0, -1.0, 0.0], [6.0, 6.0, 0.0], [4.0, 12.0, 0.0], [-1.0, 9.0, 0.0], [-6.0, 11.0, 0.0], [-25.0, 22.0, 0.0], [-2.0, 7.0, 0.0], [-11.0, 13.0, 0.0], [0.0, 10.0, 1.0], [98.0, 9.703125, 0.0], [-2.0, -5.0, 0.0], [-2.0, 1.0, 0.0], [-1.0, 23.0, 0.0], [10.0, 121.0, 0.0], [2.0, 7.0, 0.0], [3.0, -7.0, 1.0], [24.0, -142.0, 0.0], [14.0, 120.0, 1.0], [-64.0, -129.0, 0.0], [-24.0, -14.0, 0.0], [-11.0, -11.0, 0.0], [-5.0, -11.0, 0.0], [1.0, -16.0, 0.0], [8.0, -8.0, 0.0], [14.0, 6.0, 0.0], [-6.0, -19.0, 0.0], [2.0, -24.0, 0.0], [7.0, -7.0, 0.0], [4.0, 0.0, 0.0], [18.0, 14.0, 0.0], [3.0, -21.0, 0.0], [9.0, -12.0, 0.0], [11.0, 6.0, 0.0], [4.0, 15.0, 0.0], [13.0, -14.0, 0.0], [10.0, 1.0, 0.0], [4.0, 6.0, 0.0], [1.0, 14.0, 0.0], [-3.0, 17.0, 0.0], [-7.0, 14.0, 0.0], [12.0, -6.0, 0.0], [10.0, 0.0, 0.0], [10.0, 14.0, 0.0], [-5.0, 21.0, 0.0], [-7.0, 6.0, 0.0], [9.0, -4.0, 0.0], [7.0, 3.0, 0.0], [2.0, 7.0, 0.0], [-3.0, 8.0, 0.0], [-16.0, 14.0, 0.0], [-16.0, 3.0, 0.0], [-3.0, 0.0, 0.0], [0.0, -3.0, 1.0], [136.0, 50.703125, 0.0], [-3.0, -2.0, 0.0], [1.0, -4.0, 0.0], [7.0, -10.0, 0.0], [22.0, -18.0, 0.0], [13.0, -6.0, 0.0], [19.0, -5.0, 0.0], [26.0, -2.0, 0.0], [17.0, 0.0, 0.0], [12.0, 6.0, 1.0], [-103.0, 105.0, 0.0], [24.0, 5.0, 0.0], [50.0, -7.0, 0.0], [50.0, -21.0, 0.0], [17.0, -9.0, 0.0], [-4.0, -1.0, 1.0], [-170.0, -32.0, 0.0], [-17.0, 67.0, 0.0], [-5.0, 46.0, 0.0], [1.0, 26.0, 0.0], [6.0, 13.0, 0.0], [7.0, 0.0, 0.0], [6.0, -4.0, 0.0], [21.0, -62.0, 0.0], [3.0, 0.0, 1.0], [10.0, -3.0, 0.0], [7.0, 51.0, 0.0], [8.0, 8.0, 0.0], [11.0, -15.0, 0.0], [6.0, -35.0, 1.0], [57.0, -32.0, 0.0], [5.0, 2.0, 0.0], [4.0, 12.0, 0.0], [9.0, 56.0, 0.0], [10.0, 12.0, 0.0], [11.0, -3.0, 0.0], [6.0, -9.0, 0.0], [0.0, -38.0, 0.0], [3.0, -7.0, 0.0], [-2.0, -17.0, 1.0], [-3.0, -9.0, 0.0], [8.0, 11.0, 0.0], [10.0, 35.0, 0.0], [10.0, 14.0, 0.0], [8.0, -1.0, 0.0], [8.0, -6.0, 0.0], [4.0, -10.0, 0.0], [2.0, -20.0, 0.0], [-2.0, -17.0, 0.0], [-4.0, -6.0, 1.0], [-74.0, -102.0, 0.0], [4.0, 4.0, 0.0], [10.0, 1.0, 0.0], [37.0, -12.0, 0.0], [18.0, 3.0, 1.0], [-9.0, 1.0, 0.0], [0.0, -1.0, 1.0], [6.0, -5.0, 0.0], [10.0, 5.0, 0.0], [5.0, 11.0, 0.0], [-2.0, 10.0, 0.0], [-7.0, 5.0, 1.0], [2.0, -10.0, 0.0], [6.0, 4.0, 0.0], [-2.0, 16.0, 0.0], [-9.0, 9.0, 0.0], [-21.0, 11.0, 0.0], [1.0, 2.0, 1.0], [-11.0, -2.0, 0.0], [0.0, 19.0, 0.0], [-7.0, 4.0, 1.0], [-185.0, -28.0, 0.0], [-24.0, 17.0, 0.0], [-9.0, 15.0, 0.0], [-4.0, 11.0, 0.0], [-2.0, 36.0, 0.0], [-11.0, 24.0, 0.0], [-15.0, 16.0, 0.0], [-13.0, 4.0, 0.0], [42.0, -44.0, 0.0], [17.0, -30.0, 0.0], [3.0, -17.0, 0.0], [6.0, -8.0, 0.0], [18.0, -11.0, 0.0], [12.0, -2.0, 1.0], [-26.0, -9.0, 0.0], [19.0, -3.0, 1.0], [208.0, -28.0, 0.0], [-4.0, 0.0, 1.0], [-9.0, -10.0, 0.0], [6.0, -3.0, 0.0], [-5.0, 1.0, 0.0], [1.0, 3.0, 0.0], [5.0, 0.0, 0.0], [-4.0, 0.0, 1.0], [5.0, 18.0, 0.0], [6.0, -1.0, 0.0], [-12.0, 6.0, 0.0], [14.0, 1.0, 0.0], [2.0, 4.0, 0.0], [2.0, -3.0, 1.0], [-12.0, -11.0, 0.0], [9.0, -1.0, 0.0], [4.0, 3.0, 1.0], [149.0, 23.703125, 0.0], [-7.0, -5.0, 0.0], [0.0, 66.0, 1.0], [-1.0, -62.0, 0.0], [47.0, -3.0, 0.0], [26.0, 2.0, 0.0], [24.0, -3.0, 0.0], [-2.0, 54.0, 0.0], [-3.0, 9.0, 1.0], [-103.0, 15.0, 0.0], [34.0, -6.0, 0.0], [64.0, -3.0, 1.0], [-59.0, -43.0, 0.0], [-8.0, 8.0, 0.0], [1.0, 11.0, 0.0], [5.0, 10.0, 0.0], [30.0, -2.0, 0.0], [8.0, -5.0, 0.0], [-3.0, -11.0, 0.0], [-22.0, -14.0, 0.0], [-13.0, 3.0, 0.0], [-5.0, 10.0, 1.0], [9.0, 2.0, 0.0], [0.0, 7.0, 0.0], [6.0, 5.0, 0.0], [6.0, -1.0, 0.0], [4.0, -8.0, 0.0], [-7.0, -5.0, 0.0], [-5.0, 2.0, 0.0], [-2.0, 6.0, 1.0], [36.0, -46.0, 0.0], [-1.0, -4.0, 0.0], [-2.0, 11.0, 0.0], [-2.0, -14.0, 0.0], [3.0, -1.0, 0.0], [25.0, 1.0, 0.0], [-2.0, 14.0, 1.0], [-202.0, 97.703125, 0.0], [-1.0, -6.0, 1.0], [4.0, -2.0, 0.0], [-5.0, 4.0, 0.0], [-8.0, 27.0, 0.0], [1.0, 10.0, 0.0], [5.0, 7.0, 0.0], [13.0, 1.0, 0.0], [-2.0, -14.0, 0.0], [8.0, -21.0, 0.0], [0.0, -10.0, 0.0], [-6.0, -7.0, 0.0], [-16.0, 1.0, 0.0], [2.0, -2.0, 1.0], [6.0, 1.0, 0.0], [6.0, 1.0, 0.0], [3.0, 6.0, 0.0], [0.0, 27.0, 0.0], [-8.0, 13.0, 0.0], [10.0, -3.0, 0.0], [3.0, -5.0, 0.0], [1.0, -26.0, 0.0], [-4.0, -3.0, 1.0]], "gt_class_names": ["tree", "tree", "tree", "bear", "camera", "pear"]}