{"img_id": "sceneid-39-userid-16", "img_w": 1100, "img_h": 770, "object_divisions": [0, 4, 6, 7, 8, 13, 21], "scene_strokes": [[228.421875, 441.703125, 0.0], [-5.0, -15.0, 0.0], [-1.0, -32.0, 0.0], [11.0, -21.0, 0.0], [19.0, -10.0, 0.0], [11.0, -1.0, 0.0], [14.0, 4.0, 0.0], [11.0, 11.0, 0.0], [8.0, 21.0, 0.0], [-6.0, 29.0, 1.0], [-60.0, 18.0, 0.0], [-13.0, 17.0, 0.0], [-21.0, 63.0, 0.0], [-19.0, 84.0, 0.0], [0.0, 4.0, 0.0], [6.0, -13.0, 0.0], [24.0, -70.0, 0.0], [22.0, -39.0, 0.0], [1.0, 87.0, 0.0], [-9.0, 91.0, 0.0], [-1.0, 66.0, 0.0], [-12.0, 20.0, 0.0], [21.0, -21.0, 0.0], [-10.0, 19.0, 0.0], [17.0, -15.0, 0.0], [-8.0, 16.0, 0.0], [15.0, -17.0, 0.0], [-5.0, 15.0, 0.0], [16.0, -32.0, 0.0], [10.0, -42.0, 0.0], [7.0, 59.0, 0.0], [2.0, -2.0, 0.0], [-4.0, 19.0, 0.0], [6.0, -6.0, 0.0], [7.0, -16.0, 0.0], [-5.0, 20.0, 0.0], [12.0, -19.0, 0.0], [-3.0, 20.0, 0.0], [13.0, -22.0, 0.0], [1.0, 18.0, 0.0], [9.0, -55.0, 0.0], [-26.0, -211.0, 0.0], [13.0, 17.0, 0.0], [37.0, 68.0, 0.0], [8.0, 5.0, 0.0], [0.0, -6.0, 0.0], [-16.0, -72.0, 0.0], [-31.0, -76.0, 1.0], [-54.0, -21.0, 0.0], [5.0, -3.0, 0.0], [-4.0, 6.0, 0.0], [3.0, -5.0, 0.0], [-5.0, 4.0, 1.0], [30.0, 0.0, 0.0], [1.0, -4.0, 0.0], [-6.0, 7.0, 0.0], [8.0, -5.0, 0.0], [1.0, -2.0, 0.0], [-4.0, 1.0, 0.0], [-3.0, 4.0, 0.0], [7.0, -4.0, 0.0], [-7.0, 4.0, 1.0], [-251.578125, 58.703125, 0.0], [20.0, -65.0, 0.0], [36.0, -61.0, 0.0], [11.0, -11.0, 0.0], [93.0, -60.0, 0.0], [114.0, -20.0, 0.0], [60.0, -7.0, 0.0], [107.0, 20.0, 0.0], [20.0, 7.0, 0.0], [23.0, 14.0, 0.0], [23.0, 24.0, 0.0], [62.0, 83.0, 0.0], [15.0, 32.0, 0.0], [4.0, 36.0, 0.0], [-3.0, 38.0, 0.0], [8.0, 80.0, 0.0], [-27.0, 84.0, 0.0], [1.0, 29.0, 0.0], [-3.0, 18.0, 0.0], [-15.0, 24.0, 0.0], [-59.0, 64.0, 0.0], [-11.0, 7.0, 1.0], [-480.0, -339.0, 0.0], [-6.0, 34.0, 0.0], [2.0, 25.0, 0.0], [17.0, 50.0, 0.0], [18.0, 75.0, 0.0], [33.0, 72.0, 0.0], [39.0, 65.0, 0.0], [21.0, 22.0, 1.0], [713.421875, -465.296875, 0.0], [-1.0, -4.0, 0.0], [-6.0, -2.0, 0.0], [-16.0, 1.0, 0.0], [-45.0, 20.0, 0.0], [-16.0, 12.0, 0.0], [-24.0, 27.0, 0.0], [-18.0, 39.0, 0.0], [-1.0, 12.0, 0.0], [9.0, 65.0, 0.0], [-18.0, 72.0, 0.0], [-1.0, 40.0, 0.0], [17.0, 52.0, 0.0], [17.0, 20.0, 0.0], [18.0, 9.0, 0.0], [26.0, 3.0, 0.0], [17.0, -4.0, 0.0], [67.0, -40.0, 0.0], [25.0, -12.0, 0.0], [53.0, -18.0, 0.0], [13.0, -10.0, 0.0], [8.0, -12.0, 0.0], [11.0, -32.0, 0.0], [-3.0, -69.0, 0.0], [10.0, -81.0, 0.0], [0.0, -21.0, 0.0], [-10.0, -30.0, 0.0], [-11.0, -13.0, 0.0], [-15.0, -10.0, 0.0], [-40.0, -11.0, 0.0], [-22.0, -15.0, 0.0], [-14.0, -5.0, 0.0], [-36.0, -3.0, 0.0], [-20.0, 9.0, 1.0], [181.421875, -189.296875, 0.0], [-2.0, -4.0, 0.0], [-18.0, 3.0, 0.0], [-21.0, 13.0, 0.0], [-4.0, 9.0, 0.0], [2.0, 26.0, 0.0], [-16.0, 31.0, 0.0], [-5.0, 56.0, 0.0], [5.0, 17.0, 0.0], [10.0, 15.0, 0.0], [10.0, 8.0, 0.0], [23.0, 7.0, 0.0], [25.0, 1.0, 0.0], [18.0, -4.0, 0.0], [18.0, -13.0, 0.0], [15.0, -19.0, 0.0], [14.0, -29.0, 0.0], [8.0, -61.0, 0.0], [0.0, -18.0, 0.0], [-5.0, -18.0, 0.0], [-15.0, -27.0, 0.0], [-22.0, -4.0, 0.0], [-63.0, 1.0, 1.0], [-545.578125, 232.703125, 0.0], [-9.0, 8.0, 0.0], [-2.0, 12.0, 0.0], [0.0, 68.0, 0.0], [-18.0, 15.0, 0.0], [-27.0, 32.0, 0.0], [-18.0, 29.0, 0.0], [64.0, -53.0, 0.0], [-24.0, 228.0, 0.0], [11.0, -20.0, 0.0], [-2.0, 12.0, 0.0], [9.0, -13.0, 0.0], [-2.0, 10.0, 0.0], [8.0, -9.0, 0.0], [-2.0, 12.0, 0.0], [7.0, -13.0, 0.0], [-1.0, 10.0, 0.0], [7.0, -42.0, 0.0], [13.0, -45.0, 0.0], [6.0, 68.0, 0.0], [-4.0, 18.0, 0.0], [11.0, -10.0, 1.0], [-12.0, 9.0, 0.0], [11.0, -10.0, 0.0], [-5.0, 10.0, 0.0], [10.0, -10.0, 0.0], [-4.0, 9.0, 0.0], [10.0, -10.0, 0.0], [-2.0, 5.0, 0.0], [6.0, -5.0, 0.0], [2.0, -8.0, 0.0], [2.0, -67.0, 0.0], [-12.0, -79.0, 0.0], [-3.0, -66.0, 0.0], [28.0, 38.0, 0.0], [12.0, 9.0, 0.0], [3.0, 0.0, 0.0], [0.0, -7.0, 0.0], [-3.0, -15.0, 0.0], [-15.0, -37.0, 0.0], [-9.0, -10.0, 0.0], [-7.0, -42.0, 0.0], [-14.0, -31.0, 0.0], [-11.0, -13.0, 0.0], [-11.0, -3.0, 0.0], [-14.0, 4.0, 0.0], [-2.0, 7.0, 1.0], [14.0, 36.0, 0.0], [1.0, 0.0, 1.0], [19.0, -5.0, 0.0], [-2.0, 4.0, 1.0], [-13.0, 38.0, 0.0], [11.0, -5.0, 0.0], [-11.0, 7.0, 1.0], [403.421875, -39.296875, 0.0], [-11.0, -1.0, 0.0], [-8.0, 9.0, 0.0], [-8.0, 31.0, 0.0], [-4.0, 41.0, 1.0], [23.0, -77.0, 0.0], [6.0, -4.0, 0.0], [10.0, 2.0, 0.0], [8.0, 6.0, 0.0], [4.0, 9.0, 0.0], [5.0, 24.0, 0.0], [-2.0, 36.0, 1.0], [-55.0, 2.0, 0.0], [-15.0, 12.0, 0.0], [-26.0, 31.0, 0.0], [-18.0, 29.0, 0.0], [-9.0, 30.0, 0.0], [1.0, 5.0, 0.0], [5.0, -4.0, 0.0], [38.0, -41.0, 0.0], [19.0, -16.0, 0.0], [-19.0, 94.0, 0.0], [-3.0, 56.0, 1.0], [85.0, -198.0, 0.0], [39.0, 86.0, 0.0], [-2.0, 3.0, 0.0], [-5.0, -2.0, 0.0], [-24.0, -21.0, 0.0], [-19.0, -30.0, 0.0], [-15.0, 100.0, 0.0], [-14.0, 65.0, 0.0], [-2.0, 3.0, 0.0], [-22.0, 1.0, 0.0], [-25.0, -7.0, 1.0], [53.0, -236.0, 0.0], [-4.0, -1.0, 0.0], [0.0, 4.0, 0.0], [6.0, -3.0, 0.0], [-2.0, -4.0, 0.0], [-4.0, 2.0, 0.0], [0.0, 3.0, 0.0], [3.0, 0.0, 1.0], [24.0, 2.0, 0.0], [1.0, -4.0, 0.0], [-6.0, 3.0, 0.0], [6.0, 1.0, 0.0], [2.0, -3.0, 0.0], [-3.0, -2.0, 0.0], [-6.0, 7.0, 1.0], [-68.0, 234.0, 0.0], [-11.0, 17.0, 0.0], [4.0, 0.0, 0.0], [15.0, -15.0, 0.0], [-8.0, 11.0, 0.0], [9.0, -7.0, 0.0], [-6.0, 8.0, 0.0], [13.0, -9.0, 0.0], [-5.0, 8.0, 1.0], [14.0, 0.0, 0.0], [-4.0, 7.0, 0.0], [10.0, -10.0, 0.0], [-7.0, 10.0, 0.0], [11.0, -10.0, 0.0], [-6.0, 10.0, 0.0], [14.0, -12.0, 0.0], [-5.0, 7.0, 1.0]], "gt_class_names": ["penguin", "ice", "ice", "ice", "penguin", "penguin"]}