{"img_id": "sceneid-80-userid-32", "img_w": 1100, "img_h": 770, "object_divisions": [0, 3, 11, 19, 29], "scene_strokes": [[160.0, 147.703125, 0.0], [169.0, -37.0, 0.0], [216.0, -41.0, 0.0], [43.0, -7.0, 0.0], [28.0, 0.0, 1.0], [-471.0, 103.0, 0.0], [25.0, 9.0, 0.0], [51.0, 28.0, 0.0], [65.0, 27.0, 0.0], [148.0, 52.0, 1.0], [163.0, -216.0, 0.0], [104.0, 8.0, 0.0], [226.0, 2.0, 0.0], [29.0, 7.0, 0.0], [4.0, 5.0, 0.0], [-2.0, 4.0, 0.0], [-27.0, 16.0, 0.0], [-97.0, 46.0, 0.0], [-173.0, 59.0, 0.0], [-268.0, 103.0, 1.0], [117.0, -171.296875, 0.0], [3.0, 4.0, 0.0], [5.0, 39.0, 0.0], [37.0, 190.0, 1.0], [-8.0, 7.0, 0.0], [-11.0, 7.0, 0.0], [0.0, 8.0, 0.0], [9.0, 2.0, 0.0], [12.0, -3.0, 0.0], [10.0, -8.0, 0.0], [-2.0, -7.0, 0.0], [-19.0, 1.0, 0.0], [-11.0, 8.0, 0.0], [2.0, 9.0, 0.0], [15.0, 5.0, 0.0], [22.0, -4.0, 0.0], [-5.0, -3.0, 0.0], [-14.0, 1.0, 0.0], [-15.0, 9.0, 0.0], [2.0, 7.0, 0.0], [20.0, -1.0, 0.0], [12.0, -10.0, 0.0], [-9.0, -3.0, 0.0], [-14.0, 4.0, 0.0], [-12.0, 7.0, 0.0], [-4.0, 8.0, 0.0], [26.0, 0.0, 0.0], [13.0, -6.0, 0.0], [4.0, -5.0, 0.0], [-17.0, 3.0, 1.0], [-18.0, 12.0, 0.0], [-9.0, 6.0, 0.0], [-13.0, 1.0, 0.0], [-10.0, 12.0, 0.0], [13.0, 60.0, 0.0], [14.0, 13.0, 0.0], [10.0, 4.0, 0.0], [27.0, 1.0, 0.0], [10.0, -3.0, 0.0], [16.0, -11.0, 0.0], [11.0, -15.0, 0.0], [7.0, -26.0, 0.0], [1.0, -32.0, 0.0], [-8.0, -23.0, 0.0], [-12.0, -8.0, 0.0], [-7.0, 0.0, 0.0], [-29.0, 11.0, 1.0], [-85.0, 113.0, 0.0], [-26.0, 28.0, 1.0], [56.0, 20.0, 0.0], [-14.0, 30.0, 1.0], [112.0, -21.0, 0.0], [22.0, 21.0, 1.0], [55.0, -43.0, 0.0], [25.0, 11.0, 1.0], [31.0, -45.0, 0.0], [46.0, 28.0, 1.0], [-702.0, -13.296875, 0.0], [7.0, 14.0, 0.0], [18.0, 21.0, 0.0], [17.0, 12.0, 0.0], [48.0, 25.0, 0.0], [53.0, 15.0, 0.0], [74.0, 9.0, 0.0], [56.0, -2.0, 0.0], [19.0, -4.0, 0.0], [13.0, -8.0, 0.0], [10.0, -12.0, 0.0], [7.0, -18.0, 0.0], [6.0, -45.0, 0.0], [-2.0, -8.0, 0.0], [-6.0, -6.0, 0.0], [-16.0, -3.0, 0.0], [-30.0, 1.0, 0.0], [-51.0, -11.0, 0.0], [-140.0, -55.0, 0.0], [-39.0, -8.0, 0.0], [-19.0, 3.0, 0.0], [-12.0, 8.0, 0.0], [-10.0, 19.0, 0.0], [-8.0, 29.0, 1.0], [-1.0, 29.0, 0.0], [-9.0, 14.0, 0.0], [-7.0, 22.0, 0.0], [-2.0, 28.0, 0.0], [6.0, 25.0, 0.0], [13.0, 15.0, 0.0], [27.0, 11.0, 0.0], [78.0, 17.0, 0.0], [57.0, 16.0, 0.0], [25.0, 5.0, 0.0], [26.0, 1.0, 0.0], [45.0, -7.0, 0.0], [18.0, -8.0, 0.0], [24.0, -19.0, 0.0], [5.0, -9.0, 0.0], [4.0, -17.0, 0.0], [-3.0, -30.0, 1.0], [-302.0, -96.0, 0.0], [-14.0, 32.0, 1.0], [29.0, -86.0, 0.0], [-3.0, 9.0, 1.0], [12.0, 152.0, 0.0], [1.0, 6.0, 0.0], [-4.0, 8.0, 1.0], [-1.0, -4.0, 0.0], [12.0, 2.0, 0.0], [-7.0, -4.0, 0.0], [-12.0, 7.0, 0.0], [9.0, -13.0, 0.0], [-2.0, 14.0, 1.0], [6.0, -7.0, 0.0], [5.0, 1.0, 1.0], [285.0, -77.0, 0.0], [9.0, 16.0, 0.0], [9.0, 64.0, 0.0], [-2.0, 13.0, 0.0], [-9.0, 17.0, 0.0], [-14.0, 15.0, 0.0], [-17.0, 9.0, 0.0], [-11.0, 2.0, 1.0], [716.0, -339.296875, 0.0], [-7.0, -2.0, 0.0], [-33.0, 10.0, 0.0], [-47.0, 28.0, 0.0], [-20.0, 25.0, 0.0], [-5.0, 15.0, 0.0], [1.0, 12.0, 0.0], [9.0, 13.0, 0.0], [11.0, 9.0, 0.0], [19.0, 9.0, 0.0], [17.0, 4.0, 0.0], [59.0, 2.0, 0.0], [28.0, -5.0, 1.0], [-148.0, -19.0, 0.0], [-3.0, 29.0, 0.0], [5.0, 20.0, 0.0], [8.0, 15.0, 0.0], [17.0, 14.0, 0.0], [23.0, 8.0, 0.0], [23.0, 0.0, 0.0], [26.0, -7.0, 0.0], [20.0, -12.0, 1.0], [-32.0, -232.0, 0.0], [12.0, -6.0, 0.0], [13.0, -2.0, 0.0], [23.0, 2.0, 1.0], [-45.0, 2.0, 0.0], [-3.0, 0.0, 0.0], [-3.0, 44.0, 1.0], [6.0, 3.0, 0.0], [2.0, -34.0, 0.0], [12.0, -6.0, 0.0], [36.0, -6.0, 1.0], [-61.0, 43.0, 0.0], [-32.0, 15.0, 1.0], [27.0, -3.0, 0.0], [-11.0, 12.0, 0.0], [-9.0, 5.0, 1.0], [20.0, -9.0, 0.0], [-7.0, 20.0, 1.0], [25.0, -23.0, 0.0], [9.0, 17.0, 1.0], [8.0, -20.0, 0.0], [19.0, 11.0, 1.0]], "gt_class_names": ["ceiling", "light bulb", "bathtub", "sink"]}