{"img_id": "sceneid-162-userid-77", "img_w": 1100, "img_h": 770, "object_divisions": [0, 8, 11, 17], "scene_strokes": [[342.0, 251.703125, 0.0], [-11.0, -3.0, 0.0], [-35.0, 3.0, 0.0], [-20.0, 8.0, 0.0], [-26.0, 18.0, 0.0], [-10.0, 14.0, 0.0], [-4.0, 17.0, 0.0], [4.0, 14.0, 0.0], [12.0, 14.0, 0.0], [55.0, 22.0, 0.0], [46.0, 7.0, 0.0], [63.0, -2.0, 0.0], [39.0, -7.0, 0.0], [30.0, -12.0, 0.0], [19.0, -19.0, 0.0], [4.0, -10.0, 0.0], [0.0, -32.0, 0.0], [-16.0, -21.0, 0.0], [-22.0, -14.0, 0.0], [-48.0, -10.0, 0.0], [-36.0, -1.0, 0.0], [-26.0, 3.0, 0.0], [-20.0, 6.0, 0.0], [-11.0, 8.0, 1.0], [136.0, -13.0, 0.0], [-5.0, -17.0, 0.0], [-4.0, -35.0, 0.0], [4.0, -19.0, 0.0], [12.0, -16.0, 0.0], [12.0, -9.0, 0.0], [35.0, -8.0, 0.0], [24.0, 5.0, 0.0], [13.0, 10.0, 0.0], [9.0, 27.0, 0.0], [-3.0, 43.0, 0.0], [-7.0, 26.0, 0.0], [-13.0, 27.0, 0.0], [-16.0, 21.0, 0.0], [-4.0, 3.0, 0.0], [-3.0, -2.0, 1.0], [-41.0, -155.0, 0.0], [-8.0, -23.0, 0.0], [-9.0, -13.0, 0.0], [-12.0, -10.0, 0.0], [-22.0, -3.0, 0.0], [-11.0, 7.0, 0.0], [1.0, 16.0, 0.0], [19.0, 22.0, 0.0], [2.0, 9.0, 0.0], [-20.0, 38.0, 0.0], [-3.0, 16.0, 0.0], [7.0, 14.0, 0.0], [7.0, -1.0, 0.0], [12.0, -9.0, 1.0], [106.0, -70.0, 0.0], [2.0, -19.0, 0.0], [10.0, -15.0, 0.0], [9.0, -6.0, 0.0], [15.0, -3.0, 0.0], [13.0, 3.0, 0.0], [10.0, 7.0, 0.0], [12.0, 16.0, 0.0], [4.0, 13.0, 0.0], [0.0, 11.0, 0.0], [-4.0, 9.0, 0.0], [-32.0, 33.0, 0.0], [20.0, 30.0, 0.0], [3.0, 22.0, 0.0], [-4.0, 14.0, 0.0], [-11.0, 8.0, 0.0], [-10.0, -1.0, 0.0], [-21.0, -22.0, 1.0], [-88.0, 109.0, 0.0], [1.0, 43.0, 0.0], [13.0, 61.0, 0.0], [7.0, 12.0, 0.0], [7.0, 0.0, 0.0], [6.0, -17.0, 0.0], [2.0, -48.0, 0.0], [-7.0, -47.0, 0.0], [-6.0, -19.0, 1.0], [-79.0, 35.0, 0.0], [5.0, 24.0, 0.0], [6.0, 9.0, 0.0], [9.0, 1.0, 0.0], [4.0, -7.0, 0.0], [1.0, -15.0, 0.0], [-4.0, -12.0, 0.0], [-5.0, -4.0, 0.0], [-5.0, 1.0, 1.0], [-189.0, -30.0, 0.0], [12.0, 96.0, 0.0], [10.0, 28.0, 0.0], [5.0, 2.0, 0.0], [4.0, -4.0, 0.0], [5.0, -14.0, 0.0], [1.0, -43.0, 0.0], [-3.0, -33.0, 1.0], [36.0, 5.0, 0.0], [4.0, 18.0, 0.0], [8.0, 7.0, 0.0], [6.0, 0.0, 0.0], [6.0, -7.0, 0.0], [2.0, -12.0, 0.0], [-3.0, -15.0, 0.0], [-3.0, -4.0, 0.0], [-6.0, -1.0, 1.0], [333.0, 169.703125, 0.0], [-1.0, -4.0, 0.0], [-10.0, -7.0, 0.0], [-17.0, -2.0, 0.0], [-15.0, 11.0, 0.0], [-7.0, 18.0, 0.0], [1.0, 14.0, 0.0], [6.0, 12.0, 0.0], [14.0, 13.0, 0.0], [19.0, 6.0, 0.0], [22.0, -1.0, 0.0], [27.0, -15.0, 0.0], [13.0, -19.0, 0.0], [4.0, -17.0, 0.0], [-2.0, -15.0, 0.0], [-8.0, -14.0, 0.0], [-7.0, -8.0, 0.0], [-16.0, -6.0, 0.0], [-9.0, 0.0, 0.0], [-8.0, 4.0, 0.0], [-7.0, 9.0, 0.0], [-3.0, 14.0, 0.0], [-4.0, -13.0, 0.0], [0.0, -19.0, 0.0], [13.0, -31.0, 1.0], [-17.0, 58.0, 0.0], [-14.0, -27.0, 0.0], [-13.0, -8.0, 0.0], [-7.0, 2.0, 0.0], [1.0, 7.0, 0.0], [46.0, 31.0, 1.0], [-4.0, 0.0, 0.0], [-4.0, 2.0, 0.0], [-5.0, 11.0, 0.0], [1.0, 18.0, 0.0], [3.0, 13.0, 0.0], [7.0, 12.0, 0.0], [5.0, 6.0, 0.0], [5.0, 3.0, 0.0], [-1.0, -3.0, 1.0], [-170.0, -118.296875, 0.0], [16.0, -7.0, 0.0], [29.0, -4.0, 0.0], [11.0, 9.0, 0.0], [1.0, 19.0, 0.0], [-21.0, 13.0, 0.0], [-19.0, 2.0, 0.0], [-17.0, -10.0, 0.0], [-5.0, -6.0, 0.0], [0.0, -5.0, 1.0], [55.0, -27.0, 0.0], [11.0, -19.0, 0.0], [2.0, 15.0, 0.0], [-4.0, 13.0, 0.0], [13.0, -12.0, 0.0], [7.0, 2.0, 0.0], [-4.0, 8.0, 0.0], [-21.0, 9.0, 1.0], [-56.0, 24.0, 0.0], [2.0, 23.0, 1.0], [60.0, -34.0, 0.0], [17.0, 20.0, 1.0], [-58.0, -7.0, 0.0], [3.0, 15.0, 1.0], [25.0, -17.0, 0.0], [8.0, 15.0, 1.0]], "gt_class_names": ["elephant", "peach", "ant"]}