{"img_id": "sceneid-107-userid-44", "img_w": 1100, "img_h": 770, "object_divisions": [0, 1, 9, 17, 30], "scene_strokes": [[620.421875, 360.703125, 0.0], [4.0, -40.0, 0.0], [8.0, -10.0, 0.0], [19.0, -4.0, 0.0], [28.0, 1.0, 0.0], [56.0, 25.0, 0.0], [40.0, 8.0, 0.0], [30.0, 10.0, 0.0], [39.0, 20.0, 0.0], [36.0, 23.0, 0.0], [45.0, 19.0, 0.0], [3.0, 12.0, 0.0], [42.0, 80.0, 0.0], [8.0, 22.0, 0.0], [4.0, 38.0, 0.0], [-1.0, 10.0, 0.0], [-7.0, 11.0, 0.0], [-14.0, 5.0, 0.0], [-37.0, -2.0, 0.0], [-16.0, 3.0, 0.0], [-29.0, 20.0, 0.0], [-15.0, 6.0, 0.0], [-17.0, 4.0, 0.0], [-15.0, -1.0, 0.0], [-52.0, -11.0, 0.0], [-79.0, -25.0, 0.0], [-43.0, -26.0, 0.0], [-24.0, -19.0, 0.0], [-41.0, -40.0, 0.0], [-40.0, -50.0, 0.0], [-5.0, -16.0, 0.0], [1.0, -19.0, 0.0], [39.0, -71.0, 0.0], [22.0, -9.0, 0.0], [48.0, -3.0, 1.0], [7.421875, -134.296875, 0.0], [2.0, 28.0, 0.0], [10.0, 46.0, 0.0], [-1.0, 18.0, 1.0], [16.0, -100.0, 0.0], [-2.0, 31.0, 0.0], [14.0, 72.0, 1.0], [-45.0, -87.0, 0.0], [-31.0, -7.0, 0.0], [0.0, -37.0, 0.0], [8.0, -8.0, 0.0], [21.0, -11.0, 0.0], [21.0, 0.0, 0.0], [9.0, -4.0, 0.0], [9.0, 1.0, 0.0], [11.0, 11.0, 0.0], [-3.0, 9.0, 0.0], [3.0, 7.0, 0.0], [-1.0, 18.0, 0.0], [4.0, 11.0, 0.0], [-17.0, 7.0, 0.0], [-30.0, -3.0, 0.0], [-8.0, 6.0, 1.0], [18.0, -40.0, 0.0], [0.0, -3.0, 0.0], [5.0, 2.0, 0.0], [-3.0, 0.0, 1.0], [10.0, 14.0, 0.0], [2.0, -2.0, 0.0], [-5.0, -5.0, 0.0], [3.0, 4.0, 1.0], [22.0, 0.0, 0.0], [80.0, 76.0, 0.0], [40.0, 48.0, 0.0], [31.0, 53.0, 0.0], [11.0, 24.0, 0.0], [8.0, 29.0, 1.0], [-187.0, -201.0, 0.0], [0.0, 25.0, 0.0], [5.0, 19.0, 0.0], [29.0, 57.0, 0.0], [5.0, 26.0, 0.0], [0.0, 45.0, 0.0], [3.0, 17.0, 1.0], [-30.0, -205.0, 0.0], [25.0, 53.0, 0.0], [33.0, 56.0, 0.0], [12.0, 30.0, 0.0], [7.0, 31.0, 1.0], [-393.578125, -262.296875, 0.0], [6.0, 15.0, 0.0], [26.0, 123.0, 0.0], [-4.0, 103.0, 0.0], [8.0, 56.0, 0.0], [-3.0, 43.0, 0.0], [2.0, 28.0, 0.0], [41.0, 139.0, 0.0], [17.0, 96.0, 0.0], [-1.0, 100.0, 0.0], [4.0, 11.0, 0.0], [5.0, 0.0, 1.0], [-217.0, -714.0, 0.0], [4.0, 26.0, 0.0], [0.0, 32.0, 0.0], [-13.0, 95.0, 0.0], [-1.0, 45.0, 0.0], [3.0, 30.0, 0.0], [18.0, 60.0, 0.0], [48.0, 104.0, 0.0], [15.0, 51.0, 0.0], [6.0, 57.0, 0.0], [-2.0, 109.0, 0.0], [3.0, 11.0, 0.0], [26.0, 52.0, 0.0], [8.0, -1.0, 0.0], [4.0, -5.0, 1.0], [-127.0, -581.0, 0.0], [0.0, -5.0, 0.0], [19.0, -9.0, 0.0], [48.0, -12.0, 0.0], [12.0, 0.0, 0.0], [5.0, 7.0, 0.0], [0.0, 7.0, 1.0], [-54.0, 99.0, 0.0], [44.0, -15.0, 0.0], [38.0, -2.0, 0.0], [22.0, 8.0, 0.0], [7.0, 11.0, 1.0], [-83.0, 115.0, 0.0], [10.0, 3.0, 0.0], [44.0, -6.0, 0.0], [28.0, 5.0, 1.0], [-74.0, 111.0, 0.0], [24.0, 9.0, 0.0], [64.0, 0.0, 1.0], [-67.0, 77.0, 0.0], [-7.0, 5.0, 0.0], [31.0, 20.0, 0.0], [19.0, 2.0, 0.0], [24.0, -12.0, 1.0], [-40.0, 56.0, 0.0], [6.0, 9.0, 0.0], [44.0, 5.0, 0.0], [46.0, 15.0, 0.0], [8.0, -1.0, 0.0], [6.0, -6.0, 1.0], [-155.578125, -514.296875, 0.0], [32.0, -16.0, 0.0], [14.0, 0.0, 0.0], [4.0, 3.0, 1.0], [-47.0, 80.0, 0.0], [7.0, 10.0, 0.0], [1.0, 9.0, 0.0], [4.0, 3.0, 1.0], [14.0, -36.0, 0.0], [7.0, 22.0, 0.0], [7.0, 3.0, 1.0], [-1.0, -6.0, 0.0], [26.0, 0.0, 1.0], [-30.0, 7.0, 0.0], [17.0, 1.0, 0.0], [6.0, 7.0, 1.0], [-21.0, -2.0, 0.0], [-3.0, 6.0, 0.0], [2.0, 8.0, 1.0], [-22.0, -2.0, 0.0], [17.0, 1.0, 1.0], [-21.0, 2.0, 0.0], [-1.0, 24.0, 1.0], [-6.0, -16.0, 0.0], [-2.0, -1.0, 0.0], [-11.0, 21.0, 1.0], [-9.0, -86.0, 0.0], [8.0, -24.0, 0.0], [9.0, -9.0, 0.0], [31.0, -2.0, 0.0], [11.0, 13.0, 0.0], [3.0, 11.0, 0.0], [-6.0, 11.0, 0.0], [-22.0, 21.0, 0.0], [-19.0, 13.0, 0.0], [-12.0, 1.0, 0.0], [-9.0, -10.0, 0.0], [1.0, -9.0, 0.0], [7.0, -12.0, 1.0], [-4.0, -60.0, 0.0], [1.0, -3.0, 0.0], [24.0, -7.0, 0.0], [9.0, 5.0, 0.0], [13.0, 18.0, 0.0], [-6.0, 9.0, 0.0], [-16.0, 9.0, 0.0], [-21.0, 3.0, 0.0], [-4.0, -4.0, 0.0], [1.0, -10.0, 0.0], [11.0, -10.0, 1.0], [0.0, 5.0, 0.0], [3.0, -1.0, 1.0], [24.0, 1.0, 0.0], [19.0, -6.0, 0.0], [15.0, 0.0, 0.0], [-38.0, 12.0, 0.0], [2.0, 4.0, 0.0], [5.0, -2.0, 1.0]], "gt_class_names": ["pond", "lighthouse", "rail", "bird"]}