{"img_id": "sceneid-171-userid-95", "img_w": 1100, "img_h": 770, "object_divisions": [0, 8, 11, 20, 25, 37, 45, 53], "scene_strokes": [[184.0, 146.703125, 0.0], [5.0, 74.0, 0.0], [-1.0, 87.0, 1.0], [-6.0, -170.0, 0.0], [72.0, 1.0, 0.0], [169.0, -11.0, 0.0], [94.0, -3.0, 0.0], [259.0, 0.0, 0.0], [4.0, 19.0, 0.0], [2.0, 81.0, 0.0], [12.0, 77.0, 0.0], [-3.0, -1.0, 1.0], [-602.0, -3.0, 0.0], [8.0, 5.0, 0.0], [35.0, 1.0, 0.0], [245.0, -11.0, 0.0], [298.0, 3.0, 0.0], [-4.0, -4.0, 1.0], [-304.0, -160.0, 0.0], [12.0, 143.0, 0.0], [2.0, 8.0, 0.0], [1.0, -7.0, 1.0], [-244.0, -103.0, 0.0], [-1.0, -6.0, 0.0], [18.0, -2.0, 0.0], [58.0, -4.0, 0.0], [50.0, 6.0, 0.0], [55.0, -8.0, 0.0], [-1.0, -3.0, 1.0], [-187.0, 66.0, 0.0], [20.0, -2.0, 0.0], [33.0, 6.0, 0.0], [43.0, -7.0, 0.0], [63.0, 2.0, 0.0], [8.0, -4.0, 1.0], [154.0, -56.0, 0.0], [15.0, -5.0, 0.0], [11.0, 0.0, 0.0], [19.0, 7.0, 0.0], [98.0, 3.0, 1.0], [-162.0, 53.0, 0.0], [35.0, -7.0, 0.0], [31.0, 8.0, 0.0], [32.0, -3.0, 0.0], [53.0, 4.0, 1.0], [-541.0, 203.703125, 0.0], [-1.0, 47.0, 1.0], [-4.0, -53.0, 0.0], [436.0, -23.0, 0.0], [147.0, 1.0, 0.0], [214.0, 8.0, 0.0], [71.0, -5.0, 0.0], [-2.0, 41.0, 0.0], [3.0, 19.0, 0.0], [-3.0, 3.0, 0.0], [-4.0, -1.0, 1.0], [-864.0, 18.0, 0.0], [126.0, -7.0, 0.0], [103.0, -2.0, 0.0], [387.0, 0.0, 0.0], [163.0, -4.0, 0.0], [104.0, -7.0, 1.0], [-849.0, 49.703125, 0.0], [-8.0, 7.0, 0.0], [-5.0, 17.0, 0.0], [3.0, 15.0, 0.0], [10.0, 8.0, 0.0], [13.0, 3.0, 0.0], [19.0, -2.0, 0.0], [14.0, -8.0, 0.0], [11.0, -17.0, 0.0], [1.0, -17.0, 0.0], [-8.0, -11.0, 0.0], [-9.0, -5.0, 0.0], [-8.0, -1.0, 0.0], [-24.0, 6.0, 0.0], [-9.0, 7.0, 0.0], [-7.0, 13.0, 1.0], [14.0, 31.0, 0.0], [-31.0, 1.0, 1.0], [47.0, -2.0, 0.0], [-29.0, 12.0, 1.0], [-42.0, -12.0, 0.0], [-8.0, -1.0, 0.0], [-3.0, 8.0, 0.0], [8.0, 10.0, 0.0], [8.0, 3.0, 0.0], [43.0, 9.0, 0.0], [19.0, -2.0, 0.0], [7.0, -7.0, 0.0], [-4.0, -7.0, 0.0], [-17.0, -5.0, 0.0], [-47.0, -1.0, 0.0], [-5.0, 1.0, 0.0], [-3.0, 3.0, 0.0], [2.0, 1.0, 1.0], [241.0, -51.0, 0.0], [-1.0, -1.0, 1.0], [10.0, -13.0, 0.0], [-9.0, -5.0, 0.0], [-15.0, 4.0, 0.0], [-14.0, 18.0, 0.0], [1.0, 11.0, 0.0], [10.0, 4.0, 0.0], [19.0, 0.0, 0.0], [16.0, -7.0, 0.0], [13.0, -16.0, 0.0], [0.0, -19.0, 0.0], [-14.0, -10.0, 0.0], [-34.0, 5.0, 0.0], [-18.0, 16.0, 0.0], [0.0, 13.0, 1.0], [20.0, 30.0, 0.0], [-23.0, 22.0, 1.0], [29.0, -24.0, 0.0], [-18.0, 27.0, 1.0], [-3.0, 1.0, 0.0], [-17.0, -5.0, 0.0], [-24.0, 0.0, 0.0], [-19.0, 5.0, 0.0], [-10.0, 6.0, 0.0], [-5.0, 8.0, 0.0], [11.0, 9.0, 0.0], [25.0, 2.0, 0.0], [39.0, -4.0, 0.0], [25.0, -6.0, 0.0], [5.0, -4.0, 0.0], [0.0, -5.0, 0.0], [-13.0, -6.0, 0.0], [-31.0, 1.0, 0.0], [-34.0, 9.0, 1.0], [239.0, -96.296875, 0.0], [-1.0, -27.0, 1.0], [-24.0, -31.0, 0.0], [0.0, 23.0, 0.0], [-3.0, -6.0, 1.0], [3.0, -21.0, 0.0], [10.0, -8.0, 0.0], [25.0, -2.0, 0.0], [11.0, 3.0, 0.0], [3.0, 7.0, 0.0], [0.0, 28.0, 1.0], [-45.0, -5.0, 0.0], [35.0, -3.0, 1.0], [-1.0, 9.0, 0.0], [-3.0, -9.0, 1.0], [7.0, 40.703125, 0.0], [-2.0, -43.0, 1.0], [-20.0, -18.0, 0.0], [-2.0, -2.0, 0.0], [24.0, -5.0, 1.0], [-22.0, 14.0, 0.0], [21.0, 0.0, 0.0], [4.0, -3.0, 1.0], [-38.0, 80.0, 0.0], [-10.0, 15.0, 0.0], [-1.0, 8.0, 0.0], [0.0, 6.0, 0.0], [11.0, 13.0, 0.0], [15.0, 5.0, 0.0], [23.0, -17.0, 0.0], [11.0, -15.0, 0.0], [2.0, -11.0, 0.0], [-2.0, -6.0, 0.0], [-13.0, -10.0, 0.0], [-22.0, 1.0, 0.0], [-18.0, 5.0, 0.0], [-11.0, 10.0, 0.0], [-1.0, 4.0, 0.0], [5.0, 3.0, 1.0], [-7.0, -12.0, 0.0], [-12.0, -8.0, 0.0], [-16.0, -5.0, 0.0], [6.0, 0.0, 1.0], [39.0, -4.0, 0.0], [-6.0, -16.0, 0.0], [6.0, 24.0, 1.0], [28.0, 41.0, 0.0], [8.0, 11.0, 0.0], [7.0, 3.0, 0.0], [20.0, 1.0, 0.0], [15.0, -5.0, 0.0], [10.0, -8.0, 0.0], [7.0, -15.0, 0.0], [-1.0, -10.0, 0.0], [-10.0, -10.0, 0.0], [-23.0, -3.0, 0.0], [-22.0, 8.0, 0.0], [-9.0, 13.0, 0.0], [-1.0, 9.0, 0.0], [2.0, 9.0, 0.0], [7.0, 4.0, 1.0], [-25.0, -31.0, 0.0], [-20.0, -43.0, 0.0], [2.0, 9.0, 1.0], [37.0, 23.0, 0.0], [-9.0, -41.0, 1.0], [223.0, 42.0, 0.0], [-7.0, -2.0, 0.0], [-11.0, 6.0, 0.0], [-4.0, 5.0, 0.0], [-1.0, 11.0, 0.0], [2.0, 9.0, 0.0], [7.0, 10.0, 0.0], [7.0, 3.0, 0.0], [12.0, -2.0, 0.0], [9.0, -6.0, 0.0], [8.0, -14.0, 0.0], [-4.0, -21.0, 0.0], [-6.0, -6.0, 0.0], [-7.0, -4.0, 0.0], [-23.0, 2.0, 0.0], [-20.0, 10.0, 0.0], [-3.0, 5.0, 0.0], [1.0, 8.0, 1.0], [14.0, -18.0, 0.0], [-26.0, -35.0, 1.0], [27.0, 14.0, 0.0], [-4.0, -18.0, 0.0], [-5.0, -11.0, 0.0], [-2.0, 2.0, 1.0], [-34.0, -42.296875, 0.0], [-4.0, 13.0, 0.0], [-1.0, 28.0, 0.0], [2.0, -3.0, 1.0], [4.0, -32.0, 0.0], [3.0, -3.0, 0.0], [27.0, -2.0, 0.0], [19.0, 6.0, 0.0], [4.0, 12.0, 0.0], [-6.0, 26.0, 1.0], [-43.0, -3.0, 0.0], [23.0, -4.0, 1.0], [-16.0, -33.0, 0.0], [9.0, -3.0, 0.0], [25.0, 5.0, 1.0], [-32.0, 17.0, 0.0], [11.0, -2.0, 0.0], [10.0, 6.0, 0.0], [10.0, -3.0, 1.0], [-34.0, 61.0, 0.0], [1.0, 11.0, 0.0], [6.0, 10.0, 0.0], [5.0, 5.0, 0.0], [13.0, 3.0, 0.0], [8.0, -10.0, 0.0], [1.0, -6.0, 0.0], [-5.0, -16.0, 0.0], [-10.0, -4.0, 0.0], [-17.0, 1.0, 0.0], [-5.0, 2.0, 0.0], [-6.0, 9.0, 1.0], [3.0, -4.0, 0.0], [-2.0, -4.0, 0.0], [-13.0, -7.0, 0.0], [-2.0, -7.0, 0.0], [15.0, 19.0, 1.0], [173.0, 7.0, 0.0], [-4.0, 12.0, 0.0], [4.0, 8.0, 0.0], [10.0, 6.0, 0.0], [16.0, -4.0, 0.0], [9.0, -13.0, 0.0], [0.0, -9.0, 0.0], [-7.0, -13.0, 0.0], [-12.0, -6.0, 0.0], [-11.0, 4.0, 0.0], [-7.0, 8.0, 0.0], [-3.0, 7.0, 0.0], [2.0, 13.0, 1.0], [-113.0, 12.703125, 0.0], [1.0, -1.0, 1.0], [-5.0, -8.0, 0.0], [7.0, -10.0, 0.0], [15.0, -9.0, 1.0], [93.0, -17.0, 0.0], [-8.0, -16.0, 0.0], [-10.0, -11.0, 0.0], [3.0, 2.0, 0.0], [-14.0, 17.0, 0.0], [8.0, -14.0, 1.0], [-12.0, -43.0, 0.0], [0.0, 27.0, 1.0], [4.0, -32.0, 0.0], [23.0, -1.0, 0.0], [17.0, 5.0, 0.0], [7.0, 16.0, 0.0], [-5.0, 26.0, 1.0], [-46.0, -15.0, 0.0], [32.0, -3.0, 1.0], [-23.0, -21.0, 0.0], [9.0, -6.0, 0.0], [17.0, 4.0, 0.0], [11.0, -1.0, 1.0], [-31.0, 16.0, 0.0], [8.0, -4.0, 0.0], [21.0, 0.0, 0.0], [4.0, -5.0, 1.0]], "gt_class_names": ["board", "table", "chair", "book", "yoga", "chair", "book"]}