{"img_id": "sceneid-144-userid-87", "img_w": 1100, "img_h": 770, "object_divisions": [0, 6, 13, 15, 23, 25, 35], "scene_strokes": [[793.421875, 283.703125, 0.0], [2.0, 32.0, 1.0], [-3.0, -34.0, 0.0], [121.0, -3.0, 0.0], [67.0, 4.0, 0.0], [52.0, -3.0, 1.0], [-239.0, 33.0, 0.0], [128.0, 2.0, 0.0], [61.0, 4.0, 0.0], [46.0, -8.0, 1.0], [6.0, -28.0, 0.0], [-2.0, 28.0, 1.0], [-143.0, 10.0, 0.0], [-16.0, 56.0, 0.0], [-40.0, 114.0, 1.0], [63.0, -178.0, 0.0], [20.0, 55.0, 0.0], [45.0, 175.0, 0.0], [6.0, 12.0, 1.0], [-126.578125, -405.296875, 0.0], [1.0, 54.0, 1.0], [3.0, -54.0, 0.0], [73.0, 0.0, 0.0], [52.0, 11.0, 1.0], [-1.0, 3.0, 0.0], [0.0, 58.0, 1.0], [-124.0, -16.0, 0.0], [-1.0, 22.0, 0.0], [11.0, 2.0, 0.0], [37.0, 0.0, 0.0], [56.0, 7.0, 0.0], [24.0, 0.0, 0.0], [4.0, -3.0, 0.0], [-1.0, -12.0, 1.0], [-81.0, 10.0, 0.0], [3.0, 41.0, 1.0], [-1.0, 1.0, 0.0], [-7.0, 4.0, 0.0], [0.0, 4.0, 0.0], [3.0, -1.0, 1.0], [15.0, -48.0, 0.0], [1.0, 38.0, 0.0], [12.0, 11.0, 1.0], [85.421875, -22.296875, 0.0], [-10.0, 10.0, 0.0], [0.0, 10.0, 0.0], [4.0, 6.0, 0.0], [14.0, -7.0, 0.0], [3.0, -6.0, 0.0], [-5.0, -13.0, 0.0], [-8.0, 0.0, 1.0], [9.0, 6.0, 0.0], [-3.0, 3.0, 1.0], [-475.578125, -35.296875, 0.0], [-18.0, 38.0, 0.0], [-23.0, 35.0, 0.0], [-59.0, 138.0, 0.0], [-45.0, 85.0, 0.0], [-4.0, 0.0, 1.0], [7.0, 2.0, 0.0], [32.0, 2.0, 0.0], [28.0, -3.0, 0.0], [36.0, 3.0, 0.0], [35.0, 7.0, 0.0], [44.0, 14.0, 0.0], [6.0, -18.0, 0.0], [37.0, -73.0, 0.0], [27.0, -66.0, 0.0], [62.0, -103.0, 0.0], [-4.0, -5.0, 0.0], [-18.0, -9.0, 0.0], [-78.0, -12.0, 0.0], [-70.0, -22.0, 0.0], [-10.0, 2.0, 1.0], [-107.0, 287.0, 0.0], [1.0, 32.0, 0.0], [2.0, -24.0, 1.0], [122.0, 0.0, 0.0], [-1.0, 29.0, 0.0], [2.0, -20.0, 0.0], [0.0, 18.0, 0.0], [-3.0, 11.0, 1.0], [151.0, -256.0, 0.0], [1.0, 19.0, 0.0], [1.0, -22.0, 0.0], [3.0, 28.0, 1.0], [-160.0, -106.0, 0.0], [-1.0, -48.0, 1.0], [5.0, 5.0, 0.0], [17.0, 2.0, 0.0], [56.0, -4.0, 0.0], [116.0, 11.0, 1.0], [-19.0, 81.0, 0.0], [3.0, -14.0, 0.0], [0.0, -66.0, 1.0], [-151.578125, 76.703125, 0.0], [-10.0, 21.0, 0.0], [3.0, -2.0, 1.0], [8.0, -20.0, 0.0], [89.0, 14.0, 0.0], [2.0, 2.0, 0.0], [-17.0, 33.0, 0.0], [-4.0, 3.0, 0.0], [-22.0, -6.0, 0.0], [-72.0, -9.0, 1.0], [5.421875, 93.703125, 0.0], [1.0, 4.0, 0.0], [6.0, 3.0, 0.0], [9.0, -2.0, 0.0], [5.0, -9.0, 0.0], [0.0, -9.0, 0.0], [-2.0, -4.0, 0.0], [-7.0, -2.0, 0.0], [-9.0, 4.0, 0.0], [-6.0, 12.0, 0.0], [4.0, 9.0, 1.0], [6.0, -32.0, 0.0], [-1.0, 6.0, 1.0], [0.0, 7.0, 0.0], [5.0, -22.0, 0.0], [4.0, 15.0, 0.0], [10.0, -13.0, 0.0], [-4.0, 21.0, 1.0], [-20.0, 15.0, 0.0], [-42.0, 23.0, 0.0], [-16.0, 17.0, 0.0], [-3.0, 8.0, 0.0], [1.0, 9.0, 0.0], [18.0, 6.0, 0.0], [39.0, -19.0, 0.0], [14.0, -19.0, 0.0], [1.0, -11.0, 0.0], [-2.0, -6.0, 0.0], [-6.0, -4.0, 1.0], [16.0, -32.0, 0.0], [-11.0, 3.0, 0.0], [-9.0, 11.0, 0.0], [16.0, -16.0, 0.0], [-9.0, 3.0, 0.0], [-8.0, 6.0, 0.0], [-4.0, 8.0, 0.0], [5.0, 3.0, 0.0], [6.0, -8.0, 0.0], [-8.0, 15.0, 0.0], [9.0, 13.0, 0.0], [9.0, 0.0, 0.0], [5.0, -4.0, 0.0], [8.0, -18.0, 0.0], [-2.0, -11.0, 0.0], [-6.0, -6.0, 0.0], [-12.0, 0.0, 0.0], [-9.0, 12.0, 0.0], [-1.0, 10.0, 0.0], [5.0, 11.0, 0.0], [13.0, 0.0, 0.0], [7.0, -9.0, 0.0], [3.0, -10.0, 0.0], [-5.0, -14.0, 0.0], [-10.0, -2.0, 0.0], [-9.0, 5.0, 0.0], [-3.0, 15.0, 0.0], [4.0, 16.0, 0.0], [10.0, 1.0, 0.0], [11.0, -11.0, 0.0], [3.0, -13.0, 0.0], [-3.0, -6.0, 0.0], [-6.0, -4.0, 0.0], [-12.0, 1.0, 0.0], [-5.0, 8.0, 0.0], [3.0, 19.0, 0.0], [13.0, 5.0, 0.0], [7.0, -8.0, 0.0], [2.0, -8.0, 0.0], [-3.0, -17.0, 0.0], [-10.0, -2.0, 0.0], [-10.0, 5.0, 0.0], [0.0, 19.0, 1.0], [-43.0, 77.0, 0.0], [-6.0, 12.0, 1.0], [20.0, -21.0, 0.0], [-6.0, 27.0, 1.0], [37.0, -50.0, 0.0], [-4.0, 20.0, 1.0], [13.0, -26.0, 0.0], [-5.0, 30.0, 1.0], [-62.0, -8.0, 0.0], [-12.0, 7.0, 0.0], [-16.0, 18.0, 0.0], [-17.0, 10.0, 1.0]], "gt_class_names": ["table", "computer", "mouse", "bed", "pillow", "dog"]}