{"img_id": "sceneid-93-userid-63", "img_w": 1100, "img_h": 770, "object_divisions": [0, 15, 17, 22, 27, 28, 29, 30, 31, 32, 36, 37, 38], "scene_strokes": [[545.421875, 304.703125, 0.0], [7.0, 21.0, 0.0], [1.0, 16.0, 0.0], [-4.0, 24.0, 0.0], [-8.0, 19.0, 0.0], [-18.0, 18.0, 0.0], [-41.0, 26.0, 0.0], [-12.0, 13.0, 0.0], [-10.0, 18.0, 0.0], [-4.0, 31.0, 0.0], [4.0, 26.0, 0.0], [8.0, 18.0, 0.0], [17.0, 20.0, 0.0], [20.0, 12.0, 0.0], [34.0, 7.0, 0.0], [48.0, -3.0, 0.0], [31.0, -10.0, 0.0], [22.0, -14.0, 0.0], [16.0, -21.0, 0.0], [11.0, -37.0, 0.0], [-6.0, -37.0, 0.0], [-15.0, -25.0, 0.0], [-26.0, -24.0, 0.0], [-38.0, -22.0, 0.0], [-10.0, -12.0, 0.0], [-4.0, -8.0, 0.0], [-2.0, -29.0, 0.0], [-21.0, -42.0, 1.0], [47.0, 276.0, 0.0], [22.0, -4.0, 0.0], [13.0, -9.0, 0.0], [9.0, -20.0, 0.0], [0.0, -32.0, 0.0], [-6.0, -17.0, 0.0], [-11.0, -17.0, 0.0], [-12.0, -9.0, 0.0], [-38.0, -17.0, 0.0], [-6.0, -9.0, 0.0], [-2.0, -12.0, 0.0], [2.0, 27.0, 0.0], [-8.0, 14.0, 0.0], [-13.0, 4.0, 0.0], [-27.0, -11.0, 0.0], [-9.0, 24.0, 0.0], [-9.0, 5.0, 0.0], [-17.0, 2.0, 0.0], [-4.0, 3.0, 0.0], [-2.0, 12.0, 0.0], [45.0, 63.0, 0.0], [25.0, 5.0, 0.0], [23.0, 0.0, 0.0], [24.0, -8.0, 1.0], [-35.0, 2.0, 0.0], [13.0, -3.0, 0.0], [13.0, -11.0, 0.0], [5.0, -16.0, 0.0], [-1.0, -16.0, 0.0], [-8.0, -10.0, 0.0], [-6.0, 1.0, 0.0], [-9.0, 8.0, 0.0], [-22.0, -21.0, 0.0], [-7.0, -2.0, 0.0], [-3.0, 25.0, 0.0], [-9.0, 1.0, 0.0], [-1.0, 3.0, 0.0], [13.0, 29.0, 0.0], [12.0, 10.0, 0.0], [27.0, -2.0, 1.0], [90.0, -40.0, 0.0], [9.0, -13.0, 0.0], [8.0, -5.0, 0.0], [7.0, 2.0, 0.0], [7.0, 16.0, 0.0], [5.0, -12.0, 0.0], [11.0, -1.0, 0.0], [9.0, 17.0, 0.0], [-1.0, 9.0, 0.0], [-7.0, 6.0, 0.0], [13.0, 4.0, 0.0], [8.0, 8.0, 0.0], [5.0, 9.0, 0.0], [1.0, 12.0, 0.0], [-7.0, 17.0, 0.0], [-10.0, 8.0, 0.0], [-40.0, 9.0, 0.0], [-10.0, 23.0, 0.0], [-7.0, 9.0, 0.0], [-7.0, 3.0, 0.0], [-5.0, 0.0, 0.0], [-11.0, -7.0, 0.0], [-14.0, -17.0, 0.0], [-8.0, 17.0, 0.0], [-10.0, 9.0, 0.0], [-10.0, 4.0, 0.0], [-14.0, 1.0, 0.0], [-38.0, -18.0, 0.0], [-23.0, 17.0, 0.0], [-13.0, 3.0, 0.0], [-14.0, -7.0, 0.0], [-26.0, -25.0, 0.0], [-5.0, 0.0, 0.0], [-13.0, 11.0, 0.0], [-7.0, -2.0, 0.0], [-10.0, -10.0, 0.0], [-6.0, -12.0, 0.0], [-1.0, -16.0, 0.0], [-8.0, 9.0, 0.0], [-9.0, -1.0, 0.0], [-4.0, -2.0, 0.0], [-8.0, -16.0, 0.0], [0.0, -19.0, 0.0], [11.0, -26.0, 0.0], [13.0, -8.0, 0.0], [19.0, 0.0, 0.0], [6.0, -11.0, 0.0], [10.0, -2.0, 0.0], [5.0, 2.0, 0.0], [5.0, 10.0, 0.0], [-12.0, 6.0, 0.0], [-11.0, 24.0, 0.0], [-9.0, 3.0, 0.0], [-17.0, -9.0, 0.0], [-5.0, 14.0, 0.0], [3.0, 16.0, 0.0], [8.0, 7.0, 0.0], [3.0, 0.0, 0.0], [4.0, -7.0, 0.0], [2.0, 10.0, 0.0], [11.0, 21.0, 0.0], [13.0, 12.0, 0.0], [87.0, 11.0, 0.0], [19.0, -12.0, 0.0], [44.0, 7.0, 0.0], [29.0, -23.0, 0.0], [10.0, -3.0, 0.0], [32.0, 10.0, 0.0], [13.0, -10.0, 0.0], [8.0, -15.0, 0.0], [19.0, -1.0, 0.0], [3.0, -5.0, 0.0], [0.0, -16.0, 0.0], [-10.0, -19.0, 0.0], [-17.0, 1.0, 0.0], [-16.0, -27.0, 0.0], [-2.0, -1.0, 0.0], [-6.0, 8.0, 0.0], [-8.0, 2.0, 0.0], [-6.0, -7.0, 0.0], [4.0, -7.0, 1.0], [-206.0, -2.0, 0.0], [5.0, 3.0, 0.0], [-2.0, 8.0, 0.0], [-7.0, 9.0, 0.0], [-8.0, 4.0, 0.0], [-7.0, -2.0, 0.0], [-3.0, -5.0, 0.0], [3.0, -11.0, 0.0], [4.0, -1.0, 0.0], [8.0, 5.0, 1.0], [-20.0, 1.0, 0.0], [5.0, 6.0, 0.0], [1.0, 7.0, 0.0], [-1.0, 9.0, 0.0], [-4.0, 5.0, 0.0], [-7.0, 2.0, 0.0], [-11.0, -14.0, 0.0], [6.0, -12.0, 0.0], [8.0, -1.0, 0.0], [3.0, 3.0, 1.0], [-14.0, 33.0, 0.0], [-1.0, 7.0, 0.0], [-5.0, 5.0, 0.0], [3.0, -5.0, 0.0], [6.0, -1.0, 0.0], [8.0, 7.0, 0.0], [1.0, 12.0, 0.0], [-5.0, 8.0, 0.0], [-8.0, 1.0, 0.0], [-5.0, -5.0, 0.0], [3.0, -11.0, 1.0], [50.0, 33.0, 0.0], [-1.0, 14.0, 0.0], [-3.0, -1.0, 0.0], [-2.0, -8.0, 0.0], [6.0, -12.0, 0.0], [8.0, -1.0, 0.0], [13.0, 4.0, 0.0], [7.0, 9.0, 0.0], [6.0, 16.0, 0.0], [-1.0, 15.0, 0.0], [-5.0, 3.0, 0.0], [-4.0, -4.0, 0.0], [0.0, -11.0, 1.0], [42.0, 10.0, 0.0], [-6.0, 4.0, 0.0], [-3.0, -11.0, 0.0], [8.0, -10.0, 0.0], [13.0, -1.0, 0.0], [12.0, 14.0, 0.0], [-1.0, 15.0, 0.0], [2.0, -5.0, 1.0], [57.0, -13.0, 0.0], [-5.0, 6.0, 0.0], [-5.0, -2.0, 0.0], [-1.0, -9.0, 0.0], [5.0, -13.0, 0.0], [9.0, -6.0, 0.0], [7.0, 4.0, 0.0], [3.0, 12.0, 0.0], [-6.0, 8.0, 0.0], [-1.0, -7.0, 0.0], [3.0, -6.0, 1.0], [37.0, -3.0, 0.0], [-2.0, 19.0, 0.0], [-6.0, 4.0, 0.0], [-9.0, -1.0, 0.0], [-4.0, -4.0, 0.0], [-1.0, -10.0, 0.0], [9.0, -16.0, 1.0], [32.0, 14.0, 0.0], [-5.0, 2.0, 0.0], [-5.0, -3.0, 0.0], [0.0, -24.0, 0.0], [9.0, -15.0, 0.0], [12.0, -8.0, 0.0], [7.0, 2.0, 0.0], [7.0, 13.0, 0.0], [-2.0, 17.0, 0.0], [-5.0, 7.0, 0.0], [-7.0, -2.0, 0.0], [0.0, -17.0, 1.0], [33.0, -4.0, 0.0], [-12.0, 5.0, 0.0], [-6.0, -13.0, 0.0], [7.0, -23.0, 0.0], [5.0, -4.0, 0.0], [10.0, 1.0, 0.0], [2.0, 11.0, 0.0], [-4.0, 9.0, 0.0], [-11.0, 1.0, 1.0], [-12.0, -55.0, 0.0], [0.0, 10.0, 0.0], [-12.0, 8.0, 0.0], [-7.0, -4.0, 0.0], [-5.0, -11.0, 0.0], [4.0, -11.0, 0.0], [6.0, 8.0, 1.0], [-97.0, 106.0, 0.0], [-5.0, 9.0, 0.0], [-7.0, 1.0, 0.0], [-7.0, -4.0, 0.0], [-2.0, -10.0, 0.0], [5.0, -13.0, 0.0], [7.0, -3.0, 0.0], [5.0, 11.0, 1.0], [-237.578125, -193.296875, 0.0], [5.0, -3.0, 0.0], [6.0, 1.0, 0.0], [5.0, 4.0, 0.0], [2.0, 9.0, 0.0], [-4.0, 13.0, 0.0], [-8.0, 7.0, 0.0], [-9.0, 1.0, 0.0], [-8.0, -8.0, 0.0], [-1.0, -3.0, 0.0], [5.0, -5.0, 0.0], [7.0, 1.0, 1.0], [14.0, 37.0, 0.0], [-8.0, 1.0, 0.0], [-1.0, -16.0, 0.0], [-1.0, 36.0, 0.0], [30.0, 7.0, 0.0], [-30.0, -5.0, 0.0], [-3.0, 0.0, 0.0], [-1.0, 4.0, 0.0], [20.0, 13.0, 1.0], [-14.578125, 65.703125, 0.0], [9.0, -6.0, 0.0], [6.0, 16.0, 0.0], [-7.0, 18.0, 0.0], [-11.0, -1.0, 0.0], [-4.0, -10.0, 0.0], [1.0, -8.0, 0.0], [3.0, -4.0, 0.0], [6.0, 1.0, 1.0], [7.0, 28.0, 0.0], [16.0, 26.0, 0.0], [2.0, -16.0, 0.0], [6.0, -10.0, 0.0], [5.0, -4.0, 0.0], [-1.0, 4.0, 1.0], [-3.0, 21.0, 0.0], [14.0, 0.0, 1.0], [-42.0, -1.0, 0.0], [-1.0, 9.0, 1.0], [4.0, -20.0, 0.0], [1.0, 12.0, 0.0], [-10.0, 19.0, 1.0], [161.421875, 23.703125, 0.0], [6.0, -3.0, 0.0], [12.0, 2.0, 0.0], [5.0, 3.0, 0.0], [3.0, 7.0, 0.0], [-1.0, 10.0, 0.0], [-4.0, 5.0, 0.0], [-7.0, 4.0, 0.0], [-8.0, -3.0, 0.0], [-7.0, -16.0, 0.0], [4.0, -4.0, 0.0], [5.0, 2.0, 1.0], [6.0, 23.0, 0.0], [4.0, 33.0, 1.0], [2.0, -29.0, 0.0], [20.0, 13.0, 0.0], [-22.0, -8.0, 0.0], [-8.0, 21.0, 1.0], [13.0, 5.0, 0.0], [11.0, -1.0, 0.0], [8.0, -5.0, 1.0], [-26.0, 9.0, 0.0], [11.0, -3.0, 1.0], [241.421875, -610.296875, 0.0], [-16.0, -44.0, 0.0], [-5.0, 31.0, 0.0], [18.0, -18.0, 0.0], [-30.0, 5.0, 0.0], [35.0, 13.0, 1.0], [-483.578125, 19.703125, 0.0], [-10.0, -29.0, 0.0], [-1.0, 40.0, 0.0], [13.0, -27.0, 0.0], [-29.0, 0.0, 0.0], [27.0, 11.0, 1.0], [-171.578125, -10.296875, 0.0], [-12.0, -17.0, 0.0], [-6.0, 37.0, 0.0], [-7.0, 16.0, 0.0], [22.0, -14.0, 0.0], [8.0, -13.0, 0.0], [0.0, -5.0, 0.0], [6.0, 0.0, 0.0], [-22.0, -1.0, 0.0], [-18.0, 4.0, 0.0], [31.0, 17.0, 0.0], [9.0, 8.0, 0.0], [-9.0, -6.0, 0.0], [-17.0, -24.0, 1.0], [885.421875, 42.703125, 0.0], [-3.0, -5.0, 0.0], [1.0, 22.0, 0.0], [-7.0, 31.0, 0.0], [27.0, -29.0, 0.0], [-39.0, -6.0, 0.0], [34.0, 33.0, 0.0], [-17.0, -45.0, 1.0], [-413.578125, -133.296875, 0.0], [-25.0, -8.0, 0.0], [-27.0, 0.0, 0.0], [-19.0, 8.0, 0.0], [-16.0, 15.0, 0.0], [-10.0, 26.0, 0.0], [0.0, 27.0, 0.0], [7.0, 29.0, 0.0], [11.0, 19.0, 0.0], [18.0, 18.0, 0.0], [21.0, 8.0, 0.0], [27.0, -4.0, 0.0], [20.0, -14.0, 0.0], [18.0, -22.0, 0.0], [6.0, -15.0, 0.0], [-18.0, 17.0, 0.0], [-16.0, 8.0, 0.0], [-11.0, 2.0, 0.0], [-16.0, -3.0, 0.0], [-18.0, -10.0, 0.0], [-11.0, -13.0, 0.0], [-9.0, -20.0, 0.0], [-1.0, -22.0, 0.0], [12.0, -27.0, 0.0], [12.0, -12.0, 0.0], [10.0, -5.0, 0.0], [14.0, -3.0, 0.0], [18.0, 4.0, 0.0], [17.0, 14.0, 1.0], [-207.578125, 420.703125, 0.0], [37.0, -8.0, 1.0], [-1.0, -4.0, 0.0], [2.0, 10.0, 0.0], [12.0, 0.0, 0.0], [0.0, -3.0, 0.0], [-8.0, -15.0, 0.0], [-8.0, 4.0, 1.0], [18.0, -1.0, 0.0], [-8.0, 2.0, 0.0], [8.0, 16.0, 0.0], [13.0, -6.0, 0.0], [-9.0, -11.0, 1.0], [9.0, -4.0, 0.0], [-4.0, 3.0, 0.0], [0.0, 6.0, 0.0], [3.0, 6.0, 0.0], [6.0, -1.0, 0.0], [-4.0, -8.0, 1.0], [-42.578125, -139.296875, 0.0], [-17.0, -30.0, 0.0], [-7.0, -7.0, 0.0], [-6.0, 16.0, 0.0], [1.0, 15.0, 0.0], [5.0, 1.0, 