{"img_id": "sceneid-161-userid-78", "img_w": 1100, "img_h": 770, "object_divisions": [0, 3, 6, 9, 10], "scene_strokes": [[308.0, 103.703125, 0.0], [10.0, 89.0, 0.0], [10.0, 145.0, 0.0], [3.0, 93.0, 0.0], [7.0, 74.0, 0.0], [1.0, 66.0, 0.0], [-2.0, 14.0, 0.0], [-2.0, -8.0, 1.0], [-25.0, -482.0, 0.0], [179.0, -7.0, 0.0], [296.0, -21.0, 0.0], [82.0, -1.0, 0.0], [4.0, 6.0, 0.0], [0.0, 16.0, 0.0], [-9.0, 126.0, 0.0], [0.0, 169.0, 0.0], [8.0, 214.0, 0.0], [5.0, 39.0, 0.0], [-2.0, 3.0, 1.0], [-527.0, -44.0, 0.0], [64.0, 11.0, 0.0], [95.0, 7.0, 0.0], [128.0, 0.0, 0.0], [237.0, -14.0, 1.0], [-678.0, -175.296875, 0.0], [-26.0, 11.0, 0.0], [-21.0, 4.0, 0.0], [-14.0, -7.0, 0.0], [-7.0, -24.0, 0.0], [-4.0, -85.0, 0.0], [16.0, 2.0, 0.0], [-10.0, 46.0, 0.0], [1.0, 15.0, 0.0], [4.0, 5.0, 0.0], [77.0, -2.0, 0.0], [8.0, 49.0, 0.0], [-15.0, -7.0, 0.0], [-12.0, 0.0, 0.0], [-32.0, 8.0, 1.0], [-16.0, -1.0, 0.0], [4.0, 18.0, 0.0], [5.0, 114.0, 0.0], [4.0, 20.0, 1.0], [36.0, -150.0, 0.0], [12.0, 126.0, 1.0], [107.0, -146.296875, 0.0], [-48.0, 12.0, 0.0], [-16.0, -1.0, 0.0], [-1.0, -28.0, 0.0], [-5.0, -16.0, 0.0], [0.0, -22.0, 0.0], [-7.0, -40.0, 0.0], [7.0, -5.0, 0.0], [17.0, -2.0, 0.0], [-4.0, 49.0, 0.0], [7.0, 5.0, 0.0], [27.0, -3.0, 0.0], [12.0, 4.0, 0.0], [1.0, 44.0, 1.0], [-41.0, 8.0, 0.0], [-1.0, 112.0, 0.0], [1.0, 32.0, 0.0], [2.0, 5.0, 0.0], [1.0, -3.0, 1.0], [22.0, -144.0, 0.0], [3.0, 137.0, 0.0], [2.0, -5.0, 1.0], [-210.0, -55.296875, 0.0], [-2.0, 6.0, 0.0], [-10.0, 9.0, 0.0], [-29.0, 17.0, 0.0], [-6.0, 10.0, 0.0], [-2.0, 20.0, 0.0], [6.0, 18.0, 0.0], [9.0, 11.0, 0.0], [22.0, 11.0, 0.0], [18.0, 4.0, 0.0], [26.0, -2.0, 0.0], [9.0, -6.0, 0.0], [-2.0, -23.0, 0.0], [10.0, -35.0, 0.0], [0.0, -31.0, 0.0], [-9.0, -4.0, 0.0], [-51.0, 3.0, 0.0], [-13.0, -8.0, 1.0]], "gt_class_names": ["wall", "chair", "chair", "stone"]}