{"img_id": "sceneid-56-userid-23", "img_w": 1100, "img_h": 770, "object_divisions": [0, 6, 19, 20, 21, 25, 38], "scene_strokes": [[727.421875, 729.703125, 0.0], [9.0, -58.0, 0.0], [6.0, -82.0, 1.0], [200.0, 141.0, 0.0], [-5.0, -39.0, 0.0], [-1.0, -120.0, 1.0], [-364.0, 35.0, 0.0], [28.0, 0.0, 0.0], [57.0, -7.0, 0.0], [100.0, -1.0, 0.0], [171.0, -22.0, 0.0], [66.0, -5.0, 0.0], [23.0, -107.0, 0.0], [43.0, -141.0, 1.0], [-497.0, 282.0, 0.0], [5.0, -4.0, 0.0], [4.0, -10.0, 0.0], [32.0, -92.0, 0.0], [40.0, -97.0, 0.0], [32.0, -68.0, 0.0], [11.0, -11.0, 0.0], [124.0, -30.0, 0.0], [189.0, -12.0, 0.0], [45.0, -9.0, 0.0], [14.0, 3.0, 1.0], [-17.0, 197.0, 0.0], [3.0, -1.0, 0.0], [3.0, 5.0, 0.0], [3.0, 28.0, 0.0], [20.0, 99.0, 1.0], [-391.0, -1.0, 0.0], [0.0, 63.0, 1.0], [-378.578125, -120.296875, 0.0], [-9.0, 36.0, 0.0], [-10.0, 94.0, 0.0], [-17.0, 76.0, 1.0], [4.0, -3.0, 0.0], [6.0, 6.0, 0.0], [6.0, 1.0, 0.0], [57.0, 0.0, 0.0], [6.0, -85.0, 0.0], [16.0, -100.0, 1.0], [10.0, -4.0, 0.0], [28.0, 132.0, 0.0], [2.0, 47.0, 0.0], [9.0, 2.0, 0.0], [34.0, -11.0, 0.0], [24.0, 7.0, 0.0], [-1.0, -23.0, 0.0], [-18.0, -112.0, 0.0], [-11.0, -46.0, 0.0], [-11.0, -30.0, 1.0], [-124.0, 6.0, 0.0], [2.0, -25.0, 0.0], [5.0, -15.0, 0.0], [20.0, -6.0, 0.0], [55.0, 0.0, 0.0], [31.0, -10.0, 0.0], [8.0, -12.0, 1.0], [5.0, 8.0, 0.0], [5.0, 34.0, 0.0], [16.0, 44.0, 1.0], [-29.0, -74.0, 0.0], [14.0, -14.0, 0.0], [17.0, -33.0, 0.0], [8.0, -24.0, 0.0], [12.0, -59.0, 0.0], [4.0, -92.0, 0.0], [-10.0, -43.0, 1.0], [-161.0, 276.0, 0.0], [-7.0, -95.0, 0.0], [1.0, -83.0, 0.0], [7.0, -49.0, 0.0], [11.0, -31.0, 1.0], [149.0, -20.0, 0.0], [6.0, 6.0, 0.0], [25.0, 50.0, 0.0], [30.0, 49.0, 0.0], [98.0, 130.0, 0.0], [21.0, 34.0, 0.0], [4.0, 2.0, 0.0], [16.0, -20.0, 0.0], [26.0, -19.0, 0.0], [2.0, -10.0, 0.0], [-3.0, -9.0, 0.0], [-54.0, -102.0, 0.0], [-26.0, -41.0, 0.0], [-40.0, -57.0, 0.0], [-41.0, -45.0, 1.0], [-204.0, 53.0, 0.0], [15.0, -34.0, 0.0], [16.0, -18.0, 1.0], [27.0, -43.0, 0.0], [8.0, 22.0, 0.0], [23.0, 16.0, 0.0], [21.0, 4.0, 0.0], [28.0, -6.0, 0.0], [9.0, -8.0, 0.0], [11.0, -17.0, 0.0], [5.0, -14.0, 0.0], [3.0, -16.0, 0.0], [-2.0, -25.0, 0.0], [-12.0, -31.0, 0.0], [-11.0, -12.0, 0.0], [-18.0, -12.0, 0.0], [-26.0, -2.0, 0.0], [-26.0, 15.0, 0.0], [-10.0, 16.0, 0.0], [-6.0, 27.0, 0.0], [-1.0, 30.0, 1.0], [11.0, -57.0, 0.0], [-28.0, -19.0, 0.0], [-10.0, 1.0, 0.0], [-10.0, 8.0, 0.0], [-12.0, 17.0, 1.0], [91.0, -26.0, 0.0], [-15.0, -21.0, 0.0], [-21.0, -12.0, 1.0], [68.0, 25.0, 0.0], [-1.0, -9.0, 0.0], [-13.0, -26.0, 1.0], [254.421875, 505.703125, 0.0], [105.0, 29.0, 0.0], [63.0, -125.0, 0.0], [28.0, -43.0, 0.0], [0.0, -7.0, 0.0], [-9.0, -10.0, 0.0], [-27.0, -16.0, 0.0], [-54.0, -19.0, 0.0], [-23.0, -5.0, 0.0], [-28.0, 61.0, 0.0], [-63.0, 115.0, 1.0], [-29.578125, -10.296875, 0.0], [9.0, 9.0, 0.0], [55.0, -31.0, 0.0], [18.0, -15.0, 0.0], [16.0, -35.0, 0.0], [-12.0, 0.0, 0.0], [-13.0, 5.0, 0.0], [-60.0, 52.0, 0.0], [-12.0, 5.0, 1.0], [315.421875, -97.296875, 0.0], [-7.0, -66.0, 0.0], [8.0, -7.0, 0.0], [33.0, -7.0, 1.0], [0.0, -2.0, 0.0], [3.0, -4.0, 0.0], [10.0, 65.0, 0.0], [-21.0, 5.0, 0.0], [-26.0, 12.0, 1.0], [44.0, -65.0, 0.0], [20.0, -1.0, 0.0], [6.0, 10.0, 0.0], [-3.0, 13.0, 0.0], [-19.0, 15.0, 1.0], [-52.0, -34.0, 0.0], [4.0, -15.0, 0.0], [12.0, -10.0, 0.0], [14.0, 1.0, 0.0], [16.0, 9.0, 0.0], [-11.0, -10.0, 0.0], [-21.0, -1.0, 0.0], [-5.0, 4.0, 0.0], [-2.0, 9.0, 0.0], [3.0, 8.0, 0.0], [6.0, 1.0, 0.0], [8.0, -4.0, 0.0], [8.0, -13.0, 0.0], [0.0, -4.0, 0.0], [-6.0, -3.0, 0.0], [-11.0, 2.0, 0.0], [-2.0, 10.0, 0.0], [5.0, 6.0, 0.0], [3.0, -5.0, 0.0], [-11.0, -16.0, 1.0], [-69.578125, 245.703125, 0.0], [17.0, 1.0, 0.0], [56.0, -8.0, 0.0], [2.0, -16.0, 0.0], [-5.0, -17.0, 0.0], [-21.0, -31.0, 0.0], [21.0, -28.0, 0.0], [10.0, -40.0, 0.0], [-89.0, 2.0, 0.0], [2.0, 17.0, 0.0], [7.0, 13.0, 0.0], [13.0, 17.0, 0.0], [10.0, 6.0, 0.0], [-10.0, 14.0, 0.0], [-16.0, 40.0, 0.0], [-1.0, 22.0, 0.0], [5.0, 15.0, 1.0], [21.0, -96.0, 0.0], [11.0, 10.0, 0.0], [6.0, 1.0, 0.0], [-20.0, 21.0, 0.0], [-19.0, 67.0, 1.0], [12.0, -38.0, 0.0], [4.0, -9.0, 0.0], [6.0, 0.0, 0.0], [9.0, 7.0, 0.0], [13.0, -8.0, 0.0], [18.0, 2.0, 1.0], [-6.0, 21.0, 0.0], [6.0, 0.0, 0.0], [5.0, -8.0, 0.0], [7.0, 10.0, 0.0], [-2.0, -10.0, 0.0], [-1.0, 3.0, 0.0], [-8.0, -5.0, 0.0], [-4.0, 7.0, 0.0], [-6.0, -3.0, 0.0], [-3.0, 5.0, 0.0], [-15.0, -12.0, 0.0], [0.0, 18.0, 0.0], [-12.0, -9.0, 0.0], [-4.0, 22.0, 0.0], [-6.0, -12.0, 1.0], [42.0, -65.0, 0.0], [-4.0, 0.0, 1.0], [-4.0, 19.0, 0.0], [-2.0, 1.0, 1.0], [0.0, 9.0, 0.0], [-1.0, 1.0, 1.0], [-4.0, -15.0, 0.0], [-1.0, -6.0, 1.0], [11.0, -9.0, 0.0], [-5.0, 2.0, 1.0], [-10.0, 19.0, 0.0], [0.0, 1.0, 1.0], [9.0, -34.0, 0.0], [0.0, -6.0, 1.0], [12.0, 5.0, 0.0], [-1.0, -1.0, 1.0], [-18.0, -10.0, 0.0], [-3.0, 2.0, 0.0], [6.0, 6.0, 0.0], [11.0, 6.0, 0.0], [4.0, -3.0, 0.0], [-6.0, 0.0, 0.0], [-10.0, 7.0, 0.0], [-5.0, -1.0, 1.0]], "gt_class_names": ["table", "yoga", "paper", "crayon", "mug", "hourglass"]}