{"img_id": "sceneid-66-userid-28", "img_w": 1100, "img_h": 770, "object_divisions": [0, 5, 10, 13, 16, 22], "scene_strokes": [[170.421875, 204.703125, 0.0], [2.0, -5.0, 0.0], [2.0, 8.0, 0.0], [8.0, 78.0, 0.0], [4.0, 7.0, 1.0], [-15.0, -95.0, 0.0], [22.0, -4.0, 0.0], [123.0, -9.0, 0.0], [85.0, -24.0, 0.0], [10.0, 35.0, 0.0], [10.0, 60.0, 0.0], [-15.0, 5.0, 0.0], [-70.0, -1.0, 0.0], [-75.0, 18.0, 0.0], [-92.0, 11.0, 1.0], [16.0, 9.0, 0.0], [0.0, -1.0, 1.0], [-5.0, -1.0, 0.0], [-4.0, -5.0, 0.0], [8.0, 4.0, 0.0], [32.0, 32.0, 0.0], [56.0, 33.0, 0.0], [26.0, 28.0, 1.0], [9.0, 5.0, 0.0], [-5.0, 0.0, 0.0], [62.0, -44.0, 0.0], [86.0, -38.0, 0.0], [-10.0, -16.0, 0.0], [-22.0, -53.0, 1.0], [-85.578125, 43.703125, 0.0], [-39.0, 8.0, 0.0], [-16.0, 7.0, 0.0], [-4.0, 15.0, 0.0], [12.0, 9.0, 0.0], [10.0, 0.0, 0.0], [32.0, -10.0, 0.0], [27.0, -11.0, 0.0], [22.0, -15.0, 0.0], [0.0, -17.0, 0.0], [-11.0, -3.0, 0.0], [-29.0, 6.0, 0.0], [-15.0, 10.0, 1.0], [47.0, -8.0, 0.0], [-1.0, -2.0, 0.0], [-2.0, 4.0, 0.0], [-1.0, -3.0, 0.0], [-2.0, 5.0, 1.0], [-22.0, 3.0, 0.0], [0.0, -1.0, 1.0], [-8.0, 8.0, 0.0], [1.0, 0.0, 1.0], [0.0, 11.0, 0.0], [1.0, 0.0, 1.0], [463.421875, -207.296875, 0.0], [-21.0, 214.0, 0.0], [-6.0, 53.0, 0.0], [-3.0, 3.0, 1.0], [27.0, -273.0, 0.0], [62.0, 3.0, 0.0], [95.0, -5.0, 0.0], [-2.0, 66.0, 0.0], [4.0, 21.0, 0.0], [5.0, 76.0, 0.0], [3.0, 89.0, 0.0], [-3.0, 8.0, 0.0], [-13.0, -2.0, 0.0], [-14.0, 6.0, 0.0], [-45.0, 9.0, 0.0], [-37.0, 3.0, 0.0], [-90.0, 0.0, 1.0], [165.0, -143.0, 0.0], [0.0, 9.0, 0.0], [4.0, -7.0, 0.0], [-3.0, 0.0, 0.0], [-1.0, 7.0, 0.0], [3.0, -7.0, 0.0], [-3.0, -2.0, 0.0], [-1.0, 7.0, 0.0], [1.0, -7.0, 0.0], [-4.0, -2.0, 1.0], [-335.578125, 14.703125, 0.0], [43.0, -3.0, 0.0], [45.0, -8.0, 0.0], [61.0, 1.0, 0.0], [40.0, -7.0, 0.0], [11.0, -6.0, 1.0], [-199.0, 22.0, 0.0], [13.0, 56.0, 0.0], [2.0, 50.0, 0.0], [8.0, 35.0, 0.0], [9.0, 20.0, 0.0], [10.0, 3.0, 0.0], [12.0, -7.0, 0.0], [31.0, -8.0, 0.0], [114.0, -15.0, 1.0], [-191.0, -57.0, 0.0], [68.0, -3.0, 0.0], [30.0, -6.0, 0.0], [104.0, -9.0, 1.0], [-163.578125, 9.703125, 0.0], [1.0, 3.0, 0.0], [-5.0, 6.0, 0.0], [-1.0, -40.0, 0.0], [6.0, -12.0, 0.0], [90.0, -9.0, 0.0], [8.0, 0.0, 0.0], [11.0, 18.0, 0.0], [6.0, 33.0, 0.0], [-10.0, -3.0, 0.0], [-2.0, 2.0, 1.0], [-33.0, -48.0, 0.0], [9.0, -48.0, 0.0], [0.0, -29.0, 1.0], [7.0, 93.0, 0.0], [0.0, -1.0, 1.0], [-1.0, -1.0, 0.0], [-6.0, -4.0, 0.0], [-8.0, 11.0, 0.0], [-1.0, 11.0, 0.0], [7.0, 7.0, 0.0], [16.0, -11.0, 0.0], [-3.0, -11.0, 0.0], [-6.0, -5.0, 0.0], [-4.0, 2.0, 1.0], [-32.0, 14.0, 0.0], [1.0, 0.0, 1.0], [-35.0, 26.0, 0.0], [0.0, -1.0, 1.0]], "gt_class_names": ["couch", "remote control", "door", "shelf", "radio"]}