{"img_id": "sceneid-116-userid-48", "img_w": 1100, "img_h": 770, "object_divisions": [0, 13, 22, 30, 37, 39, 40, 47, 50, 56], "scene_strokes": [[245.421875, 452.703125, 0.0], [-11.0, 127.0, 0.0], [-2.0, 96.0, 0.0], [1.0, 9.0, 0.0], [5.0, 6.0, 0.0], [37.0, 5.0, 0.0], [14.0, -6.0, 0.0], [8.0, -9.0, 0.0], [7.0, -20.0, 0.0], [5.0, -30.0, 0.0], [2.0, -88.0, 0.0], [-5.0, -46.0, 0.0], [-8.0, -31.0, 0.0], [-7.0, -14.0, 0.0], [-17.0, -7.0, 0.0], [-45.0, -2.0, 1.0], [77.0, 121.0, 0.0], [37.0, 0.0, 0.0], [293.0, -25.0, 0.0], [88.0, -4.0, 0.0], [108.0, 4.0, 1.0], [-533.0, 144.0, 0.0], [29.0, 8.0, 0.0], [74.0, 9.0, 0.0], [158.0, 3.0, 0.0], [252.0, -13.0, 0.0], [65.0, -10.0, 0.0], [7.0, -4.0, 1.0], [-15.0, -234.0, 0.0], [-3.0, 23.0, 0.0], [1.0, 144.0, 0.0], [11.0, 88.0, 0.0], [7.0, 8.0, 0.0], [8.0, 2.0, 0.0], [30.0, -15.0, 0.0], [4.0, -10.0, 0.0], [5.0, -43.0, 0.0], [3.0, -76.0, 0.0], [-3.0, -70.0, 0.0], [-6.0, -42.0, 0.0], [-14.0, -28.0, 0.0], [-8.0, -4.0, 0.0], [-14.0, 1.0, 0.0], [-20.0, 9.0, 1.0], [-53.0, 111.0, 0.0], [39.0, -1.0, 1.0], [-566.0, -90.0, 0.0], [14.0, -79.0, 0.0], [7.0, -21.0, 0.0], [12.0, -24.0, 0.0], [19.0, -21.0, 0.0], [21.0, -11.0, 0.0], [36.0, -9.0, 0.0], [62.0, 3.0, 0.0], [26.0, 7.0, 0.0], [13.0, 21.0, 0.0], [8.0, 50.0, 0.0], [0.0, 205.0, 1.0], [-10.0, -284.0, 0.0], [48.0, -6.0, 0.0], [45.0, 4.0, 0.0], [85.0, -1.0, 0.0], [19.0, 4.0, 0.0], [8.0, 6.0, 0.0], [14.0, 30.0, 0.0], [8.0, 62.0, 0.0], [-12.0, 154.0, 1.0], [-3.0, -251.0, 0.0], [10.0, -3.0, 0.0], [13.0, 1.0, 0.0], [123.0, 23.0, 0.0], [10.0, 4.0, 0.0], [9.0, 9.0, 0.0], [8.0, 24.0, 0.0], [-4.0, 79.0, 0.0], [1.0, 47.0, 1.0], [-568.0, 134.0, 0.0], [0.0, 7.0, 0.0], [6.0, 11.0, 0.0], [18.0, 8.0, 0.0], [26.0, 6.0, 0.0], [70.0, 0.0, 0.0], [49.0, -12.0, 0.0], [17.0, -6.0, 0.0], [11.0, -11.0, 0.0], [8.0, -23.0, 0.0], [3.0, -37.0, 1.0], [-17.0, 63.0, 0.0], [17.0, 6.0, 0.0], [89.0, 11.0, 0.0], [73.0, -6.0, 0.0], [21.0, -11.0, 0.0], [10.0, -11.0, 0.0], [6.0, -38.0, 0.0], [-2.0, -23.0, 1.0], [-4.0, 68.0, 0.0], [71.0, 7.0, 0.0], [19.0, -3.0, 0.0], [21.0, -9.0, 0.0], [11.0, -10.0, 0.0], [9.0, -17.0, 0.0], [4.0, -29.0, 0.0], [-5.0, -16.0, 1.0], [-563.0, -130.0, 0.0], [-9.0, -2.0, 0.0], [-14.0, 8.0, 0.0], [-13.0, 15.0, 0.0], [-4.0, 16.0, 0.0], [7.0, 10.0, 0.0], [12.0, 5.0, 0.0], [7.0, 1.0, 0.0], [17.0, -5.0, 0.0], [10.0, -14.0, 0.0], [2.0, -14.0, 0.0], [-4.0, -8.0, 0.0], [-9.0, -5.0, 1.0], [628.0, -25.0, 0.0], [-3.0, -9.0, 0.0], [-7.0, -1.0, 0.0], [-19.0, 18.0, 0.0], [-6.0, 21.0, 0.0], [3.0, 11.0, 0.0], [5.0, 5.0, 0.0], [10.0, 5.0, 0.0], [8.0, 0.0, 0.0], [17.0, -9.0, 0.0], [4.0, -8.0, 0.0], [1.0, -16.0, 0.0], [-6.0, -11.0, 1.0], [-519.578125, 74.703125, 0.0], [-21.0, 18.0, 0.0], [-9.0, 15.0, 0.0], [-2.0, 14.0, 0.0], [3.0, 8.0, 0.0], [8.0, 7.0, 0.0], [8.0, 0.0, 0.0], [10.0, -6.0, 0.0], [6.0, -11.0, 0.0], [2.0, -15.0, 0.0], [-9.0, -16.0, 0.0], [-6.0, -3.0, 1.0], [-31.0, 49.0, 0.0], [-15.0, 29.0, 1.0], [30.0, -21.0, 0.0], [-12.0, 21.0, 0.0], [-11.0, 8.0, 1.0], [-15.0, -11.0, 0.0], [16.0, 8.0, 0.0], [8.0, 0.0, 0.0], [6.0, -7.0, 1.0], [26.0, -73.0, 0.0], [22.0, -32.0, 1.0], [-17.0, 38.0, 0.0], [26.0, -36.0, 1.0], [-13.0, -12.0, 0.0], [8.0, 2.0, 0.0], [13.0, 17.0, 1.0], [-48.0, 59.0, 0.0], [2.0, -12.0, 0.0], [-3.0, -7.0, 1.0], [-3.0, 17.0, 0.0], [10.0, -6.0, 0.0], [12.0, -2.0, 0.0], [3.0, -4.0, 1.0], [93.421875, 9.703125, 0.0], [-13.0, 3.0, 0.0], [-7.0, 7.0, 0.0], [4.0, 11.0, 0.0], [11.0, 5.0, 0.0], [16.0, -11.0, 0.0], [0.0, -10.0, 0.0], [-13.0, -7.0, 1.0], [10.0, -16.0, 0.0], [-7.0, -2.0, 0.0], [-15.0, 8.0, 0.0], [-12.0, 12.0, 0.0], [-6.0, 11.0, 0.0], [-2.0, 13.0, 0.0], [3.0, 9.0, 0.0], [10.0, 9.0, 0.0], [15.0, 4.0, 0.0], [7.0, -2.0, 0.0], [19.0, -9.0, 0.0], [10.0, -11.0, 0.0], [2.0, -10.0, 0.0], [-5.0, -17.0, 0.0], [-16.0, -14.0, 1.0], [10.0, 4.0, 0.0], [16.0, 13.0, 0.0], [13.0, 16.0, 1.0], [-33.0, 29.0, 0.0], [21.0, 8.0, 0.0], [4.0, -3.0, 1.0], [1.0, 2.0, 0.0], [8.0, -23.0, 0.0], [-1.0, -17.0, 1.0], [-17.0, 5.0, 0.0], [13.0, 12.0, 1.0], [-17.0, 3.0, 0.0], [17.0, 6.0, 1.0], [-12.0, -11.0, 0.0], [-2.0, 5.0, 1.0], [108.421875, -1.296875, 0.0], [-8.0, 0.0, 0.0], [-8.0, -8.0, 0.0], [3.0, -28.0, 0.0], [13.0, -25.0, 0.0], [18.0, -10.0, 0.0], [30.0, 8.0, 0.0], [21.0, 2.0, 0.0], [6.0, 8.0, 0.0], [3.0, 21.0, 0.0], [-6.0, 18.0, 0.0], [-16.0, 17.0, 0.0], [-42.0, 7.0, 0.0], [-21.0, -4.0, 1.0], [25.0, -61.0, 0.0], [15.0, 7.0, 0.0], [18.0, -1.0, 0.0], [11.0, -4.0, 1.0], [0.0, 6.0, 0.0], [4.0, 7.0, 1.0], [-57.0, -9.0, 0.0], [1.0, -37.0, 0.0], [9.0, -31.0, 0.0], [10.0, -8.0, 0.0], [35.0, -1.0, 0.0], [14.0, 6.0, 0.0], [8.0, 19.0, 0.0], [-6.0, 34.0, 0.0], [-9.0, 21.0, 1.0], [-70.0, 5.0, 0.0], [7.0, -72.0, 0.0], [5.0, -13.0, 0.0], [15.0, -7.0, 0.0], [32.0, -6.0, 0.0], [12.0, -1.0, 0.0], [9.0, 4.0, 0.0], [9.0, 21.0, 0.0], [-2.0, 41.0, 0.0], [-9.0, 20.0, 0.0], [-3.0, 0.0, 1.0], [-53.0, 10.0, 0.0], [-10.0, 17.0, 0.0], [36.0, 7.0, 0.0], [8.0, -3.0, 0.0], [5.0, -7.0, 0.0], [-4.0, -24.0, 1.0], [-19.0, 39.0, 0.0], [-8.0, -1.0, 0.0], [-3.0, 9.0, 0.0], [9.0, -1.0, 0.0], [5.0, -5.0, 0.0], [2.0, -4.0, 0.0], [-6.0, -4.0, 1.0], [-652.578125, 175.703125, 0.0], [24.0, 6.0, 0.0], [98.0, 8.0, 0.0], [64.0, -14.0, 0.0], [48.0, -3.0, 1.0], [658.0, -5.0, 0.0], [66.0, 22.0, 0.0], [34.0, 4.0, 0.0], [51.0, 0.0, 0.0], [34.0, -3.0, 0.0], [24.0, -6.0, 1.0], [-1051.578125, -11.296875, 0.0], [1.0, -191.0, 0.0], [6.0, -39.0, 0.0], [7.0, -9.0, 0.0], [16.0, -8.0, 0.0], [53.0, -1.0, 0.0], [24.0, 5.0, 0.0], [4.0, 18.0, 0.0], [2.0, 82.0, 0.0], [-4.0, 145.0, 1.0], [-52.578125, -255.296875, 0.0], [-3.0, -21.0, 0.0], [1.0, -45.0, 0.0], [8.0, -51.0, 1.0], [14.0, 127.0, 0.0], [0.0, -50.0, 0.0], [-6.0, -87.0, 1.0], [-63.0, 8.0, 0.0], [21.0, -3.0, 0.0], [63.0, 0.0, 0.0], [23.0, -6.0, 1.0], [-109.0, -16.0, 0.0], [23.0, -33.0, 0.0], [24.0, -51.0, 1.0], [7.0, -14.0, 0.0], [47.0, 2.0, 1.0], [-11.0, -4.0, 0.0], [23.0, 41.0, 0.0], [23.0, 32.0, 0.0], [11.0, 30.0, 0.0], [-3.0, 2.0, 1.0], [-52.0, 15.0, 0.0], [29.0, -6.0, 0.0], [23.0, 0.0, 0.0], [-10.0, -20.0, 1.0], [799.421875, 414.703125, 0.0], [4.0, -11.0, 0.0], [1.0, -18.0, 0.0], [8.0, -367.0, 1.0], [14.0, 381.0, 0.0], [7.0, -39.0, 0.0], [3.0, -47.0, 0.0], [5.0, -189.0, 0.0], [-1.0, -71.0, 0.0], [-4.0, -21.0, 0.0], [-6.0, -12.0, 1.0], [-19.0, -117.0, 0.0], [-6.0, 20.0, 0.0], [-53.0, 102.0, 0.0], [125.0, 0.0, 0.0], [-2.0, -41.0, 0.0], [6.0, -65.0, 0.0], [-2.0, -32.0, 0.0], [-84.0, 8.0, 1.0], [-452.578125, -181.296875, 0.0], [-10.0, 73.0, 0.0], [1.0, 37.0, 1.0], [-2.0, -1.0, 0.0], [-13.0, 3.0, 0.0], [-21.0, 13.0, 0.0], [-8.0, 13.0, 0.0], [1.0, 8.0, 0.0], [9.0, 5.0, 0.0], [24.0, 1.0, 0.0], [43.0, -8.0, 0.0], [11.0, -7.0, 0.0], [2.0, -12.0, 0.0], [-16.0, -18.0, 0.0], [-21.0, -3.0, 1.0], [-74.0, 65.0, 0.0], [-20.0, 43.0, 1.0], [57.0, -23.0, 0.0], [6.0, 13.0, 0.0], [5.0, 30.0, 1.0], [44.0, -38.0, 0.0], [33.0, 30.0, 1.0], [-2.0, -66.0, 0.0], [30.0, 12.0, 0.0], [7.0, 6.0, 1.0]], "gt_class_names": ["couch", "wristwatch", "belt", "purse", "floor", "table", "floor lamp", "floor lamp", "chandelier"]}