{"img_id": "sceneid-50-userid-18", "img_w": 1100, "img_h": 770, "object_divisions": [0, 12, 25, 41, 44, 47, 58, 66, 71], "scene_strokes": [[237.0, 391.703125, 0.0], [158.0, -128.0, 1.0], [-23.0, 3.0, 0.0], [57.0, -8.0, 0.0], [164.0, -5.0, 0.0], [197.0, -12.0, 1.0], [-541.0, 151.0, 0.0], [464.0, -31.0, 1.0], [84.0, -119.0, 0.0], [-4.0, 8.0, 0.0], [-39.0, 43.0, 0.0], [-34.0, 54.0, 0.0], [-16.0, 19.0, 1.0], [-476.0, 20.0, 0.0], [-1.0, 18.0, 0.0], [11.0, 129.0, 1.0], [12.0, -143.0, 0.0], [9.0, 95.0, 0.0], [9.0, 39.0, 1.0], [114.0, -137.0, 0.0], [9.0, 95.0, 1.0], [17.0, -97.0, 0.0], [10.0, 99.0, 0.0], [1.0, 2.0, 0.0], [2.0, -3.0, 1.0], [254.0, -108.0, 0.0], [7.0, -8.0, 0.0], [1.0, 13.0, 0.0], [4.0, 153.0, 1.0], [20.0, -166.0, 0.0], [13.0, 172.0, 1.0], [54.0, -273.0, 0.0], [3.0, 9.0, 0.0], [10.0, 111.0, 0.0], [-1.0, 33.0, 1.0], [17.0, -172.0, 0.0], [9.0, 182.0, 1.0], [-302.0, -215.296875, 0.0], [10.0, 67.0, 0.0], [-32.0, 6.0, 1.0], [78.0, -74.0, 0.0], [7.0, 59.0, 0.0], [30.0, 12.0, 0.0], [5.0, -1.0, 1.0], [-173.0, -128.0, 0.0], [3.0, 3.0, 0.0], [13.0, 65.0, 1.0], [-2.0, 2.0, 0.0], [67.0, -10.0, 1.0], [49.0, -9.0, 0.0], [17.0, -4.0, 0.0], [71.0, -5.0, 1.0], [-17.0, -68.0, 0.0], [12.0, 61.0, 1.0], [-222.0, -49.0, 0.0], [36.0, 1.0, 0.0], [184.0, -18.0, 1.0], [-189.0, 32.0, 0.0], [170.0, -16.0, 1.0], [-180.0, 17.0, 0.0], [5.0, 5.0, 0.0], [15.0, 35.0, 0.0], [8.0, 6.0, 1.0], [142.0, -61.0, 0.0], [6.0, 8.0, 0.0], [12.0, 35.0, 1.0], [-176.0, 20.0, 0.0], [180.0, -22.0, 1.0], [-130.0, 27.0, 0.0], [63.0, -7.0, 0.0], [-13.0, 8.0, 0.0], [-16.0, 4.0, 0.0], [-40.0, 3.0, 0.0], [61.0, -5.0, 1.0], [-85.0, 75.0, 0.0], [21.0, 5.0, 0.0], [105.0, -2.0, 1.0], [-166.0, 20.703125, 0.0], [-18.0, 45.0, 0.0], [1.0, 4.0, 1.0], [185.0, -47.0, 0.0], [0.0, 5.0, 0.0], [-13.0, 24.0, 0.0], [0.0, 8.0, 1.0], [-161.0, -38.0, 0.0], [186.0, -6.0, 1.0], [-198.0, 54.0, 0.0], [72.0, -1.0, 0.0], [46.0, -5.0, 0.0], [63.0, -2.0, 1.0], [-152.0, -33.0, 0.0], [-10.0, 38.0, 1.0], [39.0, -35.0, 0.0], [-13.0, 33.0, 1.0], [33.0, -33.0, 0.0], [-9.0, 28.0, 1.0], [26.0, -26.0, 0.0], [-9.0, 27.0, 1.0], [26.0, -28.0, 0.0], [-10.0, 28.0, 1.0], [28.0, -31.0, 0.0], [-11.0, 27.0, 1.0], [27.0, -28.0, 0.0], [-10.0, 27.0, 1.0], [27.0, -26.0, 0.0], [-11.0, 25.0, 1.0], [-110.0, -24.0, 0.0], [-11.0, 41.0, 1.0], [-29.0, -29.0, 0.0], [163.0, -5.0, 1.0], [-160.0, 21.0, 0.0], [169.0, -3.0, 1.0], [-162.0, -21.0, 0.0], [176.0, 0.0, 1.0], [69.0, -53.296875, 0.0], [-37.0, 77.0, 1.0], [33.0, -77.0, 0.0], [46.0, -3.0, 0.0], [21.0, 4.0, 0.0], [-25.0, 53.0, 0.0], [-9.0, 30.0, 1.0], [-67.0, -2.0, 0.0], [77.0, -3.0, 1.0], [-340.0, -61.296875, 0.0], [-16.0, 45.0, 0.0], [-19.0, 34.0, 1.0], [36.0, -79.0, 0.0], [41.0, 0.0, 0.0], [-10.0, 48.0, 0.0], [-16.0, 38.0, 1.0], [-60.0, 2.0, 0.0], [56.0, -5.0, 1.0], [382.0, -330.296875, 0.0], [0.0, 97.0, 0.0], [5.0, 51.0, 0.0], [-4.0, 16.0, 1.0], [-3.0, -166.0, 0.0], [83.0, -9.0, 0.0], [97.0, -4.0, 0.0], [20.0, -6.0, 0.0], [-3.0, 26.0, 0.0], [0.0, 68.0, 0.0], [6.0, 187.0, 0.0], [-1.0, 69.0, 0.0], [7.0, 52.0, 0.0], [-3.0, 17.0, 1.0], [-200.0, -249.0, 0.0], [0.0, 1.0, 1.0], [-3.0, 1.0, 0.0], [-2.0, 3.0, 0.0], [5.0, 17.0, 0.0], [3.0, 30.0, 1.0], [25.0, 213.0, 0.0], [181.0, -3.0, 1.0], [-199.0, -17.0, 0.0], [5.0, 27.0, 1.0], [-12.0, -350.0, 0.0], [-2.0, -1.0, 1.0], [-11.0, 0.0, 0.0], [185.0, -3.0, 0.0], [14.0, 4.0, 1.0], [-191.0, 44.0, 0.0], [112.0, 1.0, 0.0], [68.0, -5.0, 1.0], [-176.0, -81.0, 0.0], [169.0, -1.0, 0.0], [12.0, 3.0, 1.0], [-176.0, 139.0, 0.0], [193.0, -18.0, 1.0], [-77.0, -122.296875, 0.0], [0.0, 1.0, 1.0], [0.0, 5.0, 0.0], [4.0, 32.0, 1.0], [10.0, -34.0, 0.0], [5.0, 32.0, 1.0], [-42.0, -29.0, 0.0], [3.0, 35.0, 1.0], [-32.0, -31.0, 0.0], [2.0, 29.0, 1.0], [-33.0, -33.0, 0.0], [1.0, 34.0, 1.0], [-21.0, -34.0, 0.0], [4.0, 32.0, 1.0], [136.0, -30.0, 0.0], [-1.0, 33.0, 1.0], [2.0, 4.703125, 0.0], [0.0, 33.0, 1.0], [-29.0, -33.0, 0.0], [1.0, 41.0, 1.0], [-28.0, -36.0, 0.0], [3.0, 36.0, 1.0], [-33.0, -40.0, 0.0], [4.0, 40.0, 1.0], [-23.0, -37.0, 0.0], [3.0, 32.0, 1.0]], "gt_class_names": ["table", "computer", "keyboard", "paper", "paper", "shelf", "book", "book"]}