{"img_id": "sceneid-81-userid-36", "img_w": 1100, "img_h": 770, "object_divisions": [0, 3, 6, 9, 35, 38, 39, 40], "scene_strokes": [[563.421875, 286.703125, 0.0], [3.0, 21.0, 0.0], [-1.0, 82.0, 0.0], [15.0, -3.0, 0.0], [-4.0, -19.0, 0.0], [0.0, -60.0, 0.0], [-3.0, -28.0, 0.0], [-4.0, -3.0, 0.0], [-7.0, 0.0, 0.0], [-1.0, 3.0, 1.0], [-1.0, -6.0, 0.0], [-18.0, 60.0, 0.0], [-6.0, 11.0, 0.0], [8.0, 2.0, 0.0], [20.0, -57.0, 0.0], [-2.0, -13.0, 1.0], [2.0, 100.0, 0.0], [-1.0, -4.0, 0.0], [-5.0, 19.0, 0.0], [-17.0, 34.0, 0.0], [5.0, 9.0, 0.0], [23.0, -55.0, 1.0], [74.421875, 16.703125, 0.0], [0.0, 37.0, 1.0], [1.0, -57.0, 0.0], [-6.0, 0.0, 0.0], [-4.0, 4.0, 0.0], [0.0, 7.0, 0.0], [7.0, 6.0, 0.0], [8.0, 0.0, 0.0], [4.0, -5.0, 0.0], [-1.0, -11.0, 0.0], [-5.0, -6.0, 0.0], [-1.0, 4.0, 1.0], [-4.0, 15.0, 0.0], [10.0, 11.0, 0.0], [9.0, -1.0, 0.0], [3.0, -5.0, 0.0], [-1.0, -10.0, 0.0], [-11.0, -1.0, 0.0], [9.0, -10.0, 0.0], [0.0, -14.0, 0.0], [-4.0, -3.0, 0.0], [-11.0, 1.0, 0.0], [-7.0, 7.0, 0.0], [-1.0, 10.0, 0.0], [-12.0, -8.0, 0.0], [-6.0, 6.0, 0.0], [0.0, 11.0, 0.0], [5.0, 5.0, 0.0], [7.0, -1.0, 0.0], [-6.0, 7.0, 0.0], [1.0, 6.0, 0.0], [5.0, 1.0, 0.0], [4.0, -9.0, 1.0], [-146.578125, 57.703125, 0.0], [1.0, 35.0, 1.0], [-8.0, -45.0, 0.0], [-2.0, 12.0, 0.0], [-6.0, 2.0, 0.0], [-6.0, -10.0, 0.0], [1.0, -13.0, 0.0], [9.0, -4.0, 0.0], [9.0, 6.0, 0.0], [2.0, 16.0, 0.0], [-8.0, 4.0, 0.0], [-2.0, -5.0, 1.0], [-2.0, 1.0, 0.0], [-4.0, 12.0, 0.0], [-7.0, 2.0, 0.0], [-7.0, -6.0, 0.0], [-2.0, -11.0, 0.0], [5.0, -13.0, 0.0], [4.0, 1.0, 0.0], [1.0, -18.0, 0.0], [7.0, -8.0, 0.0], [4.0, 0.0, 0.0], [3.0, 5.0, 0.0], [-2.0, 9.0, 0.0], [5.0, -3.0, 0.0], [7.0, 2.0, 0.0], [5.0, 7.0, 0.0], [-3.0, 7.0, 0.0], [13.0, 5.0, 0.0], [5.0, 9.0, 0.0], [-12.0, 7.0, 0.0], [-14.0, 0.0, 1.0], [-64.578125, -38.296875, 0.0], [-9.0, -57.0, 0.0], [1.0, -31.0, 0.0], [2.0, -1.0, 0.0], [2.0, 5.0, 0.0], [3.0, 32.0, 0.0], [8.0, 38.0, 0.0], [-2.0, -73.0, 0.0], [2.0, -6.0, 0.0], [9.0, -7.0, 0.0], [10.0, 3.0, 0.0], [-2.0, 6.0, 1.0], [-26.0, 87.0, 0.0], [0.0, 6.0, 0.0], [-6.0, 2.0, 0.0], [-9.0, -20.0, 0.0], [-4.0, -29.0, 0.0], [1.0, -31.0, 0.0], [-7.0, 7.0, 0.0], [-12.0, 23.0, 0.0], [-13.0, 13.0, 0.0], [-11.0, 6.0, 0.0], [-6.0, -1.0, 0.0], [-1.0, -19.0, 0.0], [5.0, -9.0, 0.0], [18.0, -16.0, 0.0], [12.0, -52.0, 0.0], [10.0, -18.0, 0.0], [10.0, -10.0, 0.0], [25.0, -12.0, 0.0], [17.0, -3.0, 0.0], [20.0, 2.0, 1.0], [-32.0, 65.0, 0.0], [5.0, 3.0, 0.0], [20.0, -3.0, 0.0], [23.0, -24.0, 0.0], [5.0, 19.0, 0.0], [2.0, 33.0, 0.0], [6.0, 9.0, 0.0], [2.0, -9.0, 0.0], [-9.0, -51.0, 0.0], [7.0, 4.0, 0.0], [6.0, 11.0, 0.0], [7.0, 35.0, 0.0], [7.0, 2.0, 0.0], [5.0, -4.0, 0.0], [2.0, -7.0, 0.0], [0.0, -16.0, 0.0], [-14.0, -31.0, 1.0], [-59.0, -37.0, 0.0], [30.0, -1.0, 0.0], [8.0, -3.0, 0.0], [8.0, -4.0, 0.0], [19.0, -22.0, 0.0], [16.0, -9.0, 0.0], [19.0, 6.0, 0.0], [8.0, 11.0, 1.0], [-48.0, 62.0, 0.0], [0.0, -15.0, 0.0], [9.0, -8.0, 0.0], [9.0, -4.0, 0.0], [19.0, 4.0, 0.0], [13.0, -3.0, 0.0], [4.0, -25.0, 0.0], [-5.0, -15.0, 1.0], [-5.0, 7.0, 0.0], [-1.0, 5.0, 0.0], [3.0, -2.0, 1.0], [-16.0, 8.0, 0.0], [2.0, -4.0, 0.0], [-1.0, 4.0, 1.0], [13.0, 2.0, 0.0], [1.0, 5.0, 1.0], [-2.0, 7.0, 0.0], [7.0, -4.0, 0.0], [2.0, -9.0, 1.0], [-40.0, -18.0, 0.0], [-2.0, -5.0, 0.0], [-5.0, 0.0, 0.0], [-14.0, 21.0, 1.0], [15.0, -17.0, 0.0], [-13.0, 22.0, 1.0], [12.0, -18.0, 0.0], [-14.0, 23.0, 1.0], [14.0, -23.0, 0.0], [-17.0, 27.0, 1.0], [7.0, -16.0, 0.0], [-15.0, 16.0, 1.0], [7.0, -14.0, 0.0], [-11.0, 17.0, 1.0], [2.0, -10.0, 0.0], [-8.0, 13.0, 1.0], [16.0, -11.0, 0.0], [-7.0, 14.0, 1.0], [13.0, -14.0, 0.0], [-4.0, 12.0, 1.0], [18.0, -22.0, 0.0], [-7.0, 9.0, 1.0], [11.0, -17.0, 0.0], [-5.0, 6.0, 1.0], [9.0, -13.0, 0.0], [-9.0, 12.0, 1.0], [13.0, -15.0, 0.0], [-7.0, 11.0, 1.0], [9.0, -13.0, 0.0], [-9.0, 13.0, 1.0], [11.0, -12.0, 0.0], [-10.0, 13.0, 1.0], [16.0, -15.0, 0.0], [-13.0, 12.0, 1.0], [12.0, -13.0, 0.0], [-9.0, 11.0, 1.0], [480.421875, -211.296875, 0.0], [-19.0, -6.0, 0.0], [-20.0, 2.0, 0.0], [-22.0, 9.0, 0.0], [-17.0, 11.0, 0.0], [-22.0, 27.0, 0.0], [-12.0, 40.0, 0.0], [3.0, 33.0, 0.0], [4.0, 16.0, 0.0], [9.0, 16.0, 0.0], [20.0, 17.0, 0.0], [13.0, 5.0, 0.0], [18.0, 2.0, 0.0], [20.0, -4.0, 0.0], [16.0, -7.0, 0.0], [36.0, -27.0, 0.0], [18.0, -25.0, 0.0], [6.0, -15.0, 0.0], [4.0, -24.0, 0.0], [-3.0, -29.0, 0.0], [-12.0, -22.0, 0.0], [-15.0, -20.0, 0.0], [-13.0, -10.0, 0.0], [-21.0, -4.0, 0.0], [-12.0, 2.0, 1.0], [-41.0, 18.0, 0.0], [-13.0, -5.0, 0.0], [-11.0, 0.0, 0.0], [3.0, 3.0, 1.0], [20.0, 7.0, 0.0], [0.0, -6.0, 0.0], [-10.0, 5.0, 0.0], [-5.0, 5.0, 0.0], [2.0, 4.0, 0.0], [-8.0, 5.0, 0.0], [5.0, 0.0, 0.0], [-17.0, 12.0, 0.0], [-5.0, 7.0, 0.0], [6.0, 2.0, 0.0], [-8.0, 10.0, 0.0], [5.0, 4.0, 0.0], [-4.0, 10.0, 0.0], [3.0, 5.0, 0.0], [-5.0, 10.0, 0.0], [2.0, 6.0, 0.0], [-8.0, 11.0, 0.0], [5.0, 6.0, 0.0], [-6.0, 14.0, 0.0], [10.0, 2.0, 0.0], [-4.0, 10.0, 0.0], [8.0, 3.0, 0.0], [-2.0, 10.0, 0.0], [16.0, -1.0, 0.0], [-9.0, 14.0, 0.0], [16.0, -1.0, 0.0], [1.0, 6.0, 0.0], [5.0, 0.0, 0.0], [19.0, -7.0, 0.0], [5.0, 5.0, 0.0], [7.0, -6.0, 0.0], [5.0, 4.0, 0.0], [7.0, -9.0, 0.0], [10.0, 4.0, 0.0], [11.0, -8.0, 0.0], [10.0, 4.0, 0.0], [17.0, -15.0, 0.0], [12.0, 3.0, 0.0], [9.0, -19.0, 0.0], [4.0, 4.0, 0.0], [6.0, -9.0, 0.0], [4.0, 0.0, 0.0], [2.0, 4.0, 0.0], [-6.0, 0.0, 1.0], [-736.578125, -107.296875, 0.0], [-14.0, -3.0, 0.0], [-31.0, 12.0, 0.0], [-25.0, -4.0, 0.0], [-17.0, 2.0, 0.0], [-30.0, 16.0, 0.0], [-26.0, 3.0, 0.0], [-46.0, 29.0, 0.0], [-18.0, 34.0, 0.0], [0.0, 15.0, 0.0], [9.0, 11.0, 0.0], [27.0, 8.0, 0.0], [41.0, 5.0, 0.0], [31.0, 0.0, 0.0], [31.0, 16.0, 0.0], [29.0, -12.0, 0.0], [36.0, -1.0, 0.0], [37.0, -21.0, 0.0], [16.0, -1.0, 0.0], [5.0, -3.0, 0.0], [19.0, -20.0, 0.0], [1.0, -6.0, 0.0], [-2.0, -27.0, 0.0], [-26.0, -40.0, 0.0], [-24.0, -12.0, 0.0], [-14.0, -1.0, 0.0], [-11.0, 3.0, 1.0], [355.421875, 22.703125, 0.0], [-11.0, -9.0, 0.0], [-16.0, 4.0, 0.0], [-50.0, -15.0, 0.0], [-24.0, 5.0, 0.0], [-21.0, 0.0, 0.0], [-33.0, 25.0, 0.0], [-8.0, 18.0, 0.0], [6.0, 19.0, 0.0], [24.0, 16.0, 0.0], [19.0, 1.0, 0.0], [16.0, 8.0, 0.0], [15.0, 2.0, 0.0], [28.0, -4.0, 0.0], [21.0, 9.0, 0.0], [9.0, -1.0, 0.0], [22.0, -10.0, 0.0], [30.0, 0.0, 0.0], [22.0, -10.0, 0.0], [23.0, 1.0, 0.0], [13.0, -29.0, 0.0], [-28.0, -28.0, 0.0], [-27.0, -7.0, 0.0], [-28.0, -15.0, 0.0], [-17.0, -1.0, 0.0], [-24.0, 4.0, 1.0]], "gt_class_names": ["fence", "flower", "flower", "horse", "sun", "cloud", "cloud"]}