{"img_id": "sceneid-62-userid-28", "img_w": 1100, "img_h": 770, "object_divisions": [0, 18, 24, 28, 33, 37], "scene_strokes": [[35.421875, 364.703125, 0.0], [252.0, -30.0, 0.0], [100.0, -25.0, 0.0], [108.0, -12.0, 0.0], [53.0, -1.0, 0.0], [69.0, -9.0, 0.0], [50.0, -9.0, 0.0], [32.0, -13.0, 0.0], [31.0, -8.0, 0.0], [98.0, -15.0, 1.0], [-763.0, 223.0, 0.0], [41.0, -7.0, 0.0], [133.0, -40.0, 0.0], [141.0, -31.0, 0.0], [191.0, -48.0, 0.0], [102.0, -21.0, 0.0], [95.0, -25.0, 0.0], [79.0, -17.0, 0.0], [11.0, -5.0, 1.0], [-772.0, 100.0, 0.0], [18.0, 75.0, 1.0], [24.0, -87.0, 0.0], [14.0, 85.0, 1.0], [69.0, -103.0, 0.0], [4.0, 28.0, 0.0], [2.0, 60.0, 1.0], [37.0, -89.0, 0.0], [6.0, 86.0, 1.0], [45.0, -99.0, 0.0], [4.0, 31.0, 0.0], [1.0, 53.0, 1.0], [50.0, -86.0, 0.0], [8.0, 82.0, 1.0], [41.0, -108.0, 0.0], [6.0, 33.0, 0.0], [3.0, 67.0, 1.0], [46.0, -94.0, 0.0], [3.0, 14.0, 0.0], [0.0, 44.0, 0.0], [4.0, 15.0, 1.0], [35.0, -84.0, 0.0], [3.0, 24.0, 0.0], [-1.0, 50.0, 1.0], [43.0, -73.0, 0.0], [-1.0, 59.0, 1.0], [37.0, -74.0, 0.0], [4.0, 21.0, 0.0], [-2.0, 44.0, 1.0], [35.0, -59.0, 0.0], [3.0, 56.0, 1.0], [51.0, -66.0, 0.0], [3.0, 49.0, 1.0], [51.0, -65.0, 0.0], [3.0, 55.0, 1.0], [41.0, -64.0, 0.0], [4.0, 38.0, 1.0], [38.0, -47.0, 0.0], [2.0, 30.0, 1.0], [-605.578125, -99.296875, 0.0], [11.0, 81.0, 0.0], [20.0, 43.0, 0.0], [10.0, 45.0, 1.0], [-45.0, -176.0, 0.0], [6.0, 3.0, 0.0], [56.0, -1.0, 0.0], [50.0, -5.0, 0.0], [101.0, -21.0, 0.0], [46.0, -20.0, 0.0], [8.0, 11.0, 0.0], [66.0, -8.0, 0.0], [28.0, 0.0, 0.0], [36.0, 14.0, 0.0], [22.0, 4.0, 0.0], [2.0, 5.0, 0.0], [19.0, -10.0, 0.0], [18.0, 1.0, 0.0], [16.0, 11.0, 0.0], [4.0, 10.0, 0.0], [0.0, 36.0, 0.0], [-4.0, 7.0, 0.0], [-12.0, 0.0, 0.0], [-16.0, -7.0, 0.0], [-7.0, 0.0, 0.0], [4.0, 20.0, 0.0], [8.0, 19.0, 0.0], [-6.0, 11.0, 0.0], [-17.0, 11.0, 0.0], [-39.0, 11.0, 0.0], [-82.0, 14.0, 0.0], [-174.0, 39.0, 0.0], [-93.0, 27.0, 1.0], [188.0, -217.0, 0.0], [-8.0, -32.0, 0.0], [-16.0, -40.0, 0.0], [9.0, -7.0, 0.0], [19.0, -7.0, 0.0], [6.0, 3.0, 0.0], [6.0, 27.0, 0.0], [23.0, 47.0, 0.0], [6.0, 6.0, 1.0], [-60.0, -87.0, 0.0], [-6.0, -7.0, 0.0], [-14.0, -6.0, 0.0], [-31.0, -2.0, 0.0], [-20.0, -24.0, 1.0], [78.0, 52.0, 0.0], [-36.0, -35.0, 0.0], [-9.0, -4.0, 0.0], [-27.0, 5.0, 0.0], [-9.0, -2.0, 0.0], [-6.0, -7.0, 0.0], [-5.0, -19.0, 1.0], [95.0, 60.0, 0.0], [-17.0, -28.0, 0.0], [-26.0, -27.0, 1.0], [-299.578125, 45.703125, 0.0], [22.0, 49.0, 0.0], [31.0, 53.0, 0.0], [17.0, 39.0, 1.0], [-74.0, -144.0, 0.0], [-53.0, -5.0, 0.0], [-4.0, -3.0, 1.0], [59.0, 16.0, 0.0], [13.0, -37.0, 0.0], [21.0, -34.0, 1.0], [-38.0, 62.0, 0.0], [-2.0, 27.0, 0.0], [-17.0, 87.0, 1.0], [157.421875, -123.296875, 0.0], [20.0, 40.0, 0.0], [31.0, 41.0, 1.0], [-69.0, -99.0, 0.0], [-4.0, 6.0, 0.0], [0.0, 10.0, 0.0], [7.0, 18.0, 0.0], [10.0, 4.0, 0.0], [7.0, -3.0, 0.0], [11.0, -21.0, 0.0], [-1.0, -8.0, 0.0], [-9.0, -6.0, 0.0], [-17.0, 3.0, 0.0], [4.0, 6.0, 1.0], [11.0, -1.0, 0.0], [9.0, -55.0, 1.0], [-29.0, 68.0, 0.0], [-24.0, -4.0, 0.0], [-14.0, 2.0, 0.0], [-9.0, 5.0, 1.0], [60.0, 12.0, 0.0], [2.0, 38.0, 1.0], [692.421875, 45.703125, 0.0], [1.0, -11.0, 0.0], [-16.0, -90.0, 0.0], [-2.0, -3.0, 0.0], [-18.0, 3.0, 0.0], [-8.0, -4.0, 0.0], [-3.0, -9.0, 0.0], [6.0, -14.0, 0.0], [13.0, -9.0, 0.0], [19.0, 1.0, 0.0], [6.0, 7.0, 0.0], [-8.0, 15.0, 0.0], [-12.0, 11.0, 0.0], [-7.0, 2.0, 1.0], [23.0, -13.0, 0.0], [31.0, 22.0, 1.0], [-68.0, -5.0, 0.0], [-12.0, 26.0, 1.0], [14.0, -54.0, 0.0], [-14.0, -19.0, 0.0], [-11.0, -7.0, 1.0]], "gt_class_names": ["rail", "train", "windmill", "windmill", "windmill"]}