{"img_id": "sceneid-13-userid-82", "img_w": 1100, "img_h": 770, "object_divisions": [0, 15, 16, 18, 19, 22, 25, 28, 29, 30, 31, 36, 41, 46], "scene_strokes": [[266.0, 269.703125, 0.0], [-9.0, -82.0, 0.0], [32.0, -2.0, 0.0], [102.0, -18.0, 0.0], [140.0, -17.0, 0.0], [55.0, -3.0, 0.0], [197.0, 2.0, 0.0], [3.0, 2.0, 0.0], [0.0, 78.0, 0.0], [3.0, 21.0, 0.0], [0.0, 9.0, 0.0], [-4.0, 1.0, 0.0], [-90.0, 9.0, 0.0], [-245.0, 14.0, 0.0], [-56.0, -1.0, 0.0], [-61.0, -7.0, 0.0], [-66.0, 4.0, 0.0], [-8.0, -2.0, 0.0], [-1.0, -8.0, 0.0], [1.0, -4.0, 0.0], [2.0, 2.0, 1.0], [28.0, -52.0, 0.0], [4.0, 31.0, 0.0], [-2.0, 9.0, 0.0], [-4.0, -5.0, 0.0], [-2.0, -22.0, 0.0], [3.0, -8.0, 0.0], [15.0, -9.0, 0.0], [5.0, 11.0, 0.0], [-7.0, 19.0, 0.0], [4.0, 5.0, 1.0], [16.0, -3.0, 0.0], [8.0, -4.0, 0.0], [2.0, -5.0, 0.0], [-3.0, -4.0, 1.0], [-4.0, -2.0, 0.0], [-3.0, 1.0, 0.0], [-3.0, 11.0, 0.0], [7.0, 9.0, 1.0], [22.0, -19.0, 0.0], [-3.0, 5.0, 0.0], [4.0, 8.0, 0.0], [-3.0, 9.0, 0.0], [-3.0, 1.0, 1.0], [28.0, -33.0, 0.0], [1.0, 20.0, 0.0], [-3.0, 7.0, 1.0], [-11.0, -12.0, 0.0], [19.0, -1.0, 1.0], [25.0, -3.0, 0.0], [-9.0, 0.0, 0.0], [-4.0, 7.0, 0.0], [7.0, 6.0, 0.0], [6.0, -8.0, 0.0], [4.0, 11.0, 1.0], [11.0, -22.0, 0.0], [7.0, 16.0, 0.0], [5.0, -11.0, 0.0], [0.0, -8.0, 1.0], [21.0, -1.0, 0.0], [0.0, 16.0, 0.0], [-3.0, 5.0, 0.0], [1.0, -24.0, 0.0], [10.0, -6.0, 0.0], [6.0, 11.0, 0.0], [-7.0, 12.0, 0.0], [6.0, 4.0, 1.0], [16.0, -15.0, 0.0], [-4.0, 6.0, 0.0], [0.0, 8.0, 0.0], [5.0, 0.0, 0.0], [4.0, -7.0, 0.0], [7.0, 10.0, 1.0], [13.0, -9.0, 0.0], [5.0, -10.0, 0.0], [6.0, -2.0, 0.0], [5.0, 5.0, 0.0], [-2.0, 10.0, 1.0], [31.0, -20.0, 0.0], [-6.0, 24.0, 1.0], [0.0, -18.0, 0.0], [20.0, 6.0, 1.0], [-300.0, 47.0, 0.0], [-2.0, 72.0, 0.0], [7.0, 196.0, 0.0], [-7.0, 69.0, 0.0], [181.0, -10.0, 0.0], [229.0, -3.0, 0.0], [45.0, 2.0, 0.0], [135.0, 15.0, 0.0], [14.0, -79.0, 0.0], [6.0, -56.0, 0.0], [1.0, -39.0, 0.0], [-6.0, -89.0, 0.0], [-12.0, -47.0, 0.0], [-11.0, -26.0, 0.0], [-12.0, -9.0, 0.0], [-32.0, -9.0, 0.0], [-17.0, -11.0, 1.0], [-430.0, 169.703125, 0.0], [0.0, -25.0, 0.0], [5.0, -30.0, 0.0], [-19.0, 4.0, 0.0], [-26.0, -1.0, 0.0], [-25.0, -17.0, 0.0], [3.0, -7.0, 0.0], [22.0, -14.0, 0.0], [82.0, -9.0, 0.0], [25.0, 4.0, 0.0], [7.0, 5.0, 0.0], [4.0, 11.0, 0.0], [-16.0, 12.0, 0.0], [-18.0, 1.0, 0.0], [-41.0, 12.0, 1.0], [339.0, 41.703125, 0.0], [-2.0, -10.0, 0.0], [4.0, -20.0, 0.0], [0.0, -38.0, 0.0], [-34.0, 8.0, 0.0], [-40.0, 2.0, 0.0], [-27.0, -9.0, 0.0], [-6.0, -7.0, 0.0], [0.0, -11.0, 0.0], [19.0, -12.0, 0.0], [23.0, -5.0, 0.0], [45.0, -6.0, 0.0], [68.0, -1.0, 0.0], [22.0, 4.0, 0.0], [16.0, 8.0, 0.0], [4.0, 6.0, 0.0], [-2.0, 6.0, 0.0], [-6.0, 4.0, 0.0], [-33.0, 9.0, 1.0], [-15.0, 2.0, 0.0], [-51.0, 13.0, 1.0], [-144.0, 198.703125, 0.0], [-3.0, -6.0, 0.0], [3.0, -65.0, 0.0], [-24.0, 7.0, 0.0], [-19.0, -3.0, 0.0], [-22.0, -15.0, 0.0], [-5.0, -9.0, 0.0], [1.0, -6.0, 0.0], [21.0, -15.0, 0.0], [41.0, -12.0, 0.0], [42.0, 0.0, 0.0], [13.0, 5.0, 0.0], [7.0, 10.0, 0.0], [-4.0, 12.0, 0.0], [-10.0, 8.0, 0.0], [-50.0, 21.0, 1.0], [-57.0, -156.296875, 0.0], [-5.0, 51.0, 0.0], [-41.0, 1.0, 0.0], [-1.0, 39.0, 1.0], [21.0, -29.0, 0.0], [-2.0, 34.0, 1.0], [27.0, -40.0, 0.0], [-2.0, 32.0, 1.0], [65.0, -90.296875, 0.0], [-6.0, 45.0, 0.0], [49.0, 0.0, 0.0], [-2.0, 35.0, 1.0], [-21.0, -35.0, 0.0], [0.0, 18.0, 0.0], [-4.0, 11.0, 1.0], [-22.0, -16.0, 0.0], [1.0, 23.0, 1.0], [105.0, 48.703125, 0.0], [1.0, 37.0, 0.0], [-51.0, 0.0, 0.0], [2.0, 50.0, 1.0], [15.0, -52.0, 0.0], [-2.0, 45.0, 1.0], [24.0, -35.0, 0.0], [-4.0, 38.0, 0.0], [-5.0, 6.0, 1.0], [-233.0, -208.296875, 0.0], [-17.0, 3.0, 0.0], [-9.0, 5.0, 0.0], [-4.0, 7.0, 0.0], [1.0, 4.0, 0.0], [30.0, 6.0, 0.0], [19.0, -3.0, 0.0], [5.0, -7.0, 0.0], [-2.0, -7.0, 0.0], [-29.0, -4.0, 1.0], [280.0, -10.296875, 0.0], [-5.0, -4.0, 0.0], [-20.0, 1.0, 0.0], [-18.0, 8.0, 0.0], [2.0, 14.0, 0.0], [17.0, 6.0, 0.0], [28.0, -6.0, 0.0], [7.0, -5.0, 0.0], [-5.0, -9.0, 0.0], [-18.0, -5.0, 1.0], [-87.0, 122.703125, 0.0], [-1.0, -5.0, 0.0], [-7.0, -4.0, 0.0], [-12.0, 0.0, 0.0], [-11.0, 4.0, 0.0], [-9.0, 11.0, 0.0], [1.0, 5.0, 0.0], [7.0, 4.0, 0.0], [21.0, 0.0, 0.0], [22.0, -8.0, 0.0], [3.0, -3.0, 0.0], [-2.0, -5.0, 0.0], [-8.0, -3.0, 0.0], [-11.0, 2.0, 1.0], [-102.0, -136.296875, 0.0], [-10.0, -1.0, 0.0], [-4.0, 5.0, 0.0], [-1.0, 6.0, 0.0], [7.0, 8.0, 0.0], [11.0, 1.0, 0.0], [7.0, -5.0, 0.0], [1.0, -7.0, 0.0], [-3.0, -5.0, 0.0], [-6.0, -1.0, 1.0], [-5.0, 18.0, 0.0], [0.0, 33.0, 0.0], [4.0, 11.0, 0.0], [-42.0, 10.0, 0.0], [1.0, 17.0, 1.0], [34.0, -30.0, 0.0], [-13.0, -1.0, 0.0], [-14.0, 4.0, 0.0], [1.0, 34.0, 1.0], [30.0, -66.0, 0.0], [-15.0, -2.0, 0.0], [-32.0, 4.0, 1.0], [50.0, 3.0, 0.0], [-35.0, 8.0, 0.0], [-15.0, 0.0, 1.0], [163.0, -46.296875, 0.0], [-4.0, -3.0, 0.0], [-5.0, 8.0, 0.0], [2.0, 11.0, 0.0], [9.0, 0.0, 0.0], [2.0, -12.0, 0.0], [-3.0, -3.0, 1.0], [-4.0, 19.0, 0.0], [2.0, 36.0, 0.0], [39.0, -2.0, 0.0], [6.0, 3.0, 0.0], [-2.0, 2.0, 1.0], [-46.0, -1.0, 0.0], [24.0, 0.0, 0.0], [18.0, 5.0, 0.0], [3.0, 6.0, 0.0], [-2.0, 16.0, 1.0], [-42.0, -53.0, 0.0], [52.0, -6.0, 0.0], [15.0, 3.0, 1.0], [-68.0, 16.0, 0.0], [33.0, -6.0, 0.0], [35.0, -2.0, 1.0], [-8.0, 89.703125, 0.0], [-3.0, -5.0, 0.0], [-12.0, 4.0, 0.0], [-3.0, 9.0, 0.0], [4.0, 4.0, 0.0], [11.0, -1.0, 0.0], [7.0, -6.0, 0.0], [1.0, -4.0, 0.0], [-4.0, -5.0, 0.0], [-6.0, 1.0, 1.0], [-5.0, 19.0, 0.0], [0.0, 28.0, 0.0], [-25.0, 11.0, 0.0], [-21.0, 2.0, 0.0], [3.0, 30.0, 1.0], [36.0, -40.0, 0.0], [-15.0, 1.0, 0.0], [-14.0, 6.0, 0.0], [5.0, 36.0, 1.0], [30.0, -65.0, 0.0], [-28.0, -12.0, 0.0], [-10.0, 0.0, 0.0], [-8.0, 4.0, 1.0], [46.0, 14.0, 0.0], [-29.0, 5.0, 0.0], [-8.0, -3.0, 0.0], [-6.0, -8.0, 1.0]], "gt_class_names": ["restaurant", "table", "table", "table", "chair", "chair", "chair", "pizza", "pizza", "pizza", "yoga", "yoga", "yoga"]}