{"img_id": "sceneid-35-userid-12", "img_w": 1100, "img_h": 770, "object_divisions": [0, 2, 8, 15, 18], "scene_strokes": [[234.421875, 404.703125, 0.0], [7.0, 57.0, 0.0], [1.0, 111.0, 0.0], [-3.0, 18.0, 1.0], [-3.0, -86.0, 0.0], [59.0, -9.0, 0.0], [30.0, -1.0, 0.0], [13.0, 3.0, 0.0], [4.0, 6.0, 0.0], [-3.0, 60.0, 0.0], [8.0, 36.0, 1.0], [-48.578125, -271.296875, 0.0], [1.0, 149.0, 1.0], [-3.0, 4.0, 0.0], [11.0, 16.0, 0.0], [18.0, 39.0, 0.0], [0.0, 13.0, 0.0], [-3.0, 8.0, 0.0], [-10.0, 8.0, 0.0], [-12.0, 18.0, 0.0], [-30.0, 54.0, 1.0], [19.0, -172.0, 0.0], [-1.0, 3.0, 0.0], [4.0, 3.0, 0.0], [78.0, 8.0, 0.0], [16.0, 5.0, 0.0], [6.0, 42.0, 0.0], [0.0, 70.0, 0.0], [4.0, 18.0, 1.0], [-99.0, -291.0, 0.0], [2.0, -2.0, 0.0], [47.0, 9.0, 0.0], [39.0, 0.0, 0.0], [27.0, -13.0, 0.0], [3.0, 1.0, 0.0], [-4.0, -1.0, 1.0], [-116.0, 12.0, 0.0], [21.0, 34.0, 0.0], [31.0, 22.0, 0.0], [65.0, 18.0, 1.0], [-114.0, -80.0, 0.0], [16.0, -1.0, 0.0], [13.0, -9.0, 0.0], [6.0, -11.0, 0.0], [4.0, -24.0, 0.0], [-8.0, -22.0, 0.0], [-12.0, -7.0, 0.0], [-6.0, 0.0, 0.0], [-14.0, 9.0, 0.0], [-6.0, 7.0, 0.0], [-9.0, 23.0, 0.0], [2.0, 19.0, 1.0], [118.421875, -80.296875, 0.0], [3.0, 76.0, 0.0], [10.0, 74.0, 1.0], [-12.0, -50.0, 0.0], [-15.0, 11.0, 0.0], [-11.0, 24.0, 0.0], [5.0, 8.0, 0.0], [23.0, 14.0, 0.0], [5.0, 11.0, 0.0], [6.0, 43.0, 0.0], [-7.0, 40.0, 0.0], [-2.0, 54.0, 0.0], [3.0, 18.0, 0.0], [8.0, 13.0, 0.0], [13.0, 7.0, 0.0], [16.0, 2.0, 0.0], [21.0, -4.0, 0.0], [22.0, -10.0, 0.0], [27.0, -23.0, 0.0], [7.0, -12.0, 0.0], [3.0, -25.0, 0.0], [-11.0, -43.0, 0.0], [-14.0, -25.0, 0.0], [-6.0, -8.0, 0.0], [-25.0, -18.0, 0.0], [-24.0, -29.0, 0.0], [1.0, -42.0, 0.0], [-8.0, -20.0, 0.0], [-7.0, -5.0, 0.0], [-8.0, 0.0, 0.0], [-26.0, 16.0, 1.0], [11.0, 48.0, 0.0], [13.0, 39.0, 0.0], [22.0, 89.0, 1.0], [-33.0, -128.0, 0.0], [5.0, 1.0, 0.0], [13.0, 30.0, 0.0], [26.0, 89.0, 1.0], [-32.0, -127.0, 0.0], [11.0, 25.0, 0.0], [31.0, 99.0, 1.0], [-54.0, -133.0, 0.0], [1.0, 2.0, 0.0], [4.0, -4.0, 0.0], [2.0, -12.0, 0.0], [0.0, -36.0, 0.0], [-11.0, -64.0, 0.0], [-7.0, -22.0, 1.0], [62.0, 352.0, 0.0], [3.0, -4.0, 0.0], [14.0, 30.0, 0.0], [6.0, -32.0, 1.0], [29.421875, -500.296875, 0.0], [7.0, 139.0, 0.0], [0.0, 26.0, 0.0], [-2.0, 15.0, 0.0], [-2.0, -4.0, 1.0], [-3.0, 0.0, 0.0], [-5.0, 1.0, 0.0], [-5.0, 7.0, 0.0], [-1.0, 9.0, 0.0], [5.0, 7.0, 0.0], [12.0, 3.0, 0.0], [8.0, -8.0, 0.0], [1.0, -14.0, 0.0], [-10.0, -7.0, 0.0], [-11.0, 3.0, 1.0], [-6.0, 21.0, 0.0], [-4.0, 10.0, 0.0], [-2.0, 27.0, 0.0], [7.0, 12.0, 0.0], [14.0, 6.0, 0.0], [11.0, -5.0, 0.0], [5.0, -8.0, 0.0], [2.0, -14.0, 0.0], [-4.0, -19.0, 0.0], [-9.0, -10.0, 0.0], [-2.0, 1.0, 1.0]], "gt_class_names": ["chair", "yoga", "cello", "microphone"]}