{"img_id": "sceneid-70-userid-27", "img_w": 1100, "img_h": 770, "object_divisions": [0, 7, 12, 23, 24, 28], "scene_strokes": [[756.421875, 110.703125, 0.0], [6.0, 44.0, 0.0], [3.0, 83.0, 0.0], [1.0, 131.0, 0.0], [-4.0, 119.0, 0.0], [4.0, 23.0, 1.0], [-17.0, -415.0, 0.0], [68.0, 11.0, 0.0], [38.0, 2.0, 0.0], [93.0, -7.0, 0.0], [6.0, 6.0, 0.0], [-8.0, 166.0, 0.0], [-12.0, 150.0, 0.0], [-2.0, 81.0, 0.0], [3.0, 7.0, 1.0], [-187.0, -416.0, 0.0], [9.0, -2.0, 0.0], [71.0, -69.0, 0.0], [23.0, -15.0, 1.0], [99.0, 93.0, 0.0], [43.0, -53.0, 0.0], [31.0, -32.0, 1.0], [-195.0, -7.0, 0.0], [43.0, -35.0, 1.0], [139.0, 51.0, 0.0], [24.0, -30.0, 1.0], [-1.0, 4.0, 0.0], [-10.0, 95.0, 0.0], [-3.0, 87.0, 0.0], [-1.0, 245.0, 0.0], [4.0, 71.0, 0.0], [-3.0, 32.0, 1.0], [-821.578125, -188.296875, 0.0], [71.0, 3.0, 0.0], [212.0, -9.0, 0.0], [88.0, 12.0, 0.0], [33.0, 8.0, 0.0], [7.0, 0.0, 0.0], [2.0, -3.0, 1.0], [-418.0, -9.0, 0.0], [-1.0, 32.0, 0.0], [3.0, 24.0, 0.0], [4.0, 6.0, 0.0], [162.0, 6.0, 0.0], [177.0, -1.0, 0.0], [56.0, -7.0, 0.0], [26.0, -11.0, 0.0], [1.0, -10.0, 0.0], [-9.0, -29.0, 1.0], [-410.0, 56.0, 0.0], [1.0, 108.0, 0.0], [6.0, 17.0, 0.0], [10.0, 2.0, 0.0], [22.0, -10.0, 0.0], [13.0, 1.0, 0.0], [-9.0, -7.0, 0.0], [-7.0, -16.0, 0.0], [-10.0, -70.0, 0.0], [-7.0, -14.0, 1.0], [352.0, -8.0, 0.0], [-9.0, 109.0, 0.0], [2.0, 4.0, 0.0], [7.0, 2.0, 0.0], [38.0, -4.0, 0.0], [3.0, -7.0, 0.0], [-1.0, -37.0, 0.0], [4.0, -53.0, 0.0], [-3.0, -17.0, 0.0], [-11.0, -9.0, 1.0], [-19.0, -51.0, 0.0], [-3.0, -164.0, 0.0], [38.0, -10.0, 0.0], [-6.0, 22.0, 0.0], [-2.0, 24.0, 0.0], [-2.0, 158.0, 1.0], [-359.578125, -83.296875, 0.0], [-1.0, 0.0, 1.0], [-20.0, 10.0, 0.0], [-3.0, 2.0, 1.0], [-13.0, 17.0, 0.0], [-1.0, 1.0, 1.0], [8.0, 8.0, 0.0], [1.0, 0.0, 1.0], [24.0, 6.0, 0.0], [1.0, -1.0, 1.0], [14.0, -13.0, 0.0], [0.0, -1.0, 1.0], [1.0, -5.0, 0.0], [-1.0, -1.0, 1.0], [-10.0, 20.0, 0.0], [1.0, 0.0, 1.0], [12.0, -10.0, 0.0], [0.0, -1.0, 1.0], [-7.0, -28.0, 0.0], [8.0, -8.0, 1.0], [10.0, -16.0, 0.0], [-4.0, -2.0, 0.0], [-6.0, 5.0, 0.0], [1.0, 10.0, 0.0], [7.0, 4.0, 0.0], [2.0, -9.0, 0.0], [-6.0, -5.0, 1.0], [70.421875, 35.703125, 0.0], [-4.0, -3.0, 0.0], [-13.0, 1.0, 0.0], [-10.0, 9.0, 0.0], [-3.0, 11.0, 0.0], [13.0, 9.0, 0.0], [13.0, 0.0, 0.0], [6.0, -3.0, 0.0], [4.0, -8.0, 0.0], [-7.0, -15.0, 1.0], [40.421875, -4.296875, 0.0], [8.0, 10.0, 0.0], [16.0, 4.0, 0.0], [94.0, -4.0, 0.0], [0.0, 17.0, 0.0], [-45.0, 0.0, 0.0], [-22.0, -4.0, 0.0], [-54.0, -2.0, 0.0], [-8.0, -3.0, 0.0], [-2.0, -11.0, 0.0], [3.0, -8.0, 0.0], [8.0, 1.0, 1.0], [1.0, 7.0, 0.0], [0.0, 1.0, 1.0], [124.0, 6.0, 0.0], [-1.0, 0.0, 1.0], [-5.0, 4.0, 0.0], [26.0, -4.0, 1.0]], "gt_class_names": ["dresser", "bed", "necklace", "bracelet", "belt"]}