{"img_id": "sceneid-108-userid-52", "img_w": 1100, "img_h": 770, "object_divisions": [0, 11, 18, 19, 22, 25], "scene_strokes": [[496.421875, 2.703125, 0.0], [5.0, 100.0, 0.0], [-4.0, 24.0, 0.0], [-55.0, 2.0, 0.0], [-26.0, 6.0, 0.0], [-19.0, 12.0, 0.0], [-37.0, 42.0, 0.0], [-31.0, 24.0, 0.0], [-22.0, 8.0, 0.0], [-41.0, -3.0, 0.0], [-19.0, 4.0, 0.0], [-12.0, 7.0, 0.0], [-13.0, 15.0, 0.0], [-5.0, 12.0, 0.0], [0.0, 14.0, 0.0], [8.0, 19.0, 0.0], [6.0, 1.0, 0.0], [31.0, -29.0, 0.0], [20.0, -14.0, 0.0], [59.0, -13.0, 0.0], [11.0, -8.0, 0.0], [2.0, 5.0, 1.0], [-127.0, 57.0, 0.0], [-4.0, 5.0, 0.0], [19.0, -12.0, 0.0], [46.0, -33.0, 0.0], [74.0, -21.0, 0.0], [3.0, 7.0, 0.0], [-1.0, 8.0, 0.0], [-18.0, 66.0, 0.0], [0.0, 37.0, 0.0], [2.0, 5.0, 0.0], [4.0, 0.0, 0.0], [11.0, -12.0, 0.0], [9.0, -18.0, 0.0], [24.0, -85.0, 0.0], [8.0, -12.0, 0.0], [10.0, -4.0, 0.0], [12.0, 6.0, 0.0], [22.0, 29.0, 0.0], [8.0, 16.0, 0.0], [16.0, 66.0, 0.0], [17.0, 5.0, 0.0], [12.0, -4.0, 0.0], [7.0, -11.0, 0.0], [-12.0, -79.0, 0.0], [1.0, -21.0, 0.0], [4.0, -6.0, 0.0], [5.0, -1.0, 0.0], [15.0, 5.0, 0.0], [18.0, 21.0, 0.0], [32.0, 69.0, 0.0], [10.0, 10.0, 0.0], [13.0, 6.0, 0.0], [12.0, 4.0, 0.0], [15.0, 0.0, 0.0], [14.0, -8.0, 0.0], [2.0, -7.0, 0.0], [-4.0, -20.0, 0.0], [-18.0, -36.0, 0.0], [-36.0, -39.0, 0.0], [-1.0, -17.0, 0.0], [8.0, -12.0, 0.0], [19.0, -1.0, 0.0], [26.0, 15.0, 0.0], [34.0, 29.0, 0.0], [43.0, 49.0, 0.0], [15.0, 10.0, 0.0], [17.0, 5.0, 0.0], [11.0, -2.0, 0.0], [9.0, -7.0, 0.0], [5.0, -14.0, 0.0], [-7.0, -24.0, 0.0], [-11.0, -11.0, 0.0], [-93.0, -56.0, 0.0], [-19.0, -20.0, 0.0], [0.0, -5.0, 0.0], [4.0, -4.0, 0.0], [20.0, 0.0, 0.0], [71.0, 21.0, 0.0], [120.0, 43.0, 0.0], [11.0, 1.0, 0.0], [6.0, -4.0, 0.0], [0.0, -25.0, 0.0], [-16.0, -22.0, 0.0], [-34.0, -28.0, 0.0], [-44.0, -21.0, 0.0], [-51.0, -8.0, 0.0], [-74.0, -3.0, 0.0], [-79.0, 1.0, 0.0], [-20.0, -5.0, 0.0], [-15.0, -18.0, 0.0], [-6.0, -28.0, 0.0], [-5.0, -53.0, 0.0], [-7.0, -19.0, 1.0], [-292.0, 293.0, 0.0], [-7.0, 5.0, 0.0], [-3.0, 9.0, 0.0], [1.0, 12.0, 0.0], [-12.0, 7.0, 0.0], [-10.0, 12.0, 0.0], [-1.0, 14.0, 0.0], [12.0, 13.0, 0.0], [19.0, -2.0, 0.0], [16.0, -11.0, 0.0], [2.0, -10.0, 0.0], [-4.0, -5.0, 0.0], [-33.0, -14.0, 0.0], [0.0, -3.0, 1.0], [141.0, 35.0, 0.0], [6.0, 27.0, 0.0], [-10.0, -1.0, 0.0], [-16.0, 13.0, 0.0], [-4.0, 14.0, 0.0], [3.0, 15.0, 0.0], [7.0, 4.0, 0.0], [23.0, -15.0, 0.0], [9.0, -10.0, 0.0], [1.0, -8.0, 0.0], [-5.0, -9.0, 0.0], [-24.0, -4.0, 1.0], [142.0, -33.0, 0.0], [10.0, 55.0, 0.0], [-3.0, -4.0, 0.0], [-10.0, -3.0, 0.0], [-8.0, 0.0, 0.0], [-11.0, 6.0, 0.0], [-5.0, 11.0, 0.0], [3.0, 19.0, 0.0], [10.0, 11.0, 0.0], [21.0, 0.0, 0.0], [23.0, -14.0, 0.0], [5.0, -11.0, 0.0], [0.0, -8.0, 0.0], [-5.0, -8.0, 0.0], [-33.0, -7.0, 1.0], [135.0, -56.0, 0.0], [-3.0, 40.0, 0.0], [3.0, 19.0, 0.0], [-10.0, -6.0, 0.0], [-17.0, 4.0, 0.0], [-6.0, 11.0, 0.0], [2.0, 12.0, 0.0], [11.0, 10.0, 0.0], [22.0, 3.0, 0.0], [20.0, -9.0, 0.0], [8.0, -12.0, 0.0], [-2.0, -14.0, 0.0], [-9.0, -9.0, 0.0], [-28.0, 4.0, 1.0], [151.0, -86.0, 0.0], [9.0, 57.0, 0.0], [-7.0, -4.0, 0.0], [-18.0, 1.0, 0.0], [-15.0, 9.0, 0.0], [-5.0, 10.0, 0.0], [1.0, 5.0, 0.0], [9.0, 9.0, 0.0], [10.0, 4.0, 0.0], [8.0, 2.0, 0.0], [20.0, -3.0, 0.0], [22.0, -12.0, 0.0], [6.0, -8.0, 0.0], [0.0, -6.0, 0.0], [-15.0, -7.0, 0.0], [-21.0, -1.0, 1.0], [106.0, -133.0, 0.0], [15.0, 88.0, 0.0], [-1.0, -4.0, 0.0], [-9.0, -2.0, 0.0], [-25.0, 9.0, 0.0], [-13.0, 8.0, 0.0], [-3.0, 9.0, 0.0], [2.0, 7.0, 0.0], [8.0, 9.0, 0.0], [11.0, 5.0, 0.0], [27.0, 3.0, 0.0], [31.0, -7.0, 0.0], [7.0, -7.0, 0.0], [1.0, -7.0, 0.0], [-3.0, -8.0, 0.0], [-12.0, -10.0, 0.0], [-32.0, -4.0, 1.0], [-140.0, 41.0, 0.0], [-4.0, 3.0, 0.0], [-2.0, 16.0, 0.0], [4.0, 8.0, 0.0], [11.0, -7.0, 0.0], [13.0, -17.0, 0.0], [1.0, 17.0, 0.0], [3.0, 1.0, 0.0], [17.0, -14.0, 0.0], [-2.0, 12.0, 0.0], [17.0, -11.0, 0.0], [2.0, 13.0, 0.0], [9.0, -2.0, 0.0], [6.0, -6.0, 1.0], [-330.0, 30.0, 0.0], [-7.0, 14.0, 0.0], [-1.0, 10.0, 0.0], [26.0, -28.0, 0.0], [-7.0, 26.0, 0.0], [16.0, -16.0, 0.0], [3.0, 17.0, 0.0], [9.0, -4.0, 0.0], [6.0, -7.0, 1.0], [-315.0, -88.0, 0.0], [-3.0, 24.0, 0.0], [18.0, -9.0, 0.0], [-1.0, 8.0, 0.0], [19.0, -9.0, 0.0], [0.0, 18.0, 0.0], [3.0, 2.0, 0.0], [18.0, -11.0, 1.0], [194.421875, 292.703125, 0.0], [34.0, 3.0, 0.0], [118.0, -10.0, 0.0], [46.0, 0.0, 0.0], [45.0, 5.0, 1.0], [-245.0, 3.0, 0.0], [-5.0, 107.0, 0.0], [4.0, 10.0, 0.0], [4.0, 0.0, 1.0], [-14.0, -113.0, 0.0], [-22.0, 80.0, 0.0], [2.0, 5.0, 1.0], [23.0, 28.0, 0.0], [-14.0, 36.0, 1.0], [261.0, -155.0, 0.0], [20.0, 25.0, 0.0], [29.0, 28.0, 0.0], [19.0, 30.0, 1.0], [-291.0, 18.0, 0.0], [37.0, -8.0, 0.0], [64.0, -7.0, 0.0], [156.0, 2.0, 1.0], [-8.0, 4.0, 0.0], [11.0, 50.0, 0.0], [6.0, 10.0, 1.0], [-134.578125, -121.296875, 0.0], [0.0, 12.0, 0.0], [21.0, 26.0, 0.0], [17.0, 5.0, 0.0], [35.0, -3.0, 0.0], [13.0, -6.0, 0.0], [4.0, -9.0, 0.0], [-1.0, -5.0, 0.0], [-14.0, -22.0, 0.0], [-14.0, -10.0, 0.0], [-21.0, -6.0, 0.0], [-19.0, 0.0, 0.0], [-16.0, 5.0, 0.0], [-10.0, 14.0, 1.0], [24.421875, -7.296875, 0.0], [29.0, -4.0, 0.0], [7.0, 8.0, 0.0], [0.0, 14.0, 0.0], [-3.0, 6.0, 0.0], [-12.0, -1.0, 0.0], [-24.0, 5.0, 0.0], [2.0, -31.0, 1.0], [11.0, -2.0, 0.0], [-8.0, 29.0, 1.0], [19.0, -25.0, 0.0], [-4.0, 26.0, 1.0], [-38.578125, -50.296875, 0.0], [10.0, 5.0, 0.0], [10.0, 0.0, 0.0], [-21.0, 12.0, 1.0], [10.0, -12.0, 0.0], [-16.0, 7.0, 1.0], [24.0, -7.0, 0.0], [50.0, -2.0, 1.0]], "gt_class_names": ["chandelier", "table", "plate", "cake", "fork"]}