{"img_id": "sceneid-121-userid-70", "img_w": 1100, "img_h": 770, "object_divisions": [0, 4, 10, 16, 18, 20, 25], "scene_strokes": [[189.421875, 382.703125, 0.0], [97.0, -102.0, 0.0], [-5.0, -4.0, 0.0], [-3.0, -10.0, 0.0], [2.0, -22.0, 0.0], [11.0, -19.0, 0.0], [24.0, -17.0, 1.0], [-30.0, 63.0, 0.0], [34.0, -35.0, 0.0], [5.0, -6.0, 0.0], [-4.0, 0.0, 1.0], [-31.0, 46.0, 0.0], [23.0, -8.0, 0.0], [15.0, -13.0, 0.0], [17.0, -21.0, 1.0], [-60.0, 46.0, 0.0], [17.0, 5.0, 0.0], [25.0, -4.0, 0.0], [28.0, -19.0, 0.0], [17.0, -16.0, 0.0], [-3.0, 0.0, 1.0], [174.421875, -112.296875, 0.0], [1.0, 50.0, 0.0], [11.0, 33.0, 0.0], [5.0, 9.0, 0.0], [13.0, 12.0, 0.0], [22.0, 5.0, 0.0], [23.0, -5.0, 0.0], [10.0, -6.0, 0.0], [25.0, -32.0, 0.0], [5.0, -37.0, 0.0], [-6.0, -31.0, 0.0], [-4.0, -6.0, 0.0], [-3.0, 3.0, 1.0], [-108.0, -2.0, 0.0], [25.0, 20.0, 0.0], [15.0, 2.0, 0.0], [39.0, -10.0, 0.0], [30.0, -20.0, 0.0], [4.0, 1.0, 1.0], [-2.0, 10.0, 0.0], [0.0, -13.0, 1.0], [-3.0, -3.0, 0.0], [-8.0, -7.0, 0.0], [-13.0, -4.0, 0.0], [-43.0, 3.0, 0.0], [-23.0, 11.0, 0.0], [-8.0, 8.0, 0.0], [-2.0, 9.0, 1.0], [48.0, 108.0, 0.0], [5.0, 39.0, 0.0], [4.0, 84.0, 1.0], [-50.0, 11.0, 0.0], [-1.0, 15.0, 0.0], [10.0, 13.0, 0.0], [30.0, 2.0, 0.0], [35.0, -10.0, 0.0], [18.0, -11.0, 0.0], [12.0, -15.0, 0.0], [0.0, -8.0, 0.0], [-16.0, -15.0, 0.0], [-20.0, -2.0, 0.0], [-43.0, 10.0, 0.0], [-28.0, 11.0, 1.0], [301.421875, -175.296875, 0.0], [-56.0, 104.0, 1.0], [60.0, -111.0, 0.0], [119.0, 0.0, 0.0], [17.0, -4.0, 0.0], [-63.0, 85.0, 0.0], [-24.0, 40.0, 1.0], [-104.0, -14.0, 0.0], [110.0, -4.0, 0.0], [-2.0, -2.0, 1.0], [-111.0, 11.0, 0.0], [-4.0, 79.0, 1.0], [114.0, -88.0, 0.0], [-6.0, 78.0, 1.0], [88.0, -183.0, 0.0], [-3.0, 97.0, 1.0], [-139.578125, -45.296875, 0.0], [-5.0, -1.0, 0.0], [-6.0, 4.0, 0.0], [-4.0, 8.0, 0.0], [1.0, 7.0, 0.0], [15.0, 3.0, 0.0], [9.0, -4.0, 0.0], [4.0, -6.0, 0.0], [-1.0, -11.0, 0.0], [-4.0, -5.0, 0.0], [-5.0, -3.0, 0.0], [-9.0, 2.0, 1.0], [3.0, 9.0, 0.0], [-4.0, -22.0, 0.0], [7.0, -10.0, 0.0], [3.0, 3.0, 0.0], [0.0, 12.0, 0.0], [-7.0, 17.0, 1.0], [59.421875, -23.296875, 0.0], [-6.0, 0.0, 0.0], [-8.0, 7.0, 0.0], [-4.0, 14.0, 0.0], [7.0, 7.0, 0.0], [14.0, 3.0, 0.0], [5.0, -1.0, 0.0], [8.0, -11.0, 0.0], [2.0, -19.0, 0.0], [-8.0, -6.0, 0.0], [-11.0, -2.0, 0.0], [-11.0, 4.0, 0.0], [-1.0, 5.0, 1.0], [10.0, 5.0, 0.0], [-4.0, -16.0, 0.0], [9.0, -13.0, 0.0], [6.0, 3.0, 0.0], [2.0, 9.0, 0.0], [-14.0, 17.0, 1.0], [-588.578125, 232.703125, 0.0], [50.0, -63.0, 0.0], [51.0, -56.0, 0.0], [21.0, -20.0, 0.0], [0.0, 4.0, 0.0], [0.0, -3.0, 1.0], [-1.0, -7.0, 0.0], [0.0, -19.0, 0.0], [6.0, -11.0, 0.0], [28.0, -33.0, 0.0], [22.0, -17.0, 0.0], [-1.0, 4.0, 1.0], [-48.0, 76.0, 0.0], [18.0, -7.0, 0.0], [50.0, -33.0, 1.0], [-69.0, 45.0, 0.0], [17.0, 0.0, 0.0], [40.0, -10.0, 0.0], [36.0, -17.0, 0.0], [5.0, -3.0, 0.0], [-3.0, -2.0, 1.0], [-99.0, 31.0, 0.0], [24.0, 21.0, 0.0], [27.0, 5.0, 0.0], [45.0, -8.0, 0.0], [11.0, -8.0, 1.0]], "gt_class_names": ["fork", "wine glass", "table", "candle", "candle", "fork"]}