{"img_id": "sceneid-35-userid-14", "img_w": 1100, "img_h": 770, "object_divisions": [0, 5, 16, 25, 27, 28, 32], "scene_strokes": [[360.421875, 210.703125, 0.0], [4.0, 156.0, 1.0], [4.0, -3.0, 0.0], [19.0, 1.0, 0.0], [73.0, -12.0, 0.0], [10.0, 1.0, 1.0], [-1.0, -4.0, 0.0], [5.0, 79.0, 0.0], [-1.0, 28.0, 1.0], [-112.0, -91.0, 0.0], [6.0, 57.0, 0.0], [0.0, 52.0, 0.0], [4.0, 15.0, 1.0], [-16.0, -69.0, 0.0], [1.0, 3.0, 0.0], [10.0, 1.0, 0.0], [86.0, -14.0, 0.0], [14.0, -1.0, 0.0], [7.0, 3.0, 1.0], [-49.578125, -254.296875, 0.0], [-15.0, 2.0, 0.0], [-8.0, 7.0, 0.0], [-6.0, 12.0, 0.0], [-2.0, 18.0, 0.0], [4.0, 8.0, 0.0], [8.0, 6.0, 0.0], [11.0, 2.0, 0.0], [12.0, -4.0, 0.0], [8.0, -10.0, 0.0], [2.0, -10.0, 0.0], [0.0, -12.0, 0.0], [-6.0, -7.0, 0.0], [-4.0, 0.0, 1.0], [-12.0, 41.0, 0.0], [7.0, 117.0, 0.0], [3.0, 11.0, 0.0], [4.0, -2.0, 1.0], [-6.0, -1.0, 0.0], [56.0, -9.0, 0.0], [15.0, -1.0, 0.0], [12.0, 3.0, 0.0], [-4.0, 30.0, 0.0], [0.0, 47.0, 0.0], [2.0, 42.0, 0.0], [1.0, 9.0, 0.0], [2.0, 1.0, 0.0], [0.0, -3.0, 1.0], [-100.0, -279.0, 0.0], [3.0, 0.0, 1.0], [-9.0, -19.0, 0.0], [-4.0, -4.0, 0.0], [2.0, -1.0, 1.0], [13.0, 2.0, 0.0], [2.0, -5.0, 1.0], [10.0, 6.0, 0.0], [3.0, -6.0, 1.0], [6.0, 8.0, 0.0], [3.0, -3.0, 1.0], [-32.0, 41.0, 0.0], [15.0, 4.0, 0.0], [11.0, -6.0, 1.0], [-16.0, 42.0, 0.0], [24.0, 8.0, 0.0], [44.0, 26.0, 0.0], [48.0, 18.0, 0.0], [3.0, 0.0, 0.0], [-1.0, -2.0, 1.0], [-111.0, -62.0, 0.0], [72.0, 19.0, 0.0], [53.0, 30.0, 1.0], [-42.578125, -54.296875, 0.0], [26.0, 38.0, 0.0], [22.0, 46.0, 0.0], [6.0, 8.0, 0.0], [2.0, -1.0, 1.0], [0.0, -5.0, 0.0], [-6.0, 0.0, 0.0], [-8.0, 9.0, 0.0], [-4.0, 9.0, 0.0], [0.0, 10.0, 0.0], [32.0, 90.0, 0.0], [22.0, 44.0, 0.0], [8.0, 12.0, 0.0], [-1.0, -7.0, 1.0], [0.0, -2.0, 0.0], [4.0, 12.0, 0.0], [10.0, 5.0, 0.0], [19.0, 2.0, 0.0], [12.0, -7.0, 0.0], [6.0, -8.0, 0.0], [2.0, -15.0, 0.0], [-4.0, -12.0, 0.0], [-8.0, -10.0, 1.0], [-27.0, -21.0, 0.0], [-5.0, -1.0, 0.0], [-3.0, 4.0, 0.0], [1.0, 8.0, 0.0], [5.0, 3.0, 0.0], [5.0, -2.0, 0.0], [-2.0, -16.0, 1.0], [-115.0, -201.0, 0.0], [2.0, -8.0, 0.0], [4.0, -1.0, 0.0], [6.0, 2.0, 0.0], [7.0, 8.0, 0.0], [50.0, 99.0, 1.0], [-58.0, -94.0, 0.0], [31.0, 57.0, 0.0], [19.0, 47.0, 0.0], [22.0, 36.0, 0.0], [15.0, 36.0, 0.0], [18.0, 33.0, 1.0], [-92.0, -204.0, 0.0], [9.0, 25.0, 0.0], [48.0, 98.0, 0.0], [41.0, 65.0, 1.0], [-41.0, -105.0, 0.0], [41.0, 110.0, 1.0], [19.0, 72.0, 0.0], [6.0, 10.0, 1.0], [-120.578125, -209.296875, 0.0], [24.0, -37.0, 0.0], [28.0, -66.0, 0.0], [14.0, -16.0, 0.0], [-8.0, 26.0, 0.0], [-20.0, 40.0, 0.0], [-11.0, 38.0, 0.0], [-16.0, 34.0, 0.0], [-5.0, 3.0, 0.0], [0.0, -6.0, 1.0], [-4.0, -6.0, 0.0], [-6.0, 0.0, 0.0], [0.0, -14.0, 0.0], [9.0, -6.0, 1.0], [201.421875, 209.703125, 0.0], [-2.0, -29.0, 0.0], [7.0, -134.0, 0.0], [-5.0, -71.0, 0.0], [-8.0, -60.0, 0.0], [-2.0, -1.0, 0.0], [-18.0, 21.0, 0.0], [-43.0, 65.0, 1.0], [3.421875, 1.703125, 0.0], [-5.0, 15.0, 1.0], [-12.0, -6.0, 0.0], [12.0, -10.0, 0.0], [7.0, 0.0, 0.0], [2.0, 5.0, 0.0], [0.0, 12.0, 0.0], [-3.0, 5.0, 0.0], [-18.0, 14.0, 1.0], [-2.0, -13.0, 0.0], [1.0, 0.0, 1.0], [14.0, -7.0, 0.0], [1.0, 1.0, 1.0]], "gt_class_names": ["chair", "yoga", "cello", "stick", "stand", "microphone"]}