{"img_id": "sceneid-154-userid-71", "img_w": 1100, "img_h": 770, "object_divisions": [0, 10, 26, 30, 36], "scene_strokes": [[262.0, 425.703125, 0.0], [33.0, 22.0, 0.0], [87.0, 33.0, 0.0], [110.0, 19.0, 0.0], [93.0, 5.0, 0.0], [105.0, -2.0, 0.0], [65.0, -8.0, 0.0], [25.0, -9.0, 1.0], [-527.0, -61.0, 0.0], [30.0, -10.0, 0.0], [47.0, -9.0, 0.0], [171.0, 0.0, 0.0], [87.0, 5.0, 0.0], [57.0, 9.0, 0.0], [53.0, 16.0, 0.0], [56.0, 26.0, 0.0], [25.0, 16.0, 0.0], [9.0, 7.0, 0.0], [-3.0, 0.0, 1.0], [-243.0, -74.0, 0.0], [-9.0, 4.0, 0.0], [-26.0, 22.0, 0.0], [-45.0, 51.0, 0.0], [-1.0, 5.0, 1.0], [114.0, -77.0, 0.0], [-54.0, 40.0, 0.0], [-36.0, 38.0, 1.0], [-227.0, -65.0, 0.0], [11.0, 61.0, 0.0], [11.0, 23.0, 0.0], [15.0, 22.0, 0.0], [6.0, 7.0, 0.0], [1.0, -2.0, 1.0], [-2.0, 2.0, 0.0], [24.0, 11.0, 0.0], [18.0, 4.0, 0.0], [120.0, 12.0, 0.0], [72.0, 13.0, 0.0], [138.0, -4.0, 1.0], [-1.0, 3.0, 0.0], [27.0, -17.0, 0.0], [23.0, -21.0, 0.0], [54.0, -60.0, 1.0], [-442.0, -18.0, 0.0], [60.0, -14.0, 1.0], [70.0, 3.0, 0.0], [29.0, 1.0, 1.0], [38.0, 2.0, 0.0], [34.0, 2.0, 0.0], [40.0, 8.0, 0.0], [103.0, 37.0, 0.0], [10.0, 7.0, 1.0], [-304.0, -187.296875, 0.0], [-5.0, -1.0, 0.0], [-7.0, 4.0, 0.0], [-7.0, 14.0, 0.0], [4.0, 16.0, 0.0], [15.0, 11.0, 0.0], [12.0, 1.0, 0.0], [12.0, -6.0, 0.0], [11.0, -17.0, 0.0], [1.0, -15.0, 0.0], [-3.0, -7.0, 0.0], [-14.0, -8.0, 0.0], [-17.0, -1.0, 0.0], [-9.0, 7.0, 1.0], [25.0, 1.0, 0.0], [-17.0, 5.0, 0.0], [-10.0, 8.0, 0.0], [-1.0, 7.0, 0.0], [19.0, -6.0, 0.0], [13.0, -9.0, 0.0], [1.0, -2.0, 0.0], [-4.0, 0.0, 0.0], [-25.0, 8.0, 0.0], [-10.0, 8.0, 0.0], [14.0, -2.0, 0.0], [8.0, -6.0, 0.0], [4.0, -8.0, 0.0], [-10.0, 1.0, 0.0], [-16.0, 10.0, 0.0], [-5.0, 7.0, 0.0], [12.0, 0.0, 0.0], [17.0, -7.0, 0.0], [9.0, -6.0, 0.0], [-1.0, -3.0, 0.0], [-6.0, 0.0, 0.0], [-15.0, 5.0, 0.0], [-11.0, 9.0, 0.0], [10.0, 3.0, 0.0], [19.0, -7.0, 0.0], [3.0, -4.0, 0.0], [-10.0, -3.0, 0.0], [-13.0, 8.0, 0.0], [-2.0, 6.0, 0.0], [13.0, -2.0, 0.0], [7.0, -6.0, 0.0], [2.0, -8.0, 0.0], [-6.0, -4.0, 0.0], [-5.0, 1.0, 0.0], [-9.0, 8.0, 0.0], [0.0, 7.0, 0.0], [4.0, 3.0, 0.0], [4.0, 1.0, 0.0], [11.0, -6.0, 0.0], [-3.0, -7.0, 0.0], [-11.0, 0.0, 0.0], [-5.0, 6.0, 0.0], [3.0, 3.0, 0.0], [10.0, -1.0, 0.0], [12.0, -8.0, 0.0], [-1.0, -4.0, 0.0], [-13.0, 1.0, 0.0], [-7.0, 4.0, 0.0], [-1.0, 6.0, 0.0], [9.0, 0.0, 0.0], [10.0, -5.0, 0.0], [0.0, -4.0, 0.0], [-7.0, -4.0, 0.0], [0.0, 5.0, 0.0], [5.0, 4.0, 0.0], [10.0, -1.0, 0.0], [2.0, -3.0, 0.0], [-4.0, -4.0, 0.0], [-9.0, -2.0, 0.0], [-13.0, 4.0, 0.0], [-4.0, 7.0, 0.0], [6.0, 4.0, 0.0], [8.0, 0.0, 0.0], [16.0, -9.0, 0.0], [-4.0, -8.0, 0.0], [-12.0, 1.0, 0.0], [1.0, 8.0, 0.0], [9.0, 0.0, 0.0], [6.0, -5.0, 0.0], [-9.0, -4.0, 0.0], [-8.0, 1.0, 0.0], [-2.0, 3.0, 0.0], [4.0, 3.0, 0.0], [10.0, 0.0, 0.0], [10.0, -6.0, 0.0], [-2.0, -4.0, 0.0], [-6.0, -1.0, 0.0], [5.0, 0.0, 0.0], [-6.0, -2.0, 0.0], [-10.0, 0.0, 0.0], [-3.0, 1.0, 0.0], [2.0, 2.0, 0.0], [8.0, 1.0, 0.0], [5.0, -4.0, 0.0], [-14.0, -3.0, 0.0], [-20.0, 7.0, 0.0], [6.0, 2.0, 0.0], [11.0, -5.0, 0.0], [-7.0, -1.0, 0.0], [-11.0, 5.0, 0.0], [-5.0, 8.0, 0.0], [3.0, 5.0, 0.0], [18.0, 2.0, 0.0], [16.0, -8.0, 0.0], [6.0, -5.0, 0.0], [0.0, -5.0, 0.0], [-5.0, -2.0, 0.0], [-13.0, 3.0, 0.0], [-13.0, 9.0, 0.0], [0.0, 8.0, 0.0], [9.0, 1.0, 0.0], [9.0, -6.0, 0.0], [3.0, -7.0, 0.0], [-3.0, -6.0, 0.0], [-4.0, 0.0, 0.0], [-6.0, 4.0, 0.0], [0.0, 6.0, 0.0], [9.0, 3.0, 0.0], [11.0, -6.0, 0.0], [-4.0, -10.0, 0.0], [-10.0, 0.0, 0.0], [-6.0, 5.0, 0.0], [2.0, 6.0, 0.0], [13.0, 2.0, 0.0], [7.0, -3.0, 0.0], [-4.0, -7.0, 0.0], [-8.0, -2.0, 0.0], [-6.0, 3.0, 1.0], [-20.0, 36.0, 0.0], [15.0, -2.0, 0.0], [10.0, -7.0, 0.0], [1.0, -3.0, 0.0], [-4.0, -2.0, 0.0], [-6.0, 3.0, 0.0], [-5.0, 8.0, 1.0], [20.0, 18.0, 0.0], [4.0, 9.0, 0.0], [12.0, 3.0, 0.0], [7.0, 10.0, 0.0], [4.0, 1.0, 0.0], [47.0, -31.0, 1.0], [-96.0, 9.0, 0.0], [-11.0, 10.0, 0.0], [-2.0, 6.0, 0.0], [-1.0, 43.0, 1.0], [-2.0, 0.0, 0.0], [-5.0, 9.0, 0.0], [4.0, 12.0, 0.0], [12.0, 8.0, 0.0], [9.0, 2.0, 1.0], [7.0, -2.0, 0.0], [6.0, -2.0, 1.0], [-33.0, -1.0, 0.0], [25.0, -4.0, 0.0], [13.0, 7.0, 0.0], [-32.0, 27.0, 1.0], [-3.0, -36.0, 0.0], [-4.0, 6.0, 0.0], [3.0, 9.0, 0.0], [30.0, -3.0, 1.0], [-4.0, 0.0, 0.0], [13.0, 0.0, 1.0], [-1.0, 2.0, 0.0], [5.0, -1.0, 1.0], [2.0, -48.0, 0.0], [3.0, 3.0, 0.0], [7.0, 0.0, 0.0], [13.0, -7.0, 0.0], [17.0, -20.0, 0.0], [-2.0, -5.0, 0.0], [-5.0, 0.0, 1.0], [-32.0, 34.0, 0.0], [1.0, 22.0, 1.0], [3.0, -7.0, 0.0], [9.0, 0.0, 0.0], [5.0, 5.0, 1.0], [-1.0, 2.0, 0.0], [-2.0, 11.0, 1.0], [-23.0, 17.0, 0.0], [3.0, 1.0, 1.0], [30.0, -82.296875, 0.0], [13.0, -8.0, 0.0], [-7.0, 5.0, 0.0], [1.0, 3.0, 0.0], [4.0, 0.0, 0.0], [5.0, -7.0, 0.0], [-4.0, 0.0, 0.0], [-5.0, 6.0, 0.0], [2.0, 1.0, 1.0], [2.0, -3.0, 0.0], [28.0, -20.0, 0.0], [90.0, -51.0, 1.0], [-122.0, 77.0, 0.0], [92.0, -59.0, 0.0], [34.0, -18.0, 1.0], [3.0, 0.0, 0.0], [7.0, 16.0, 0.0], [-6.0, 65.0, 1.0], [13.0, -5.296875, 0.0], [12.0, 5.0, 0.0], [2.0, 6.0, 0.0], [-7.0, 6.0, 0.0], [-12.0, 2.0, 1.0], [-30.0, -16.0, 0.0], [-9.0, 2.0, 0.0], [-4.0, 4.0, 0.0], [0.0, 5.0, 0.0], [7.0, 6.0, 0.0], [10.0, 2.0, 1.0], [56.0, -32.0, 0.0], [27.0, 6.0, 0.0], [16.0, 9.0, 0.0], [8.0, 11.0, 0.0], [-5.0, 11.0, 1.0], [-143.0, -35.0, 0.0], [-6.0, 6.0, 0.0], [-2.0, 8.0, 0.0], [5.0, 14.0, 1.0], [263.0, -39.0, 0.0], [79.0, 7.0, 0.0], [66.0, 18.0, 0.0], [24.0, 12.0, 0.0], [28.0, 20.0, 0.0], [30.0, 33.0, 0.0], [17.0, 25.0, 1.0], [-791.0, -143.0, 0.0], [-32.0, 14.0, 0.0], [-25.0, 19.0, 0.0], [-19.0, 19.0, 0.0], [-33.0, 49.0, 0.0], [-78.0, 56.0, 0.0], [-20.0, 38.0, 1.0]], "gt_class_names": ["canoe", "yoga", "fishing net", "ocean"]}