{"img_id": "sceneid-131-userid-57", "img_w": 1100, "img_h": 770, "object_divisions": [0, 11, 18, 29, 40, 49, 59], "scene_strokes": [[13.0, 21.703125, 0.0], [25.0, 33.0, 0.0], [44.0, 45.0, 0.0], [105.0, 84.0, 0.0], [69.0, 59.0, 0.0], [18.0, 19.0, 1.0], [35.0, -8.0, 0.0], [175.0, -5.0, 0.0], [129.0, -9.0, 0.0], [43.0, 0.0, 0.0], [84.0, 9.0, 0.0], [34.0, 0.0, 1.0], [-1.0, -2.0, 0.0], [29.0, -16.0, 0.0], [28.0, -23.0, 0.0], [89.0, -59.0, 0.0], [77.0, -58.0, 0.0], [85.0, -56.0, 0.0], [17.0, -6.0, 1.0], [-814.0, 229.0, 0.0], [-2.0, 56.0, 0.0], [4.0, 65.0, 0.0], [-2.0, 58.0, 0.0], [-8.0, 51.0, 0.0], [3.0, 61.0, 1.0], [-8.0, 13.0, 0.0], [-158.0, 114.0, 0.0], [-63.0, 53.0, 1.0], [720.0, -496.0, 0.0], [2.0, 34.0, 0.0], [-9.0, 90.0, 0.0], [-14.0, 97.0, 0.0], [-13.0, 154.0, 1.0], [-438.0, -57.0, 0.0], [30.0, 2.0, 1.0], [134.0, 11.0, 0.0], [170.0, 23.0, 0.0], [72.0, 4.0, 0.0], [44.0, -3.0, 1.0], [-1.0, 8.0, 0.0], [12.0, 10.0, 0.0], [64.0, 38.0, 0.0], [54.0, 29.0, 0.0], [183.0, 78.0, 0.0], [52.0, 27.0, 1.0], [-770.0, -236.0, 0.0], [-3.0, 1.0, 1.0], [13.0, 13.0, 0.0], [134.0, 6.0, 1.0], [-75.0, -220.296875, 0.0], [-3.0, 23.0, 0.0], [4.0, 58.0, 1.0], [-10.0, -94.0, 0.0], [107.0, -1.0, 0.0], [36.0, 3.0, 1.0], [13.0, -1.0, 0.0], [-4.0, 56.0, 0.0], [3.0, 39.0, 1.0], [-165.0, 1.0, 0.0], [100.0, 3.0, 0.0], [75.0, -6.0, 1.0], [-95.0, -94.0, 0.0], [7.0, 47.0, 0.0], [4.0, 72.0, 1.0], [-74.0, -90.0, 0.0], [149.0, 12.0, 1.0], [-159.0, 19.0, 0.0], [143.0, 6.0, 1.0], [135.0, -122.296875, 0.0], [-2.0, -3.0, 0.0], [-26.0, 0.0, 0.0], [-33.0, 20.0, 0.0], [-10.0, 19.0, 0.0], [6.0, 28.0, 0.0], [13.0, 13.0, 0.0], [24.0, 11.0, 0.0], [37.0, 5.0, 0.0], [27.0, -6.0, 1.0], [24.0, -31.0, 0.0], [0.0, -14.0, 0.0], [-6.0, -16.0, 1.0], [-10.0, -13.0, 0.0], [-15.0, -12.0, 0.0], [-19.0, -4.0, 0.0], [-16.0, 3.0, 1.0], [68.0, 48.0, 0.0], [-1.0, 1.0, 1.0], [-7.0, 16.0, 0.0], [-8.0, 10.0, 0.0], [-11.0, 5.0, 1.0], [7.0, -69.0, 0.0], [6.0, 18.0, 1.0], [-59.0, 2.0, 0.0], [1.0, -13.0, 1.0], [0.0, -7.0, 0.0], [0.0, -4.0, 0.0], [-4.0, -1.0, 1.0], [-6.0, 6.0, 0.0], [1.0, 1.0, 1.0], [10.0, -10.0, 0.0], [4.0, 6.0, 1.0], [-1.0, 29.0, 0.0], [19.0, 13.0, 0.0], [15.0, 22.0, 0.0], [-3.0, -15.0, 0.0], [5.0, 14.0, 0.0], [-15.0, -1.0, 1.0], [-327.0, 156.703125, 0.0], [13.0, 73.0, 1.0], [-18.0, -84.0, 0.0], [12.0, -6.0, 0.0], [10.0, 2.0, 0.0], [21.0, 21.0, 0.0], [-3.0, 4.0, 1.0], [-3.0, -3.0, 0.0], [-2.0, 39.0, 0.0], [4.0, 25.0, 1.0], [-6.0, -50.0, 0.0], [15.0, -2.0, 0.0], [14.0, 4.0, 0.0], [71.0, -1.0, 0.0], [17.0, 7.0, 0.0], [15.0, 1.0, 0.0], [47.0, -2.0, 0.0], [-4.0, 39.0, 0.0], [-6.0, 19.0, 1.0], [-171.0, -64.0, 0.0], [3.0, 28.0, 0.0], [10.0, 24.0, 1.0], [163.0, -47.0, 0.0], [-2.0, -22.0, 0.0], [7.0, -15.0, 0.0], [16.0, -3.0, 0.0], [10.0, 12.0, 0.0], [1.0, 29.0, 0.0], [-14.0, 60.0, 1.0], [-192.0, -78.0, 0.0], [-1.0, -7.0, 0.0], [7.0, -30.0, 0.0], [8.0, -12.0, 0.0], [13.0, -8.0, 0.0], [33.0, -6.0, 0.0], [108.0, 5.0, 0.0], [5.0, 3.0, 0.0], [3.0, 7.0, 0.0], [-2.0, 27.0, 0.0], [4.0, 24.0, 0.0], [-4.0, 25.0, 1.0], [-160.0, -62.0, 0.0], [23.0, 6.0, 0.0], [37.0, 4.0, 0.0], [70.0, 5.0, 0.0], [24.0, -2.0, 1.0], [-115.0, -25.0, 0.0], [-1.0, 35.0, 0.0], [3.0, 6.0, 1.0], [37.0, -36.0, 0.0], [1.0, 42.0, 1.0], [41.0, -47.0, 0.0], [-2.0, 40.0, 1.0], [250.0, 134.703125, 0.0], [18.0, -3.0, 0.0], [12.0, 9.0, 0.0], [0.0, 4.0, 0.0], [-7.0, 4.0, 0.0], [-22.0, -3.0, 1.0], [-9.0, -4.0, 0.0], [-5.0, -4.0, 0.0], [2.0, -5.0, 1.0], [-1.0, 3.0, 0.0], [-4.0, -3.0, 0.0], [-2.0, 4.0, 0.0], [-3.0, 23.0, 1.0], [48.0, -21.0, 0.0], [2.0, 18.0, 0.0], [-3.0, 8.0, 1.0], [-51.0, -6.0, 0.0], [24.0, 7.0, 0.0], [19.0, 1.0, 0.0], [14.0, -3.0, 1.0], [-36.0, -18.0, 0.0], [-9.0, -2.0, 0.0], [-4.0, 7.0, 0.0], [2.0, 9.0, 0.0], [11.0, 5.0, 1.0], [7.0, -5.0, 0.0], [5.0, -5.0, 0.0], [-3.0, -4.0, 0.0], [-4.0, 8.0, 0.0], [2.0, 3.0, 0.0], [6.0, 0.0, 0.0], [2.0, -6.0, 0.0], [7.0, 10.0, 1.0], [4.0, -14.0, 0.0], [1.0, 9.0, 1.0], [-6.0, -7.0, 0.0], [10.0, -1.0, 1.0], [-273.0, -141.296875, 0.0], [2.0, -4.0, 1.0], [-4.0, -4.0, 0.0], [-9.0, 2.0, 0.0], [-5.0, 6.0, 0.0], [1.0, 4.0, 0.0], [10.0, 7.0, 0.0], [19.0, 3.0, 0.0], [0.0, -10.0, 0.0], [-6.0, -8.0, 0.0], [-12.0, -5.0, 0.0], [-8.0, 2.0, 1.0], [21.0, -6.0, 0.0], [-3.0, 2.0, 0.0], [-1.0, -3.0, 0.0], [9.0, -6.0, 0.0], [8.0, 1.0, 0.0], [3.0, 12.0, 0.0], [-4.0, 4.0, 0.0], [-4.0, 0.0, 0.0], [-6.0, -8.0, 1.0], [-25.0, 4.0, 0.0], [-8.0, -12.0, 0.0], [-9.0, -4.0, 0.0], [-7.0, 1.0, 0.0], [3.0, 10.0, 0.0], [10.0, 5.0, 0.0], [7.0, 8.0, 1.0], [10.0, 3.0, 0.0], [-4.0, 4.0, 0.0], [1.0, 5.0, 0.0], [7.0, 1.0, 0.0], [-2.0, -7.0, 1.0], [-5.0, -2.0, 0.0], [-5.0, 3.0, 0.0], [1.0, 5.0, 0.0], [3.0, 1.0, 0.0], [2.0, -3.0, 0.0], [-2.0, -7.0, 1.0], [8.0, 8.0, 0.0], [0.0, 6.0, 0.0], [9.0, -2.0, 0.0], [2.0, -3.0, 0.0], [-4.0, 0.0, 1.0], [12.0, 3.0, 0.0], [-5.0, 3.0, 0.0], [1.0, 2.0, 0.0], [3.0, -8.0, 0.0], [-7.0, 0.0, 1.0], [3.0, -33.0, 0.0], [-5.0, -11.0, 0.0], [8.0, 0.0, 0.0], [2.0, 14.0, 1.0], [8.0, -5.0, 0.0], [6.0, -5.0, 0.0], [5.0, 1.0, 0.0], [-3.0, 10.0, 0.0], [-7.0, 5.0, 1.0]], "gt_class_names": ["room", "window", "clock", "couch", "container", "cat"]}