{"img_id": "sceneid-123-userid-68", "img_w": 1100, "img_h": 770, "object_divisions": [0, 5, 6, 7, 9, 12, 17], "scene_strokes": [[432.421875, 167.703125, 0.0], [-14.0, -6.0, 0.0], [-10.0, 5.0, 0.0], [-4.0, 8.0, 0.0], [1.0, 18.0, 0.0], [10.0, 10.0, 0.0], [13.0, 3.0, 0.0], [17.0, -1.0, 0.0], [15.0, -9.0, 0.0], [2.0, -9.0, 0.0], [-6.0, -19.0, 0.0], [-11.0, -8.0, 0.0], [-12.0, -1.0, 0.0], [-4.0, 3.0, 1.0], [4.0, 46.0, 0.0], [-3.0, -3.0, 0.0], [-2.0, 6.0, 0.0], [-2.0, 27.0, 0.0], [-11.0, 44.0, 0.0], [0.0, 47.0, 0.0], [-2.0, -1.0, 0.0], [-10.0, 13.0, 0.0], [-18.0, 32.0, 0.0], [29.0, -51.0, 0.0], [16.0, 35.0, 0.0], [12.0, 14.0, 0.0], [0.0, -3.0, 1.0], [-56.0, -114.0, 0.0], [12.0, -8.0, 0.0], [27.0, -10.0, 0.0], [37.0, 3.0, 0.0], [22.0, 6.0, 0.0], [6.0, 7.0, 1.0], [-75.0, -98.0, 0.0], [-9.0, 4.0, 0.0], [-8.0, 21.0, 0.0], [2.0, 47.0, 0.0], [-6.0, 35.0, 1.0], [14.0, -93.0, 0.0], [21.0, -14.0, 0.0], [8.0, -1.0, 0.0], [20.0, 14.0, 0.0], [26.0, 10.0, 0.0], [3.0, 24.0, 0.0], [-7.0, 38.0, 0.0], [5.0, 13.0, 0.0], [8.0, -3.0, 0.0], [0.0, 14.0, 0.0], [-4.0, 9.0, 1.0], [-1.578125, 8.703125, 0.0], [-2.0, -3.0, 0.0], [19.0, -21.0, 0.0], [-1.0, -4.0, 0.0], [12.0, -11.0, 0.0], [0.0, -6.0, 0.0], [6.0, -8.0, 0.0], [12.0, -4.0, 0.0], [10.0, 8.0, 0.0], [0.0, 10.0, 0.0], [-13.0, 3.0, 0.0], [-16.0, -5.0, 0.0], [-3.0, 3.0, 0.0], [4.0, -4.0, 0.0], [5.0, 0.0, 0.0], [-20.0, 27.0, 0.0], [-13.0, 11.0, 0.0], [2.0, -3.0, 0.0], [-4.0, -1.0, 0.0], [-8.0, 8.0, 0.0], [-2.0, 11.0, 0.0], [10.0, 13.0, 0.0], [20.0, -9.0, 0.0], [-4.0, -14.0, 0.0], [-12.0, -6.0, 0.0], [-12.0, 3.0, 1.0], [-450.578125, 135.703125, 0.0], [11.0, 1.0, 0.0], [33.0, -12.0, 0.0], [75.0, -19.0, 0.0], [65.0, -10.0, 0.0], [98.0, -9.0, 0.0], [109.0, -1.0, 0.0], [20.0, 3.0, 0.0], [149.0, 2.0, 0.0], [154.0, 18.0, 0.0], [32.0, -1.0, 0.0], [29.0, 6.0, 0.0], [50.0, 4.0, 1.0], [-221.578125, -73.296875, 0.0], [-9.0, 14.0, 0.0], [-10.0, 35.0, 0.0], [4.0, -20.0, 0.0], [17.0, -33.0, 0.0], [9.0, -9.0, 0.0], [5.0, -1.0, 0.0], [13.0, 11.0, 0.0], [2.0, 14.0, 0.0], [-4.0, 12.0, 0.0], [-8.0, 15.0, 0.0], [-7.0, 6.0, 0.0], [-21.0, 9.0, 0.0], [-12.0, -2.0, 0.0], [3.0, -4.0, 1.0], [26.0, -42.0, 0.0], [-6.0, -6.0, 0.0], [-26.0, 25.0, 0.0], [-6.0, 12.0, 0.0], [1.0, 9.0, 0.0], [24.0, 0.0, 1.0], [-76.578125, -46.296875, 0.0], [-2.0, 4.0, 0.0], [4.0, 5.0, 0.0], [16.0, -3.0, 0.0], [-5.0, -8.0, 0.0], [-10.0, 3.0, 0.0], [-6.0, 7.0, 1.0], [-1.0, 1.0, 0.0], [-3.0, 13.0, 0.0], [-4.0, 2.0, 0.0], [-2.0, 18.0, 0.0], [1.0, 13.0, 0.0], [3.0, 1.0, 0.0], [2.0, -3.0, 1.0], [27.0, -46.0, 0.0], [-3.0, -2.0, 0.0], [1.0, 17.0, 0.0], [-6.0, 38.0, 0.0], [-19.0, -1.0, 0.0], [-1.0, -3.0, 1.0], [-56.578125, -6.296875, 0.0], [19.0, -33.0, 0.0], [2.0, 3.0, 0.0], [14.0, 1.0, 0.0], [8.0, 4.0, 0.0], [-34.0, 40.0, 0.0], [-11.0, -13.0, 0.0], [2.0, -1.0, 1.0], [7.0, -4.0, 0.0], [1.0, 2.0, 1.0], [11.0, -3.0, 0.0], [2.0, 1.0, 1.0], [-11.0, -5.0, 0.0], [4.0, 0.0, 1.0], [-3.0, 18.0, 0.0], [5.0, -1.0, 1.0]], "gt_class_names": ["yoga", "dumbbell", "floor", "backpack", "wine bottle", "cell phone"]}