{"img_id": "sceneid-67-userid-29", "img_w": 1100, "img_h": 770, "object_divisions": [0, 6, 8, 9, 15, 18], "scene_strokes": [[-2.578125, 282.703125, 0.0], [57.0, -2.0, 0.0], [132.0, -12.0, 0.0], [152.0, -20.0, 0.0], [312.0, -9.0, 0.0], [161.0, -10.0, 0.0], [13.0, 2.0, 0.0], [-2.0, 5.0, 0.0], [5.0, 27.0, 0.0], [5.0, 119.0, 1.0], [-836.0, 34.0, 0.0], [52.0, 0.0, 0.0], [109.0, -9.0, 0.0], [94.0, -10.0, 0.0], [108.0, -16.0, 0.0], [255.0, -18.0, 0.0], [132.0, -5.0, 0.0], [92.0, 9.0, 1.0], [-15.0, -141.0, 0.0], [58.0, -41.0, 1.0], [-876.0, 15.0, 0.0], [44.0, -1.0, 0.0], [207.0, -24.0, 0.0], [199.0, -4.0, 0.0], [137.0, -7.0, 0.0], [175.0, -3.0, 0.0], [108.0, 9.0, 0.0], [10.0, 2.0, 0.0], [-1.0, 4.0, 1.0], [7.0, 3.0, 0.0], [6.0, 96.0, 1.0], [0.0, 2.0, 0.0], [-46.0, 52.0, 0.0], [-22.0, 35.0, 1.0], [-601.578125, -129.296875, 0.0], [8.0, -18.0, 0.0], [11.0, -12.0, 0.0], [30.0, -17.0, 0.0], [7.0, -1.0, 0.0], [2.0, 4.0, 0.0], [-3.0, 13.0, 0.0], [-7.0, 11.0, 0.0], [-16.0, 16.0, 0.0], [-33.0, 21.0, 0.0], [-5.0, -2.0, 0.0], [0.0, -8.0, 0.0], [6.0, -18.0, 1.0], [9.0, 11.0, 0.0], [17.0, -18.0, 0.0], [18.0, -12.0, 1.0], [32.421875, 4.703125, 0.0], [-2.0, -7.0, 0.0], [4.0, -4.0, 0.0], [9.0, 1.0, 0.0], [2.0, 6.0, 0.0], [-8.0, 5.0, 0.0], [-12.0, 27.0, 0.0], [-3.0, 0.0, 0.0], [0.0, -5.0, 0.0], [11.0, -24.0, 1.0], [584.421875, -31.296875, 0.0], [10.0, -103.0, 0.0], [-1.0, -21.0, 0.0], [35.0, -15.0, 0.0], [82.0, -20.0, 0.0], [23.0, 75.0, 0.0], [17.0, 91.0, 0.0], [4.0, 34.0, 0.0], [-3.0, 54.0, 0.0], [1.0, 70.0, 0.0], [-62.0, 9.0, 0.0], [-124.0, 30.0, 0.0], [16.0, -146.0, 0.0], [-5.0, -76.0, 0.0], [0.0, -89.0, 0.0], [4.0, -28.0, 0.0], [20.0, -19.0, 0.0], [21.0, -14.0, 1.0], [83.0, 10.0, 0.0], [19.0, -16.0, 1.0], [-97.0, 7.0, 0.0], [31.0, -8.0, 0.0], [69.0, -4.0, 0.0], [15.0, 31.0, 0.0], [12.0, 32.0, 0.0], [15.0, 77.0, 0.0], [11.0, 100.0, 0.0], [0.0, 21.0, 0.0], [-27.0, 54.0, 1.0], [-172.0, -91.0, 0.0], [129.0, -27.0, 0.0], [22.0, -2.0, 0.0], [15.0, -4.0, 0.0], [-1.0, -2.0, 1.0], [2.0, -4.0, 0.0], [21.0, -23.0, 1.0], [-67.0, -42.0, 0.0], [4.0, 32.0, 0.0], [2.0, -9.0, 0.0], [-5.0, -29.0, 0.0], [-3.0, -3.0, 0.0], [1.0, 6.0, 1.0], [-621.578125, 102.703125, 0.0], [-1.0, -5.0, 0.0], [8.0, -10.0, 0.0], [41.0, -9.0, 0.0], [20.0, -1.0, 0.0], [22.0, 4.0, 0.0], [11.0, 11.0, 0.0], [0.0, 6.0, 0.0], [-12.0, 8.0, 0.0], [-47.0, 9.0, 0.0], [-32.0, -3.0, 0.0], [-13.0, -8.0, 0.0], [0.0, -10.0, 1.0], [49.0, -32.0, 0.0], [0.0, -37.0, 0.0], [4.0, -4.0, 0.0], [5.0, 0.0, 0.0], [9.0, 9.0, 0.0], [5.0, 26.0, 0.0], [-3.0, 4.0, 0.0], [-3.0, -1.0, 0.0], [-4.0, -17.0, 0.0], [-4.0, -6.0, 0.0], [-2.0, 1.0, 0.0], [-1.0, 40.0, 1.0], [-9.0, -21.0, 0.0], [4.0, 21.0, 1.0]], "gt_class_names": ["counter", "bread", "spoon", "cooler", "sink"]}