{"img_id": "sceneid-138-userid-57", "img_w": 1100, "img_h": 770, "object_divisions": [0, 7, 16, 23], "scene_strokes": [[871.0, 447.703125, 0.0], [52.0, 0.0, 0.0], [27.0, 9.0, 0.0], [5.0, 9.0, 0.0], [-10.0, 4.0, 0.0], [-50.0, 0.0, 0.0], [-41.0, -11.0, 0.0], [-5.0, -5.0, 0.0], [1.0, -4.0, 0.0], [16.0, -5.0, 1.0], [-19.0, 7.0, 0.0], [1.0, 25.0, 0.0], [-6.0, 32.0, 0.0], [0.0, 19.0, 0.0], [4.0, 14.0, 1.0], [104.0, -75.0, 0.0], [-14.0, 79.0, 0.0], [-14.0, -2.0, 0.0], [-59.0, 3.0, 0.0], [-23.0, -5.0, 0.0], [-45.0, -1.0, 0.0], [-30.0, 9.0, 0.0], [-22.0, 18.0, 0.0], [3.0, 16.0, 0.0], [11.0, 9.0, 0.0], [15.0, 1.0, 0.0], [50.0, -7.0, 0.0], [24.0, 1.0, 0.0], [14.0, 5.0, 0.0], [6.0, 8.0, 0.0], [4.0, 31.0, 0.0], [13.0, 14.0, 0.0], [14.0, 2.0, 0.0], [10.0, -8.0, 0.0], [6.0, -11.0, 0.0], [8.0, -64.0, 0.0], [9.0, -15.0, 0.0], [8.0, -3.0, 1.0], [-215.0, 110.0, 0.0], [349.0, -17.0, 1.0], [-235.0, -87.0, 0.0], [-26.0, -3.0, 0.0], [-33.0, 1.0, 0.0], [-13.0, 6.0, 0.0], [-8.0, 9.0, 0.0], [-3.0, 8.0, 0.0], [2.0, 3.0, 0.0], [8.0, 6.0, 0.0], [10.0, 2.0, 0.0], [40.0, 1.0, 0.0], [21.0, -9.0, 0.0], [9.0, -12.0, 0.0], [-1.0, -6.0, 1.0], [-25.0, -21.0, 0.0], [-3.0, -18.0, 0.0], [3.0, -33.0, 0.0], [10.0, -20.0, 0.0], [10.0, -3.0, 0.0], [4.0, 5.0, 0.0], [4.0, 23.0, 0.0], [0.0, 41.0, 0.0], [-4.0, 11.0, 0.0], [-9.0, 6.0, 1.0], [-829.0, 125.0, 0.0], [164.0, -14.0, 0.0], [304.0, 3.0, 0.0], [177.0, -9.0, 0.0], [130.0, 5.0, 1.0], [-668.0, -124.296875, 0.0], [-3.0, -3.0, 0.0], [-4.0, 5.0, 0.0], [-13.0, 31.0, 0.0], [-6.0, 28.0, 0.0], [0.0, 30.0, 0.0], [6.0, 13.0, 0.0], [15.0, 12.0, 0.0], [43.0, 9.0, 0.0], [76.0, 2.0, 0.0], [68.0, -6.0, 0.0], [36.0, -7.0, 0.0], [36.0, -15.0, 0.0], [18.0, -12.0, 0.0], [16.0, -30.0, 0.0], [6.0, -40.0, 0.0], [-5.0, -25.0, 0.0], [-5.0, -6.0, 0.0], [-13.0, -1.0, 0.0], [-6.0, 15.0, 0.0], [-6.0, 39.0, 0.0], [-7.0, 14.0, 0.0], [-11.0, 9.0, 0.0], [-60.0, 30.0, 0.0], [-50.0, 13.0, 0.0], [-30.0, 4.0, 0.0], [-53.0, -5.0, 0.0], [-24.0, -7.0, 0.0], [-14.0, -9.0, 0.0], [-10.0, -14.0, 0.0], [-9.0, -22.0, 0.0], [0.0, -57.0, 0.0], [31.0, 25.0, 0.0], [30.0, 16.0, 0.0], [17.0, 4.0, 0.0], [38.0, 1.0, 0.0], [109.0, -20.0, 0.0], [30.0, -16.0, 0.0], [12.0, -12.0, 0.0], [0.0, -7.0, 0.0], [-26.0, -2.0, 0.0], [-41.0, 5.0, 0.0], [-36.0, 0.0, 0.0], [-113.0, -6.0, 0.0], [-50.0, 6.0, 0.0], [-19.0, 6.0, 0.0], [3.0, 2.0, 1.0], [-3.0, -1.0, 0.0], [56.0, -24.0, 0.0], [48.0, -7.0, 0.0], [165.0, 8.0, 0.0], [21.0, 5.0, 0.0], [17.0, 15.0, 1.0], [-280.0, 6.0, 0.0], [20.0, -10.0, 0.0], [-11.0, 10.0, 0.0], [30.0, -10.0, 0.0], [-14.0, 19.0, 0.0], [-1.0, 3.0, 0.0], [3.0, 2.0, 0.0], [46.0, -19.0, 0.0], [-26.0, 22.0, 0.0], [-3.0, 4.0, 0.0], [2.0, 2.0, 0.0], [64.0, -26.0, 1.0], [-12.0, 16.0, 0.0], [-9.0, 11.0, 0.0], [9.0, 0.0, 0.0], [57.0, -24.0, 1.0], [-24.0, 19.0, 0.0], [-17.0, 12.0, 0.0], [-1.0, 2.0, 0.0], [4.0, -1.0, 0.0], [45.0, -24.0, 0.0], [31.0, -10.0, 1.0], [-10.0, 9.0, 0.0], [-5.0, 4.0, 0.0], [8.0, 0.0, 0.0], [44.0, -14.0, 1.0], [-13.0, 14.0, 0.0], [-4.0, 6.0, 0.0], [32.0, -19.0, 0.0], [11.0, -3.0, 1.0], [-270.0, -3.0, 0.0], [1.0, -49.0, 0.0], [5.0, -37.0, 0.0], [11.0, -27.0, 0.0], [12.0, -6.0, 0.0], [56.0, 17.0, 0.0], [32.0, 5.0, 0.0], [4.0, 2.0, 0.0], [0.0, 6.0, 0.0], [-4.0, 6.0, 0.0], [-5.0, 0.0, 0.0], [-60.0, -11.0, 0.0], [-20.0, 0.0, 0.0], [-16.0, 7.0, 0.0], [-11.0, 17.0, 0.0], [2.0, 47.0, 0.0], [-3.0, 12.0, 0.0], [-8.0, 12.0, 1.0], [-1.0, -7.0, 0.0], [14.0, 2.0, 0.0], [6.0, -9.0, 0.0], [-9.0, -34.0, 0.0], [0.0, -17.0, 0.0], [5.0, -13.0, 0.0], [12.0, -9.0, 0.0], [15.0, -4.0, 0.0], [34.0, 7.0, 1.0], [337.0, 187.703125, 0.0], [29.0, -17.0, 0.0], [46.0, -16.0, 0.0], [30.0, -2.0, 0.0], [23.0, 7.0, 0.0], [8.0, 13.0, 0.0], [5.0, 22.0, 0.0], [-14.0, 10.0, 0.0], [-10.0, -5.0, 0.0], [-15.0, -31.0, 0.0], [-21.0, -9.0, 0.0], [-9.0, 2.0, 0.0], [-23.0, 19.0, 0.0], [-23.0, 7.0, 0.0], [-26.0, -2.0, 0.0], [-6.0, -3.0, 0.0], [-3.0, -6.0, 1.0], [143.0, 7.0, 0.0], [-4.0, -4.0, 0.0], [-9.0, 0.0, 0.0], [-6.0, 5.0, 0.0], [4.0, 10.0, 0.0], [14.0, 4.0, 0.0], [5.0, -5.0, 0.0], [-3.0, -11.0, 0.0], [-7.0, -3.0, 0.0], [-6.0, 2.0, 0.0], [-3.0, 5.0, 0.0], [2.0, 5.0, 1.0], [12.0, -2.0, 0.0], [0.0, 1.0, 1.0], [-3.0, 0.0, 0.0], [1.0, -1.0, 1.0], [-137.0, -2.0, 0.0], [-15.0, 4.0, 0.0], [-3.0, -16.0, 0.0], [-17.0, -6.0, 0.0], [-3.0, -7.0, 0.0], [7.0, -15.0, 0.0], [22.0, -18.0, 0.0], [17.0, 0.0, 0.0], [9.0, 12.0, 0.0], [8.0, 0.0, 0.0], [2.0, 8.0, 0.0], [11.0, 4.0, 0.0], [8.0, -9.0, 0.0], [-1.0, -9.0, 0.0], [5.0, -4.0, 0.0], [5.0, 2.0, 0.0], [-9.0, 2.0, 0.0], [1.0, -8.0, 0.0], [9.0, -4.0, 0.0], [4.0, 4.0, 0.0], [-1.0, 4.0, 0.0], [-9.0, 2.0, 0.0], [-1.0, -4.0, 0.0], [3.0, -2.0, 0.0], [4.0, 0.0, 0.0], [1.0, 4.0, 0.0], [-9.0, 3.0, 0.0], [-3.0, -6.0, 0.0], [9.0, 0.0, 0.0], [0.0, 3.0, 0.0], [-6.0, 3.0, 0.0], [-2.0, -4.0, 0.0], [5.0, -3.0, 1.0], [1.0, 4.0, 0.0], [-9.0, 1.0, 0.0], [2.0, -4.0, 1.0], [2.0, -1.0, 0.0], [3.0, -19.0, 0.0], [-1.0, 23.0, 0.0], [17.0, -14.0, 1.0]], "gt_class_names": ["toilet", "bathtub", "hair dryer"]}