{"img_id": "sceneid-40-userid-16", "img_w": 1100, "img_h": 770, "object_divisions": [0, 12, 23, 40, 42, 44, 45], "scene_strokes": [[146.421875, 331.703125, 0.0], [0.0, 98.0, 1.0], [1.0, -101.0, 0.0], [69.0, 0.0, 0.0], [83.0, -4.0, 0.0], [12.0, -3.0, 0.0], [-2.0, 83.0, 0.0], [-19.0, 7.0, 0.0], [-43.0, 9.0, 0.0], [-95.0, 10.0, 1.0], [-8.0, -106.0, 0.0], [66.0, -54.0, 0.0], [34.0, -23.0, 0.0], [45.0, 6.0, 0.0], [70.0, 16.0, 0.0], [-46.0, 54.0, 0.0], [-2.0, 5.0, 0.0], [3.0, 0.0, 1.0], [44.0, -56.0, 0.0], [2.0, 87.0, 0.0], [-48.0, 56.0, 1.0], [-152.0, -58.0, 0.0], [-2.0, 54.0, 1.0], [0.0, -58.0, 0.0], [10.0, -3.0, 0.0], [56.0, -3.0, 0.0], [40.0, -7.0, 0.0], [7.0, 2.0, 0.0], [0.0, 10.0, 0.0], [-5.0, 47.0, 0.0], [-77.0, 18.0, 0.0], [-32.0, -3.0, 1.0], [124.0, -68.0, 0.0], [-3.0, 12.0, 1.0], [4.0, -14.0, 0.0], [8.0, -1.0, 0.0], [3.0, 11.0, 0.0], [-2.0, 3.0, 0.0], [-9.0, 1.0, 0.0], [1.0, -2.0, 1.0], [13.0, -8.0, 0.0], [2.0, 7.0, 1.0], [1.0, -11.0, 0.0], [6.0, -4.0, 0.0], [4.0, 8.0, 0.0], [-1.0, 4.0, 0.0], [-8.0, 4.0, 1.0], [-20.0, 13.0, 0.0], [1.0, 22.0, 1.0], [0.0, -21.0, 0.0], [10.0, -7.0, 0.0], [11.0, 4.0, 0.0], [0.0, 20.0, 0.0], [-20.0, 5.0, 1.0], [-195.578125, 45.703125, 0.0], [101.0, -11.0, 0.0], [15.0, 1.0, 1.0], [101.0, -10.0, 0.0], [0.0, -3.0, 0.0], [-9.0, 0.0, 0.0], [37.0, 0.0, 0.0], [47.0, 5.0, 0.0], [89.0, 2.0, 0.0], [260.0, -8.0, 1.0], [-263.0, -68.0, 0.0], [-35.0, 71.0, 1.0], [33.0, -71.0, 0.0], [132.0, -1.0, 1.0], [-1.0, 8.0, 0.0], [-22.0, 68.0, 1.0], [-77.0, -81.0, 0.0], [1.0, -4.0, 0.0], [-2.0, 6.0, 0.0], [6.0, -3.0, 0.0], [0.0, -7.0, 0.0], [-5.0, 3.0, 0.0], [0.0, 5.0, 0.0], [5.0, 1.0, 0.0], [0.0, -7.0, 0.0], [-3.0, 1.0, 0.0], [0.0, 7.0, 0.0], [6.0, 0.0, 0.0], [1.0, -5.0, 0.0], [-3.0, -3.0, 0.0], [-4.0, 0.0, 0.0], [0.0, 5.0, 0.0], [6.0, 0.0, 0.0], [-4.0, -4.0, 0.0], [-4.0, 5.0, 0.0], [8.0, 1.0, 0.0], [2.0, -5.0, 0.0], [-3.0, -2.0, 0.0], [-6.0, 5.0, 0.0], [3.0, 3.0, 0.0], [5.0, -2.0, 0.0], [1.0, -6.0, 0.0], [-6.0, -3.0, 0.0], [0.0, 10.0, 0.0], [4.0, -1.0, 0.0], [1.0, -5.0, 0.0], [-3.0, -2.0, 0.0], [-1.0, 3.0, 1.0], [35.0, 8.0, 0.0], [5.0, -3.0, 0.0], [0.0, -8.0, 0.0], [-6.0, 3.0, 0.0], [0.0, 4.0, 0.0], [5.0, 1.0, 0.0], [0.0, -4.0, 0.0], [-6.0, 2.0, 0.0], [-1.0, 4.0, 0.0], [5.0, 1.0, 0.0], [2.0, -4.0, 0.0], [-3.0, -5.0, 0.0], [-4.0, 2.0, 0.0], [-1.0, 5.0, 0.0], [6.0, -1.0, 0.0], [0.0, -4.0, 0.0], [-3.0, -1.0, 0.0], [-4.0, 7.0, 0.0], [3.0, 2.0, 0.0], [3.0, -4.0, 0.0], [0.0, -4.0, 0.0], [-4.0, -1.0, 0.0], [0.0, 6.0, 0.0], [5.0, 0.0, 0.0], [1.0, -5.0, 0.0], [-5.0, -1.0, 0.0], [1.0, 3.0, 0.0], [4.0, -3.0, 0.0], [-6.0, 3.0, 1.0], [-28.0, -4.0, 0.0], [10.0, 0.0, 1.0], [23.0, 0.0, 0.0], [-12.0, 1.0, 0.0], [0.0, -20.0, 0.0], [5.0, -11.0, 0.0], [8.0, -8.0, 0.0], [13.0, -3.0, 0.0], [7.0, 3.0, 0.0], [5.0, 9.0, 0.0], [1.0, 35.0, 1.0], [-50.0, -6.0, 0.0], [3.0, -21.0, 0.0], [15.0, -21.0, 0.0], [13.0, -5.0, 0.0], [20.0, -1.0, 0.0], [9.0, 7.0, 0.0], [8.0, 30.0, 0.0], [-2.0, 21.0, 0.0], [-8.0, 2.0, 0.0], [-5.0, -3.0, 0.0], [-1.0, 8.0, 0.0], [8.0, -7.0, 0.0], [-6.0, -3.0, 0.0], [3.0, 5.0, 1.0], [-8.0, 18.0, 0.0], [0.0, 3.0, 1.0], [158.421875, 48.703125, 0.0], [93.0, -3.0, 0.0], [51.0, 2.0, 1.0], [-209.0, 3.0, 0.0], [-18.0, 153.0, 0.0], [-5.0, 132.0, 0.0], [5.0, -5.0, 0.0], [102.0, -17.0, 0.0], [84.0, -9.0, 0.0], [23.0, -8.0, 1.0], [5.0, -254.0, 0.0], [0.0, 153.0, 0.0], [5.0, 53.0, 0.0], [8.0, 45.0, 0.0], [-7.0, 20.0, 1.0], [-228.0, 17.0, 0.0], [-6.0, 3.0, 0.0], [-35.0, 3.0, 0.0], [-75.0, 2.0, 0.0], [-217.0, -19.0, 0.0], [-135.0, -17.0, 0.0], [-72.0, -3.0, 0.0], [-38.0, 3.0, 1.0], [798.0, 1.0, 0.0], [85.0, 4.0, 0.0], [185.0, -3.0, 1.0], [-248.0, -250.0, 0.0], [241.0, 0.0, 1.0], [-381.0, 20.0, 0.0], [-1.0, 10.0, 1.0], [3.0, -14.0, 0.0], [28.0, -3.0, 0.0], [9.0, 11.0, 0.0], [-1.0, 7.0, 0.0], [-41.0, 2.0, 1.0], [74.0, -18.0, 0.0], [0.0, 5.0, 1.0], [3.0, -9.0, 0.0], [11.0, -1.0, 0.0], [0.0, 10.0, 0.0], [-11.0, 1.0, 1.0], [21.0, -9.0, 0.0], [-1.0, 8.0, 1.0], [2.0, -11.0, 0.0], [10.0, -2.0, 0.0], [1.0, 9.0, 0.0], [-5.0, 5.0, 0.0], [-9.0, 0.0, 1.0], [-175.0, 28.0, 0.0], [123.0, -8.0, 0.0], [93.0, 0.0, 1.0], [-199.0, -19.0, 0.0], [-1.0, 10.0, 1.0], [3.0, -16.0, 0.0], [12.0, -2.0, 0.0], [2.0, 4.0, 0.0], [-4.0, 11.0, 0.0], [-13.0, 2.0, 1.0], [26.0, -13.0, 0.0], [0.0, 8.0, 1.0], [4.0, -11.0, 0.0], [16.0, -3.0, 0.0], [-4.0, 13.0, 0.0], [-23.0, 3.0, 1.0], [215.421875, -42.296875, 0.0], [8.0, 11.0, 0.0], [17.0, 5.0, 1.0], [-24.0, -16.0, 0.0], [41.0, 3.0, 0.0], [31.0, -8.0, 0.0], [-5.0, 12.0, 0.0], [-49.0, 13.0, 1.0], [-445.578125, -29.296875, 0.0], [11.0, 8.0, 0.0], [17.0, 0.0, 1.0], [-30.0, -10.0, 0.0], [28.0, 3.0, 0.0], [30.0, -9.0, 0.0], [-7.0, 9.0, 0.0], [-22.0, 8.0, 1.0], [39.421875, 4.703125, 0.0], [-1.0, -25.0, 0.0], [-6.0, -2.0, 0.0], [-1.0, -6.0, 0.0], [3.0, 7.0, 0.0], [4.0, 0.0, 0.0], [1.0, -10.0, 0.0], [1.0, 9.0, 0.0], [5.0, -11.0, 1.0]], "gt_class_names": ["microwave", "sink", "dishwasher", "bowl", "bowl", "fork"]}