{"img_id": "sceneid-87-userid-36", "img_w": 1100, "img_h": 770, "object_divisions": [0, 2, 9, 14, 19, 25, 29, 33, 37], "scene_strokes": [[436.421875, 2.703125, 0.0], [-3.0, 144.0, 0.0], [6.0, 164.0, 0.0], [11.0, 144.0, 0.0], [6.0, 256.0, 0.0], [7.0, 69.0, 1.0], [220.0, -778.0, 0.0], [4.0, 10.0, 0.0], [7.0, 83.0, 0.0], [0.0, 47.0, 0.0], [-9.0, 112.0, 0.0], [-2.0, 136.0, 0.0], [13.0, 284.0, 0.0], [-2.0, 78.0, 0.0], [4.0, 31.0, 1.0], [-231.578125, -753.296875, 0.0], [-1.0, -2.0, 1.0], [-67.0, 164.0, 0.0], [7.0, -18.0, 0.0], [7.0, -35.0, 0.0], [45.0, -115.0, 0.0], [-1.0, 8.0, 0.0], [3.0, 3.0, 0.0], [6.0, -3.0, 0.0], [-1.0, -5.0, 0.0], [-4.0, 5.0, 0.0], [3.0, -1.0, 0.0], [-1.0, -7.0, 0.0], [-4.0, 6.0, 0.0], [2.0, 2.0, 0.0], [1.0, -6.0, 0.0], [-3.0, -5.0, 0.0], [-2.0, 1.0, 0.0], [-1.0, 4.0, 0.0], [7.0, 5.0, 0.0], [6.0, -6.0, 0.0], [0.0, -5.0, 0.0], [-8.0, 1.0, 0.0], [-5.0, 9.0, 0.0], [3.0, 3.0, 0.0], [4.0, -13.0, 0.0], [-5.0, 1.0, 0.0], [0.0, 12.0, 0.0], [8.0, -3.0, 0.0], [2.0, -9.0, 0.0], [-5.0, -2.0, 0.0], [-4.0, 4.0, 0.0], [1.0, 13.0, 1.0], [7.0, -4.0, 0.0], [7.0, 14.0, 1.0], [-3.0, -16.0, 0.0], [7.0, -2.0, 1.0], [-14.0, -9.0, 0.0], [9.0, -8.0, 1.0], [-12.0, 4.0, 0.0], [-3.0, 0.0, 1.0], [-7.0, 15.0, 0.0], [-2.0, 6.0, 1.0], [-35.578125, 342.703125, 0.0], [3.0, -5.0, 0.0], [-3.0, 5.0, 0.0], [2.0, 3.0, 0.0], [1.0, -5.0, 0.0], [-3.0, -1.0, 0.0], [-1.0, 3.0, 0.0], [1.0, 4.0, 0.0], [2.0, -2.0, 0.0], [2.0, -12.0, 0.0], [-2.0, -2.0, 0.0], [-3.0, 3.0, 0.0], [-1.0, 6.0, 0.0], [3.0, -8.0, 0.0], [-7.0, 5.0, 0.0], [77.0, -147.0, 0.0], [10.0, -24.0, 0.0], [1.0, -7.0, 0.0], [-1.0, 4.0, 0.0], [-1.0, -2.0, 0.0], [3.0, 0.0, 0.0], [-1.0, -2.0, 0.0], [-3.0, 3.0, 0.0], [0.0, 4.0, 0.0], [3.0, -1.0, 0.0], [-3.0, -5.0, 0.0], [2.0, 7.0, 0.0], [5.0, -4.0, 0.0], [-3.0, -7.0, 0.0], [-4.0, 8.0, 0.0], [4.0, -1.0, 0.0], [1.0, -8.0, 0.0], [-6.0, -1.0, 0.0], [-3.0, 6.0, 0.0], [1.0, 4.0, 0.0], [4.0, 1.0, 0.0], [2.0, -7.0, 0.0], [-2.0, -2.0, 0.0], [-1.0, 3.0, 1.0], [-7.0, 2.0, 0.0], [-13.0, -22.0, 1.0], [22.0, 18.0, 0.0], [1.0, -22.0, 1.0], [4.0, 26.0, 0.0], [10.0, -5.0, 0.0], [10.0, 0.0, 1.0], [-16.0, 15.0, 0.0], [11.0, 11.0, 1.0], [-82.578125, 424.703125, 0.0], [1.0, -5.0, 0.0], [0.0, 5.0, 1.0], [2.0, 6.0, 0.0], [84.0, -178.0, 0.0], [-3.0, 0.0, 0.0], [3.0, 4.0, 0.0], [-2.0, -2.0, 0.0], [-2.0, 6.0, 0.0], [4.0, -1.0, 0.0], [-1.0, -11.0, 0.0], [-2.0, -1.0, 0.0], [-2.0, 6.0, 0.0], [4.0, 4.0, 0.0], [2.0, -11.0, 0.0], [-3.0, 1.0, 0.0], [-1.0, 8.0, 0.0], [3.0, -1.0, 0.0], [0.0, -8.0, 0.0], [-4.0, -4.0, 0.0], [-3.0, 6.0, 0.0], [6.0, 10.0, 0.0], [-10.0, 6.0, 0.0], [2.0, -7.0, 0.0], [-7.0, -17.0, 0.0], [1.0, -6.0, 1.0], [14.0, 15.0, 0.0], [6.0, -17.0, 0.0], [7.0, -8.0, 1.0], [-11.0, 26.0, 0.0], [14.0, 3.0, 0.0], [0.0, 5.0, 1.0], [-13.0, 4.0, 0.0], [17.0, 9.0, 1.0], [188.421875, -278.296875, 0.0], [-4.0, -6.0, 0.0], [-1.0, 8.0, 0.0], [-1.0, -6.0, 0.0], [-4.0, 1.0, 0.0], [-1.0, 5.0, 0.0], [2.0, 2.0, 0.0], [1.0, -3.0, 0.0], [-3.0, -6.0, 0.0], [4.0, 4.0, 0.0], [8.0, 0.0, 0.0], [-63.0, -173.0, 1.0], [0.0, 1.0, 0.0], [-5.0, -1.0, 0.0], [2.0, 6.0, 0.0], [0.0, -5.0, 0.0], [-11.0, 1.0, 0.0], [0.0, 4.0, 0.0], [8.0, -2.0, 0.0], [-3.0, -9.0, 0.0], [-3.0, 1.0, 0.0], [-1.0, 6.0, 0.0], [7.0, 3.0, 0.0], [3.0, -8.0, 0.0], [-2.0, -5.0, 0.0], [-3.0, 1.0, 0.0], [1.0, 7.0, 0.0], [6.0, -1.0, 0.0], [0.0, -3.0, 0.0], [-4.0, -1.0, 0.0], [-3.0, 6.0, 0.0], [6.0, 0.0, 0.0], [1.0, -2.0, 0.0], [-5.0, -1.0, 0.0], [3.0, 3.0, 0.0], [6.0, -1.0, 0.0], [-5.0, 1.0, 0.0], [2.0, -3.0, 0.0], [-3.0, 0.0, 0.0], [-3.0, 9.0, 0.0], [5.0, -3.0, 0.0], [0.0, -7.0, 0.0], [1.0, 6.0, 1.0], [-3.0, 4.0, 0.0], [-19.0, 12.0, 1.0], [4.0, -16.0, 0.0], [-7.0, 3.0, 1.0], [17.0, -12.0, 0.0], [-7.0, -9.0, 1.0], [15.0, 4.0, 0.0], [8.0, -3.0, 1.0], [46.421875, 379.703125, 0.0], [0.0, 11.0, 0.0], [3.0, -1.0, 0.0], [-2.0, -5.0, 0.0], [-1.0, 8.0, 0.0], [4.0, 0.0, 0.0], [2.0, -4.0, 0.0], [-4.0, -3.0, 0.0], [0.0, 8.0, 0.0], [2.0, 1.0, 0.0], [3.0, -6.0, 0.0], [-1.0, -5.0, 0.0], [-4.0, -2.0, 0.0], [-1.0, 5.0, 0.0], [5.0, 3.0, 0.0], [6.0, -1.0, 0.0], [-3.0, 1.0, 0.0], [-19.0, -68.0, 0.0], [-35.0, -148.0, 0.0], [-7.0, 5.0, 0.0], [1.0, 3.0, 0.0], [0.0, -6.0, 0.0], [5.0, 0.0, 0.0], [0.0, -4.0, 0.0], [-5.0, -2.0, 0.0], [-1.0, 6.0, 0.0], [4.0, 4.0, 0.0], [-22.0, -1.0, 1.0], [15.0, -2.0, 0.0], [-10.0, -25.0, 1.0], [15.0, 18.0, 0.0], [9.0, -16.0, 1.0], [-6.0, 21.0, 0.0], [11.0, -4.0, 1.0], [43.421875, 494.703125, 0.0], [-2.0, 2.0, 0.0], [1.0, -5.0, 0.0], [-3.0, -4.0, 0.0], [-5.0, 6.0, 0.0], [2.0, 2.0, 0.0], [0.0, -4.0, 0.0], [-2.0, -1.0, 0.0], [0.0, 3.0, 0.0], [4.0, 4.0, 0.0], [3.0, -2.0, 0.0], [-2.0, -4.0, 0.0], [1.0, 3.0, 0.0], [6.0, 1.0, 0.0], [-2.0, -7.0, 0.0], [-5.0, 1.0, 0.0], [7.0, 0.0, 0.0], [-37.0, -78.0, 0.0], [-30.0, -87.0, 0.0], [-4.0, -7.0, 0.0], [-4.0, 1.0, 0.0], [0.0, 3.0, 0.0], [4.0, -1.0, 0.0], [-2.0, -4.0, 0.0], [-5.0, 2.0, 0.0], [0.0, 4.0, 0.0], [3.0, -2.0, 0.0], [-2.0, -3.0, 0.0], [-2.0, 6.0, 0.0], [5.0, -2.0, 0.0], [1.0, -9.0, 0.0], [4.0, 10.0, 0.0], [-24.0, 14.0, 1.0], [15.0, -8.0, 0.0], [-6.0, -10.0, 0.0], [-2.0, -13.0, 1.0], [10.0, 10.0, 0.0], [15.0, -18.0, 1.0], [-5.0, 22.0, 0.0], [15.0, -14.0, 1.0], [-125.578125, -157.296875, 0.0], [16.0, 2.0, 0.0], [18.0, -5.0, 0.0], [22.0, -1.0, 0.0], [5.0, -36.0, 0.0], [-4.0, -8.0, 0.0], [-2.0, -19.0, 0.0], [1.0, -48.0, 0.0], [-3.0, -41.0, 0.0], [-9.0, -37.0, 0.0], [-50.0, 6.0, 0.0], [-14.0, -2.0, 0.0], [15.0, 43.0, 0.0], [7.0, 51.0, 0.0], [2.0, 98.0, 1.0], [-8.0, -166.0, 0.0], [45.0, -7.0, 0.0], [5.0, 6.0, 0.0], [5.0, -1.0, 0.0], [4.0, 23.0, 0.0], [-12.0, 0.0, 0.0], [-41.0, 12.0, 0.0], [-4.0, -34.0, 1.0], [-10.0, 10.0, 0.0], [-2.0, 18.0, 0.0], [6.0, 12.0, 0.0], [6.0, -13.0, 0.0], [-1.0, -20.0, 0.0], [-3.0, -2.0, 0.0], [-3.0, 13.0, 1.0], [14.0, 102.0, 0.0], [-8.0, 11.0, 0.0], [-2.0, 18.0, 0.0], [4.0, 0.0, 0.0], [4.0, -10.0, 0.0], [0.0, -21.0, 0.0], [-3.0, -1.0, 1.0]], "gt_class_names": ["road", "streetlight", "streetlight", "streetlight", "streetlight", "streetlight", "streetlight", "car"]}