{"img_id": "sceneid-28-userid-5", "img_w": 1100, "img_h": 770, "object_divisions": [0, 12, 31, 36, 41, 42, 43, 46, 55], "scene_strokes": [[219.0, 121.703125, 0.0], [5.0, 146.0, 0.0], [8.0, 55.0, 0.0], [-1.0, 39.0, 0.0], [3.0, 6.0, 0.0], [12.0, 1.0, 0.0], [111.0, -15.0, 0.0], [94.0, -3.0, 0.0], [38.0, 6.0, 0.0], [42.0, 11.0, 0.0], [21.0, 1.0, 0.0], [6.0, -2.0, 0.0], [13.0, -13.0, 0.0], [7.0, -18.0, 0.0], [5.0, -32.0, 0.0], [9.0, -80.0, 0.0], [2.0, -80.0, 0.0], [4.0, -29.0, 0.0], [-3.0, -20.0, 0.0], [-10.0, -19.0, 0.0], [-26.0, -5.0, 0.0], [-119.0, 1.0, 0.0], [-77.0, 5.0, 0.0], [-95.0, 11.0, 0.0], [-45.0, 1.0, 1.0], [-9.0, 6.0, 0.0], [67.0, -70.0, 0.0], [29.0, -28.0, 0.0], [22.0, -16.0, 1.0], [265.0, 91.0, 0.0], [-18.0, -21.0, 0.0], [-25.0, -46.0, 0.0], [-18.0, -26.0, 0.0], [-10.0, -6.0, 1.0], [-244.0, 175.0, 0.0], [-5.0, 23.0, 0.0], [-1.0, 29.0, 0.0], [57.0, -5.0, 0.0], [29.0, 9.0, 0.0], [7.0, -7.0, 0.0], [11.0, -66.0, 0.0], [-9.0, -5.0, 0.0], [-14.0, -1.0, 0.0], [-80.0, 12.0, 1.0], [39.0, -9.0, 0.0], [3.0, 27.0, 0.0], [-10.0, 28.0, 1.0], [-32.0, -27.0, 0.0], [82.0, 4.0, 1.0], [109.0, -34.0, 0.0], [-13.0, 50.0, 0.0], [2.0, 14.0, 0.0], [8.0, 4.0, 0.0], [9.0, 0.0, 0.0], [41.0, -5.0, 0.0], [34.0, 6.0, 0.0], [-4.0, -22.0, 0.0], [6.0, -56.0, 0.0], [-2.0, -6.0, 0.0], [-5.0, -3.0, 0.0], [-23.0, -2.0, 0.0], [-33.0, 7.0, 1.0], [-21.0, 40.0, 0.0], [57.0, -4.0, 1.0], [-20.0, -26.0, 0.0], [-8.0, 55.0, 1.0], [-129.0, 57.0, 0.0], [1.0, 86.0, 0.0], [-3.0, 11.0, 1.0], [-2.0, -96.0, 0.0], [68.0, -22.0, 0.0], [10.0, -1.0, 0.0], [5.0, 3.0, 0.0], [-2.0, 68.0, 0.0], [6.0, 47.0, 0.0], [-4.0, 2.0, 0.0], [-4.0, -3.0, 1.0], [24.0, -48.0, 0.0], [4.0, 0.0, 0.0], [2.0, -4.0, 0.0], [-6.0, -4.0, 0.0], [-6.0, 4.0, 0.0], [1.0, 4.0, 0.0], [3.0, -6.0, 1.0], [367.0, 9.703125, 0.0], [6.0, 15.0, 0.0], [12.0, 7.0, 0.0], [18.0, 5.0, 0.0], [23.0, 0.0, 0.0], [23.0, -11.0, 0.0], [9.0, -8.0, 0.0], [7.0, -16.0, 0.0], [-4.0, -14.0, 0.0], [-28.0, -22.0, 0.0], [-36.0, -5.0, 0.0], [-11.0, 2.0, 0.0], [-20.0, 12.0, 0.0], [-6.0, 9.0, 0.0], [1.0, 19.0, 1.0], [69.0, 34.0, 0.0], [-9.0, -5.0, 0.0], [-17.0, 0.0, 0.0], [-27.0, 9.0, 0.0], [-14.0, 10.0, 0.0], [-17.0, 17.0, 0.0], [-12.0, 19.0, 0.0], [-2.0, 36.0, 0.0], [10.0, 19.0, 0.0], [13.0, 13.0, 0.0], [23.0, 11.0, 0.0], [15.0, 3.0, 0.0], [22.0, -1.0, 0.0], [34.0, -12.0, 0.0], [18.0, -19.0, 0.0], [4.0, -9.0, 0.0], [4.0, -24.0, 0.0], [-3.0, -20.0, 0.0], [-4.0, -10.0, 0.0], [-17.0, -19.0, 0.0], [-13.0, -7.0, 0.0], [-23.0, -2.0, 1.0], [-24.0, 115.0, 0.0], [-20.0, 0.0, 0.0], [-28.0, 9.0, 0.0], [-23.0, 19.0, 0.0], [-8.0, 20.0, 0.0], [-2.0, 17.0, 0.0], [2.0, 24.0, 0.0], [10.0, 21.0, 0.0], [13.0, 14.0, 0.0], [22.0, 14.0, 0.0], [39.0, 13.0, 0.0], [40.0, 3.0, 0.0], [18.0, -2.0, 0.0], [27.0, -9.0, 0.0], [19.0, -13.0, 0.0], [16.0, -24.0, 0.0], [1.0, -25.0, 0.0], [-4.0, -16.0, 0.0], [-10.0, -20.0, 0.0], [-20.0, -21.0, 0.0], [-22.0, -14.0, 0.0], [-29.0, -11.0, 0.0], [-34.0, -3.0, 1.0], [8.0, -104.0, 0.0], [-1.0, 2.0, 1.0], [-4.0, 75.0, 0.0], [0.0, -1.0, 1.0], [-24.0, -82.0, 0.0], [10.0, 6.0, 0.0], [25.0, 6.0, 0.0], [26.0, -1.0, 0.0], [9.0, -5.0, 1.0], [-7.0, -2.0, 0.0], [-3.0, 36.0, 0.0], [2.0, 22.0, 1.0], [8.0, -39.0, 0.0], [-1.0, 42.0, 1.0], [-5.0, 0.0, 0.0], [9.0, -1.0, 1.0], [-16.0, 7.0, 0.0], [-11.0, 16.0, 0.0], [13.0, -11.0, 0.0], [3.0, 11.0, 0.0], [4.0, -10.0, 0.0], [0.0, 9.0, 0.0], [6.0, -7.0, 0.0], [2.0, 4.0, 0.0], [-1.0, -16.0, 0.0], [4.0, 2.0, 1.0], [-21.0, -72.0, 0.0], [6.0, 74.0, 1.0], [13.0, -61.0, 0.0], [-3.0, 46.0, 0.0], [-5.0, 9.0, 1.0], [-48.0, -122.0, 0.0], [6.0, -5.0, 0.0], [-11.0, -1.0, 0.0], [0.0, 3.0, 0.0], [6.0, 0.0, 0.0], [2.0, -3.0, 0.0], [-9.0, 2.0, 0.0], [-1.0, 4.0, 0.0], [5.0, 1.0, 1.0], [31.0, 0.0, 0.0], [9.0, 0.0, 0.0], [1.0, -3.0, 0.0], [-5.0, -1.0, 0.0], [-9.0, 5.0, 0.0], [10.0, -1.0, 0.0], [-2.0, -6.0, 0.0], [-5.0, 3.0, 0.0], [1.0, 4.0, 0.0], [4.0, 0.0, 1.0], [-20.0, 7.0, 0.0], [53.0, 12.0, 0.0], [-58.0, -1.0, 1.0], [-13.0, 7.0, 0.0], [2.0, 0.0, 1.0], [-17.0, -46.0, 0.0], [96.0, 5.0, 0.0], [-4.0, -11.0, 0.0], [1.0, -13.0, 0.0], [-34.0, 1.0, 0.0], [-9.0, -3.0, 0.0], [-2.0, -60.0, 0.0], [-36.0, 0.0, 0.0], [-13.0, 6.0, 0.0], [6.0, 50.0, 0.0], [-44.0, 5.0, 0.0], [4.0, 19.0, 0.0], [7.0, 3.0, 0.0], [22.0, -1.0, 1.0], [-32.0, 95.0, 0.0], [-27.0, -27.0, 1.0], [153.0, 17.0, 0.0], [36.0, -40.0, 1.0], [46.0, 101.703125, 0.0], [10.0, 6.0, 0.0], [18.0, -6.0, 0.0], [8.0, -12.0, 0.0], [0.0, -10.0, 0.0], [-6.0, -12.0, 0.0], [-9.0, -3.0, 0.0], [-7.0, 3.0, 0.0], [-14.0, 18.0, 0.0], [-1.0, 17.0, 1.0], [15.0, 7.0, 0.0], [-1.0, 73.0, 0.0], [-19.0, 23.0, 0.0], [19.0, -34.0, 0.0], [6.0, -5.0, 0.0], [6.0, 16.0, 0.0], [17.0, 20.0, 1.0], [-32.0, -79.0, 0.0], [-12.0, 16.0, 0.0], [24.0, -23.0, 0.0], [22.0, 13.0, 1.0], [-31.0, -54.0, 0.0], [0.0, -1.0, 1.0], [-5.0, 20.0, 0.0], [18.0, 0.0, 1.0], [-360.0, -7.296875, 0.0], [16.0, 3.0, 0.0], [23.0, -8.0, 0.0], [8.0, -8.0, 0.0], [-1.0, -11.0, 0.0], [-14.0, -10.0, 0.0], [-19.0, 2.0, 0.0], [-12.0, 8.0, 0.0], [-8.0, 14.0, 1.0], [24.0, 15.0, 0.0], [-4.0, 63.0, 0.0], [-9.0, 49.0, 0.0], [-3.0, -2.0, 0.0], [-36.0, 41.0, 0.0], [31.0, -41.0, 0.0], [6.0, 1.0, 0.0], [8.0, 17.0, 0.0], [14.0, 15.0, 1.0], [-16.0, -128.0, 0.0], [-31.0, 31.0, 0.0], [20.0, -9.0, 0.0], [23.0, -19.0, 0.0], [5.0, -1.0, 0.0], [23.0, 36.0, 1.0], [-24.0, -83.0, 0.0], [1.0, 0.0, 1.0], [-22.0, 11.0, 0.0], [20.0, 4.0, 0.0], [18.0, -6.0, 1.0], [8.0, -280.296875, 0.0], [-1.0, 1.0, 1.0], [286.0, 6.703125, 0.0], [2.0, 1.0, 1.0], [-964.0, 274.703125, 0.0], [14.0, -31.0, 0.0], [12.0, -84.0, 0.0], [3.0, -4.0, 1.0], [79.0, 115.0, 0.0], [-8.0, -4.0, 0.0], [-8.0, -10.0, 0.0], [-6.0, -15.0, 0.0], [-9.0, -33.0, 0.0], [-4.0, -45.0, 1.0], [-58.0, -9.0, 0.0], [-20.0, -10.0, 0.0], [-8.0, -19.0, 0.0], [1.0, -17.0, 0.0], [7.0, -11.0, 0.0], [13.0, -8.0, 0.0], [6.0, 1.0, 0.0], [0.0, 3.0, 0.0], [-13.0, 6.0, 0.0], [-6.0, 0.0, 0.0], [-4.0, -4.0, 0.0], [0.0, -12.0, 0.0], [8.0, -23.0, 0.0], [11.0, -16.0, 0.0], [8.0, -6.0, 0.0], [8.0, -4.0, 0.0], [10.0, 0.0, 0.0], [5.0, 5.0, 0.0], [2.0, -8.0, 0.0], [12.0, -14.0, 0.0], [16.0, -10.0, 0.0], [15.0, -1.0, 0.0], [9.0, 8.0, 0.0], [2.0, 8.0, 0.0], [-5.0, 20.0, 0.0], [-11.0, 16.0, 0.0], [4.0, -3.0, 0.0], [13.0, -1.0, 0.0], [10.0, 7.0, 0.0], [4.0, 7.0, 0.0], [3.0, 10.0, 0.0], [-3.0, 16.0, 0.0], [-13.0, 24.0, 0.0], [9.0, 4.0, 0.0], [6.0, 9.0, 0.0], [-4.0, 9.0, 0.0], [-21.0, 14.0, 0.0], [-27.0, 5.0, 0.0], [-5.0, -4.0, 1.0], [6.0, 299.703125, 0.0], [56.0, -7.0, 0.0], [36.0, -14.0, 0.0], [0.0, -4.0, 0.0], [-9.0, -7.0, 0.0], [-33.0, -10.0, 0.0], [-35.0, 5.0, 0.0], [-21.0, 10.0, 0.0], [-10.0, 8.0, 0.0], [-11.0, 16.0, 1.0], [88.0, -52.0, 0.0], [3.0, -14.0, 0.0], [7.0, -10.0, 0.0], [12.0, -10.0, 0.0], [6.0, 1.0, 0.0], [3.0, 12.0, 0.0], [-10.0, 21.0, 0.0], [-7.0, 5.0, 0.0], [-17.0, 4.0, 0.0], [-6.0, -8.0, 0.0], [2.0, -8.0, 1.0], [9.0, -18.0, 0.0], [-5.0, 1.0, 0.0], [-4.0, -13.0, 0.0], [6.0, 12.0, 1.0], [24.0, -14.0, 0.0], [7.0, -10.0, 0.0], [-1.0, 12.0, 0.0], [5.0, 0.0, 1.0], [-91.0, 99.0, 0.0], [2.0, 38.0, 1.0], [56.0, -43.0, 0.0], [2.0, 36.0, 1.0], [-37.0, -41.0, 0.0], [0.0, 25.0, 1.0], [63.0, -35.0, 0.0], [-3.0, 39.0, 1.0], [-11.0, -92.0, 0.0], [22.0, 2.0, 0.0], [-14.0, 3.0, 0.0], [-15.0, 8.0, 1.0]], "gt_class_names": ["house", "snowman", "yoga", "yoga", "snowflake", "snowflake", "tree", "dog"]}