{"img_id": "sceneid-94-userid-62", "img_w": 1100, "img_h": 770, "object_divisions": [0, 12, 19, 34, 38, 41], "scene_strokes": [[262.421875, 354.703125, 0.0], [-2.0, -2.0, 1.0], [19.0, -23.0, 0.0], [-5.0, -1.0, 0.0], [-10.0, 5.0, 0.0], [-9.0, 12.0, 0.0], [0.0, 5.0, 0.0], [5.0, 6.0, 0.0], [8.0, 1.0, 0.0], [14.0, -8.0, 0.0], [8.0, -12.0, 0.0], [-9.0, -8.0, 0.0], [-12.0, 2.0, 0.0], [-7.0, 5.0, 1.0], [-22.0, 32.0, 0.0], [-13.0, 0.0, 0.0], [-8.0, -4.0, 0.0], [-8.0, -7.0, 0.0], [-12.0, -19.0, 0.0], [-4.0, -28.0, 0.0], [10.0, -28.0, 0.0], [17.0, -19.0, 0.0], [40.0, -19.0, 0.0], [28.0, -2.0, 0.0], [22.0, 6.0, 0.0], [35.0, 37.0, 0.0], [7.0, 23.0, 0.0], [-1.0, 26.0, 0.0], [-5.0, 17.0, 0.0], [-6.0, 12.0, 0.0], [-17.0, 19.0, 0.0], [-22.0, 12.0, 0.0], [-30.0, -1.0, 0.0], [-20.0, -5.0, 0.0], [-20.0, -8.0, 0.0], [-12.0, -11.0, 0.0], [-13.0, -20.0, 1.0], [39.0, -53.0, 0.0], [-4.0, 2.0, 0.0], [1.0, 7.0, 0.0], [6.0, 1.0, 0.0], [7.0, -5.0, 0.0], [0.0, -5.0, 0.0], [-5.0, -3.0, 0.0], [-7.0, 6.0, 1.0], [58.0, -5.0, 0.0], [-9.0, -3.0, 0.0], [-6.0, 7.0, 0.0], [9.0, -1.0, 0.0], [3.0, -6.0, 0.0], [-13.0, 5.0, 1.0], [-18.0, 73.0, 0.0], [-14.0, -3.0, 0.0], [-3.0, 3.0, 0.0], [6.0, 5.0, 0.0], [40.0, -4.0, 0.0], [-3.0, -5.0, 0.0], [-10.0, -3.0, 0.0], [-28.0, 6.0, 1.0], [-37.0, 9.0, 0.0], [1.0, -3.0, 0.0], [-7.0, -4.0, 0.0], [5.0, -2.0, 0.0], [-24.0, -7.0, 0.0], [-69.0, 3.0, 0.0], [-39.0, 11.0, 0.0], [-18.0, 15.0, 0.0], [-21.0, 28.0, 0.0], [-7.0, 20.0, 0.0], [0.0, 15.0, 0.0], [13.0, 28.0, 0.0], [24.0, 20.0, 0.0], [72.0, 13.0, 0.0], [73.0, -4.0, 0.0], [52.0, -13.0, 0.0], [22.0, -18.0, 0.0], [11.0, -19.0, 0.0], [6.0, -30.0, 0.0], [-6.0, -25.0, 0.0], [-14.0, -20.0, 0.0], [-23.0, -14.0, 1.0], [-28.0, -62.0, 0.0], [-6.0, 1.0, 0.0], [6.0, -4.0, 0.0], [8.0, 2.0, 0.0], [-3.0, -3.0, 0.0], [-10.0, 1.0, 0.0], [11.0, -3.0, 0.0], [10.0, 5.0, 0.0], [-8.0, -4.0, 0.0], [-14.0, 4.0, 0.0], [6.0, -4.0, 0.0], [10.0, 0.0, 0.0], [6.0, 4.0, 1.0], [20.0, -5.0, 0.0], [17.0, -1.0, 0.0], [3.0, 4.0, 0.0], [-10.0, -9.0, 0.0], [-11.0, 7.0, 0.0], [10.0, -6.0, 0.0], [12.0, 3.0, 0.0], [-8.0, -5.0, 0.0], [-9.0, 0.0, 0.0], [-8.0, 7.0, 0.0], [10.0, -8.0, 0.0], [16.0, 2.0, 0.0], [-5.0, -4.0, 0.0], [-11.0, -1.0, 0.0], [-13.0, 8.0, 1.0], [-182.0, 199.0, 0.0], [-6.0, 42.0, 0.0], [28.0, 4.0, 0.0], [8.0, -2.0, 0.0], [4.0, -7.0, 0.0], [0.0, -22.0, 1.0], [53.0, -1.0, 0.0], [-10.0, 23.0, 0.0], [0.0, 4.0, 0.0], [5.0, 3.0, 0.0], [36.0, -2.0, 0.0], [5.0, -11.0, 0.0], [-2.0, -15.0, 1.0], [29.0, 0.0, 0.0], [-1.0, 11.0, 0.0], [21.0, -5.0, 0.0], [4.0, -10.0, 0.0], [-3.0, -6.0, 1.0], [-124.578125, 14.703125, 0.0], [1.0, 8.0, 0.0], [21.0, 0.0, 0.0], [-2.0, -9.0, 1.0], [-90.0, -14.0, 0.0], [5.0, -4.0, 0.0], [-8.0, 0.0, 0.0], [-20.0, 6.0, 0.0], [-15.0, 8.0, 0.0], [-8.0, 9.0, 0.0], [4.0, 5.0, 0.0], [11.0, -2.0, 0.0], [26.0, -14.0, 0.0], [8.0, -9.0, 0.0], [-17.0, 6.0, 0.0], [-21.0, 14.0, 0.0], [-16.0, 17.0, 0.0], [-1.0, 3.0, 0.0], [5.0, -1.0, 0.0], [38.0, -22.0, 0.0], [17.0, -14.0, 0.0], [2.0, -7.0, 0.0], [-30.0, 17.0, 0.0], [-18.0, 19.0, 0.0], [-1.0, 6.0, 0.0], [55.0, -32.0, 0.0], [-26.0, 19.0, 0.0], [-19.0, 19.0, 0.0], [-4.0, 7.0, 0.0], [1.0, 5.0, 0.0], [31.0, -14.0, 0.0], [29.0, -20.0, 0.0], [-2.0, -1.0, 0.0], [-36.0, 27.0, 0.0], [-1.0, 4.0, 0.0], [11.0, -4.0, 0.0], [45.0, -32.0, 0.0], [4.0, -4.0, 0.0], [-1.0, -3.0, 0.0], [-27.0, 11.0, 0.0], [-46.0, 29.0, 0.0], [35.0, -33.0, 0.0], [-15.0, 10.0, 0.0], [-14.0, 15.0, 0.0], [0.0, 3.0, 0.0], [7.0, 1.0, 0.0], [91.0, -36.0, 0.0], [-23.0, 16.0, 0.0], [-6.0, 10.0, 0.0], [8.0, 0.0, 0.0], [42.0, -18.0, 0.0], [-28.0, 13.0, 0.0], [-11.0, 8.0, 0.0], [-2.0, 6.0, 0.0], [68.0, -32.0, 0.0], [-17.0, 8.0, 0.0], [-27.0, 21.0, 0.0], [-6.0, 8.0, 0.0], [-1.0, 6.0, 0.0], [4.0, 1.0, 0.0], [8.0, 0.0, 0.0], [32.0, -14.0, 0.0], [48.0, -28.0, 0.0], [-29.0, 15.0, 0.0], [-20.0, 19.0, 0.0], [-3.0, 7.0, 0.0], [15.0, -5.0, 0.0], [46.0, -28.0, 0.0], [-21.0, 18.0, 0.0], [-10.0, 14.0, 0.0], [5.0, 2.0, 0.0], [16.0, -6.0, 0.0], [48.0, -27.0, 0.0], [-27.0, 24.0, 0.0], [-9.0, 10.0, 0.0], [-1.0, 6.0, 0.0], [28.0, -14.0, 0.0], [35.0, -27.0, 0.0], [-35.0, 25.0, 0.0], [-13.0, 15.0, 0.0], [-1.0, 3.0, 0.0], [4.0, 1.0, 0.0], [35.0, -20.0, 0.0], [19.0, -15.0, 0.0], [6.0, -7.0, 0.0], [0.0, -3.0, 0.0], [-3.0, 0.0, 0.0], [-20.0, 8.0, 0.0], [-23.0, 18.0, 0.0], [39.0, -42.0, 0.0], [3.0, -5.0, 0.0], [-3.0, -3.0, 0.0], [-16.0, 5.0, 0.0], [-16.0, 10.0, 0.0], [-30.0, 27.0, 0.0], [28.0, -29.0, 0.0], [-7.0, -2.0, 0.0], [-36.0, 25.0, 0.0], [20.0, -28.0, 0.0], [0.0, -4.0, 0.0], [-5.0, 0.0, 0.0], [-38.0, 23.0, 0.0], [-28.0, 24.0, 0.0], [11.0, -22.0, 0.0], [0.0, -7.0, 0.0], [-18.0, 7.0, 0.0], [-49.0, 35.0, 0.0], [18.0, -37.0, 0.0], [0.0, -4.0, 0.0], [-6.0, -1.0, 0.0], [-44.0, 33.0, 0.0], [20.0, -38.0, 0.0], [-4.0, -1.0, 0.0], [-46.0, 38.0, 0.0], [19.0, -27.0, 0.0], [21.0, -20.0, 0.0], [-13.0, 37.0, 0.0], [1.0, 17.0, 0.0], [14.0, -2.0, 0.0], [55.0, -35.0, 0.0], [7.0, 1.0, 0.0], [-5.0, 20.0, 0.0], [3.0, 5.0, 0.0], [11.0, -2.0, 0.0], [24.0, -12.0, 1.0], [-158.0, -57.0, 0.0], [-2.0, 5.0, 1.0], [-15.0, 22.0, 0.0], [-10.0, 20.0, 1.0], [21.0, -45.0, 0.0], [-28.0, 32.0, 0.0], [40.0, -67.0, 0.0], [-12.0, 17.0, 0.0], [-11.0, 25.0, 1.0], [68.0, -108.0, 0.0], [-24.0, 28.0, 0.0], [-9.0, 17.0, 0.0], [0.0, 7.0, 0.0], [33.0, -35.0, 0.0], [19.0, -15.0, 0.0], [-45.0, 60.0, 0.0], [-5.0, 10.0, 0.0], [4.0, -1.0, 0.0], [15.0, -16.0, 1.0], [207.0, 59.0, 0.0], [-16.0, 2.0, 0.0], [-13.0, 8.0, 0.0], [-6.0, 8.0, 0.0], [48.0, -22.0, 0.0], [2.0, 1.0, 0.0], [-4.0, 6.0, 0.0], [-23.0, 30.0, 0.0], [0.0, 3.0, 0.0], [4.0, 1.0, 0.0], [29.0, -17.0, 0.0], [-9.0, 11.0, 1.0], [81.421875, -197.296875, 0.0], [-2.0, 76.0, 0.0], [-4.0, -77.0, 0.0], [34.0, -4.0, 0.0], [1.0, 116.0, 0.0], [5.0, 53.0, 0.0], [-18.0, 0.0, 0.0], [-10.0, 4.0, 0.0], [-7.0, 9.0, 1.0], [-8.0, -103.0, 0.0], [0.0, -5.0, 0.0], [4.0, -2.0, 0.0], [3.0, 8.0, 0.0], [5.0, 68.0, 0.0], [5.0, 22.0, 0.0], [0.0, 34.0, 1.0], [-14.0, -192.0, 0.0], [-7.0, -2.0, 0.0], [-24.0, 7.0, 0.0], [-7.0, -2.0, 0.0], [7.0, 18.0, 0.0], [2.0, 36.0, 0.0], [-3.0, 112.0, 0.0], [9.0, -4.0, 0.0], [40.0, 2.0, 1.0], [-201.0, -158.0, 0.0], [-2.0, -14.0, 0.0], [-43.0, 2.0, 0.0], [-69.0, -8.0, 0.0], [-58.0, 5.0, 0.0], [-19.0, 5.0, 0.0], [-17.0, 10.0, 1.0], [40.0, -23.0, 0.0], [-2.0, 4.0, 0.0], [7.0, 44.0, 0.0], [4.0, 69.0, 0.0], [1.0, 134.0, 1.0], [29.0, -245.0, 0.0], [2.0, 83.0, 1.0], [32.0, -80.0, 0.0], [4.0, 49.0, 1.0], [24.0, -43.0, 0.0], [2.0, 42.0, 1.0], [28.0, -47.0, 0.0], [2.0, 36.0, 1.0], [-114.0, 209.0, 0.0], [1.0, 160.0, 0.0], [4.0, 56.0, 1.0], [37.0, -266.0, 0.0], [7.0, 130.0, 0.0], [2.0, 144.0, 1.0], [38.0, -258.0, 0.0], [1.0, 77.0, 0.0], [11.0, 162.0, 1.0], [28.0, -235.0, 0.0], [7.0, 30.0, 0.0], [3.0, 37.0, 0.0], [3.0, 137.0, 0.0], [5.0, 41.0, 1.0], [153.0, -289.0, 0.0], [4.0, 40.0, 0.0], [-3.0, 127.0, 0.0], [3.0, 83.0, 1.0], [40.0, -255.0, 0.0], [5.0, 19.0, 0.0], [2.0, 26.0, 0.0], [0.0, 108.0, 0.0], [6.0, 129.0, 1.0], [117.421875, -477.296875, 0.0], [-2.0, 35.0, 0.0], [-10.0, 38.0, 0.0], [51.0, 0.0, 0.0], [19.0, -7.0, 0.0], [6.0, -11.0, 0.0], [-1.0, -18.0, 0.0], [-12.0, -39.0, 0.0], [-8.0, -16.0, 0.0], [-6.0, -7.0, 0.0], [-18.0, -4.0, 0.0], [-19.0, 7.0, 0.0], [-16.0, 16.0, 0.0], [-3.0, 7.0, 1.0], [77.0, 72.0, 0.0], [0.0, -5.0, 0.0], [-9.0, -2.0, 0.0], [-21.0, 1.0, 0.0], [-20.0, 6.0, 0.0], [-23.0, 16.0, 0.0], [-11.0, 23.0, 0.0], [-7.0, 44.0, 0.0], [0.0, 16.0, 0.0], [6.0, 29.0, 0.0], [9.0, 13.0, 0.0], [26.0, 12.0, 0.0], [39.0, 5.0, 0.0], [68.0, 2.0, 0.0], [56.0, -9.0, 0.0], [21.0, -9.0, 0.0], [13.0, -10.0, 0.0], [10.0, -15.0, 0.0], [4.0, -16.0, 0.0], [-5.0, -34.0, 0.0], [-13.0, -26.0, 0.0], [-15.0, -17.0, 0.0], [-27.0, -20.0, 0.0], [-32.0, -13.0, 0.0], [-41.0, -7.0, 0.0], [-36.0, 0.0, 0.0], [-29.0, 8.0, 1.0], [0.0, 176.0, 0.0], [1.0, 29.0, 0.0], [-5.0, 31.0, 0.0], [9.0, 7.0, 0.0], [20.0, -1.0, 0.0], [8.0, -4.0, 0.0], [6.0, -9.0, 0.0], [0.0, -19.0, 0.0], [-9.0, -30.0, 1.0], [61.0, -8.0, 0.0], [-14.0, 62.0, 0.0], [0.0, 15.0, 0.0], [6.0, 3.0, 0.0], [34.0, -4.0, 0.0], [11.0, -6.0, 0.0], [2.0, -18.0, 0.0], [-9.0, -46.0, 1.0], [-221.578125, -15.296875,