{"img_id": "sceneid-58-userid-20", "img_w": 1100, "img_h": 770, "object_divisions": [0, 12, 14, 19, 24, 30, 32, 33, 37, 38, 39], "scene_strokes": [[93.421875, 42.703125, 0.0], [2.0, 135.0, 0.0], [5.0, 26.0, 0.0], [12.0, 4.0, 0.0], [25.0, 1.0, 0.0], [53.0, 9.0, 0.0], [69.0, 15.0, 0.0], [24.0, 0.0, 0.0], [15.0, -7.0, 0.0], [17.0, -21.0, 0.0], [7.0, -28.0, 0.0], [5.0, -49.0, 0.0], [-3.0, -57.0, 0.0], [-10.0, -24.0, 0.0], [-17.0, -15.0, 0.0], [-21.0, -10.0, 0.0], [-31.0, -7.0, 0.0], [-94.0, -2.0, 0.0], [-23.0, 2.0, 0.0], [-39.0, 10.0, 1.0], [122.0, -17.0, 0.0], [0.0, 23.0, 0.0], [7.0, 54.0, 0.0], [4.0, 132.0, 1.0], [-108.0, -178.0, 0.0], [20.0, -4.0, 0.0], [64.0, 3.0, 1.0], [-75.0, 32.0, 0.0], [53.0, -4.0, 0.0], [17.0, 2.0, 1.0], [-63.0, 38.0, 0.0], [33.0, -4.0, 0.0], [24.0, 1.0, 1.0], [-52.0, 55.0, 0.0], [34.0, -1.0, 1.0], [-30.0, 34.0, 0.0], [43.0, -5.0, 1.0], [76.0, -142.0, 0.0], [38.0, 2.0, 1.0], [-30.0, 31.0, 0.0], [12.0, -1.0, 0.0], [5.0, 3.0, 1.0], [-47.0, 42.0, 0.0], [22.0, -4.0, 0.0], [8.0, 2.0, 1.0], [-8.0, 28.0, 0.0], [13.0, -3.0, 0.0], [15.0, 1.0, 1.0], [-27.0, 45.0, 0.0], [24.0, -4.0, 1.0], [659.421875, -4.296875, 0.0], [3.0, 27.0, 0.0], [-4.0, 66.0, 0.0], [1.0, 37.0, 0.0], [-5.0, 61.0, 0.0], [6.0, 59.0, 0.0], [1.0, 98.0, 0.0], [2.0, 16.0, 0.0], [1.0, 3.0, 0.0], [2.0, -4.0, 1.0], [-8.0, -372.0, 0.0], [104.0, 6.0, 0.0], [28.0, 9.0, 1.0], [-277.578125, 39.703125, 0.0], [-11.0, 3.0, 0.0], [-13.0, 10.0, 0.0], [-8.0, 11.0, 0.0], [-4.0, 18.0, 0.0], [8.0, 24.0, 0.0], [12.0, 10.0, 0.0], [19.0, 7.0, 0.0], [24.0, -2.0, 0.0], [12.0, -11.0, 0.0], [6.0, -16.0, 0.0], [1.0, -15.0, 0.0], [-1.0, -9.0, 0.0], [-12.0, -16.0, 0.0], [-14.0, -10.0, 0.0], [-15.0, -5.0, 0.0], [-5.0, 1.0, 0.0], [-10.0, 16.0, 1.0], [11.0, 67.0, 0.0], [-6.0, 22.0, 0.0], [-3.0, 30.0, 0.0], [6.0, 97.0, 0.0], [5.0, 22.0, 0.0], [-2.0, 17.0, 0.0], [-62.0, 64.0, 0.0], [-5.0, 3.0, 0.0], [1.0, -4.0, 1.0], [69.0, -59.0, 0.0], [37.0, 54.0, 0.0], [10.0, 5.0, 1.0], [-55.0, -251.0, 0.0], [-12.0, 4.0, 0.0], [-9.0, 7.0, 0.0], [-33.0, 43.0, 1.0], [59.0, -53.0, 0.0], [31.0, 70.0, 1.0], [-213.578125, -158.296875, 0.0], [-24.0, 11.0, 0.0], [-16.0, 21.0, 0.0], [-5.0, 27.0, 0.0], [8.0, 19.0, 0.0], [17.0, 15.0, 0.0], [11.0, 4.0, 0.0], [18.0, 1.0, 0.0], [24.0, -6.0, 0.0], [13.0, -11.0, 0.0], [6.0, -10.0, 0.0], [1.0, -33.0, 0.0], [-10.0, -25.0, 0.0], [-16.0, -14.0, 0.0], [-12.0, -4.0, 0.0], [-10.0, 3.0, 0.0], [-9.0, 10.0, 1.0], [-4.0, 93.0, 0.0], [-4.0, 8.0, 0.0], [-3.0, 24.0, 0.0], [2.0, 72.0, 0.0], [15.0, 98.0, 0.0], [-9.0, 19.0, 0.0], [-68.0, 37.0, 0.0], [-2.0, -5.0, 1.0], [74.0, -29.0, 0.0], [35.0, 31.0, 0.0], [20.0, 9.0, 1.0], [-68.0, -260.0, 0.0], [-7.0, 1.0, 0.0], [-41.0, 34.0, 0.0], [-13.0, 5.0, 1.0], [68.0, -58.0, 0.0], [41.0, 69.0, 1.0], [-228.578125, -158.296875, 0.0], [-24.0, -3.0, 0.0], [-18.0, 14.0, 0.0], [-10.0, 25.0, 0.0], [-2.0, 21.0, 0.0], [2.0, 12.0, 0.0], [6.0, 10.0, 0.0], [14.0, 14.0, 0.0], [12.0, 7.0, 0.0], [13.0, 4.0, 0.0], [21.0, 1.0, 0.0], [26.0, -9.0, 0.0], [21.0, -25.0, 0.0], [3.0, -14.0, 0.0], [-1.0, -22.0, 0.0], [-5.0, -13.0, 0.0], [-10.0, -12.0, 0.0], [-16.0, -6.0, 0.0], [-16.0, 4.0, 0.0], [-14.0, 12.0, 1.0], [7.0, 76.0, 0.0], [-8.0, 69.0, 0.0], [-5.0, 100.0, 0.0], [-6.0, 18.0, 1.0], [1.0, -3.0, 0.0], [1.0, 53.0, 0.0], [-70.0, 58.0, 1.0], [68.0, -38.0, 0.0], [36.0, 40.0, 0.0], [8.0, 6.0, 0.0], [12.0, 3.0, 0.0], [3.0, -2.0, 1.0], [-67.0, -293.0, 0.0], [-12.0, 9.0, 0.0], [-28.0, 38.0, 0.0], [-6.0, 13.0, 1.0], [74.0, -64.0, 0.0], [69.0, 75.0, 1.0], [369.421875, 213.703125, 0.0], [-2.0, 96.0, 0.0], [23.0, 0.0, 0.0], [59.0, 9.0, 0.0], [8.0, -4.0, 0.0], [4.0, -7.0, 0.0], [1.0, -40.0, 0.0], [-5.0, -57.0, 0.0], [-16.0, -7.0, 0.0], [-23.0, -3.0, 0.0], [-56.0, 2.0, 1.0], [33.0, -2.0, 0.0], [-1.0, -38.0, 0.0], [6.0, -10.0, 0.0], [7.0, -2.0, 0.0], [13.0, 12.0, 0.0], [8.0, 16.0, 0.0], [2.0, 18.0, 0.0], [-3.0, 9.0, 0.0], [-3.0, -2.0, 1.0], [-243.578125, 82.703125, 0.0], [2.0, -88.0, 0.0], [20.0, 0.0, 0.0], [34.0, -7.0, 0.0], [10.0, 9.0, 0.0], [2.0, 80.0, 0.0], [-18.0, -1.0, 0.0], [-67.0, 11.0, 1.0], [-305.578125, -299.296875, 0.0], [-23.0, -7.0, 0.0], [-21.0, -3.0, 0.0], [-6.0, 2.0, 0.0], [-4.0, 25.0, 0.0], [-19.0, 41.0, 0.0], [-4.0, 25.0, 0.0], [-15.0, 40.0, 0.0], [18.0, 5.0, 0.0], [57.0, 26.0, 0.0], [14.0, 4.0, 0.0], [8.0, -1.0, 0.0], [13.0, -14.0, 0.0], [5.0, -27.0, 0.0], [2.0, -68.0, 0.0], [-3.0, -37.0, 0.0], [-4.0, -8.0, 0.0], [-11.0, -3.0, 0.0], [-27.0, 12.0, 1.0], [-69.0, 103.0, 0.0], [2.0, 12.0, 0.0], [-54.0, 2.0, 0.0], [-5.0, 1.0, 0.0], [-8.0, 8.0, 0.0], [-3.0, 35.0, 0.0], [0.0, 77.0, 0.0], [3.0, 34.0, 0.0], [6.0, 18.0, 0.0], [123.0, -1.0, 0.0], [11.0, -5.0, 0.0], [-3.0, -106.0, 0.0], [4.0, -41.0, 0.0], [-3.0, 7.0, 1.0], [-105.0, 139.0, 0.0], [-4.0, -4.0, 0.0], [-6.0, 2.0, 0.0], [-1.0, 12.0, 0.0], [4.0, 6.0, 0.0], [10.0, -3.0, 0.0], [0.0, -7.0, 0.0], [-8.0, -1.0, 0.0], [-9.0, 11.0, 0.0], [1.0, 7.0, 0.0], [8.0, 3.0, 1.0], [95.0, -25.0, 0.0], [-4.0, -2.0, 0.0], [-4.0, 3.0, 0.0], [0.0, 5.0, 0.0], [7.0, 4.0, 0.0], [11.0, -8.0, 0.0], [4.0, -9.0, 0.0], [-2.0, -3.0, 0.0], [-26.0, 14.0, 1.0], [454.421875, -413.296875, 0.0], [-3.0, -5.0, 0.0], [-5.0, 0.0, 0.0], [-3.0, 7.0, 0.0], [3.0, 8.0, 0.0], [8.0, 3.0, 0.0], [4.0, -9.0, 0.0], [-3.0, -11.0, 0.0], [-6.0, 0.0, 0.0], [-5.0, 6.0, 0.0], [1.0, 6.0, 0.0], [8.0, 4.0, 0.0], [5.0, -5.0, 0.0], [-4.0, -11.0, 0.0], [-8.0, 1.0, 0.0], [-7.0, 7.0, 0.0], [2.0, 7.0, 0.0], [8.0, 1.0, 0.0], [11.0, -6.0, 0.0], [0.0, -4.0, 0.0], [-9.0, -3.0, 0.0], [-7.0, 5.0, 0.0], [1.0, 7.0, 0.0], [11.0, 1.0, 0.0], [5.0, -4.0, 0.0], [1.0, -4.0, 0.0], [-4.0, -4.0, 0.0], [-14.0, 4.0, 0.0], [-3.0, 8.0, 0.0], [7.0, 1.0, 0.0], [6.0, -8.0, 0.0], [-6.0, -2.0, 0.0], [-8.0, 4.0, 0.0], [7.0, -24.0, 0.0], [20.0, -33.0, 0.0], [11.0, -8.0, 0.0], [18.0, -7.0, 0.0], [23.0, 0.0, 0.0], [21.0, 8.0, 0.0], [11.0, 10.0, 0.0], [14.0, 30.0, 0.0], [0.0, 11.0, 0.0], [-8.0, 17.0, 0.0], [-16.0, 7.0, 0.0], [-6.0, -3.0, 0.0], [-1.0, -5.0, 0.0], [11.0, 5.0, 0.0], [-4.0, 5.0, 0.0], [-5.0, 0.0, 0.0], [-1.0, -7.0, 0.0], [10.0, -1.0, 0.0], [0.0, 4.0, 0.0], [-6.0, 5.0, 0.0], [-5.0, 0.0, 0.0], [-4.0, -6.0, 0.0], [4.0, -6.0, 0.0], [11.0, -1.0, 0.0], [5.0, 4.0, 0.0], [0.0, 6.0, 0.0], [-11.0, 3.0, 0.0], [-4.0, -4.0, 0.0], [0.0, -4.0, 0.0], [9.0, -4.0, 0.0], [5.0, -1.0, 0.0], [3.0, 5.0, 0.0], [-8.0, 4.0, 0.0], [-7.0, -1.0, 0.0], [2.0, -5.0, 0.0], [5.0, -2.0, 0.0], [6.0, 1.0, 0.0], [1.0, 6.0, 0.0], [-11.0, 5.0, 0.0], [-6.0, -2.0, 0.0], [7.0, -6.0, 0.0], [8.0, 1.0, 0.0], [0.0, 5.0, 0.0], [-9.0, 6.0, 0.0], [-7.0, -1.0, 0.0], [4.0, -7.0, 0.0], [6.0, -3.0, 0.0], [5.0, 2.0, 0.0], [-4.0, 8.0, 0.0], [-11.0, 4.0, 0.0], [-4.0, -2.0, 0.0], [0.0, -6.0, 0.0], [9.0, -4.0, 0.0], [4.0, 3.0, 0.0], [-2.0, 5.0, 0.0], [-6.0, -1.0, 0.0], [2.0, -6.0, 0.0], [8.0, 2.0, 0.0], [-10.0, 0.0, 0.0], [-8.0, 5.0, 1.0], [-311.578125, -234.296875, 0.0], [0.0, -20.0, 0.0], [6.0, -16.0, 0.0], [9.0, -9.0, 0.0], [10.0, 2.0, 0.0], [11.0, 11.0, 0.0], [9.0, 29.0, 0.0], [84.0, -9.0, 0.0], [25.0, 4.0, 0.0], [7.0, 7.0, 0.0], [1.0, 6.0, 0.0], [-4.0, 9.0, 0.0], [-15.0, 6.0, 0.0], [-83.0, 2.0, 0.0], [-3.0, 3.0, 0.0], [-1.0, 46.0, 0.0], [-10.0, 18.0, 0.0], [-14.0, 9.0, 0.0], [-7.0, -1.0, 0.0], [-7.0, -6.0, 0.0], [-8.0, -17.0, 0.0], [-3.0, -26.0, 0.0], [5.0, -17.0, 0.0], [-82.0, 2.0, 0.0], [-6.0, -4.0, 0.0], [-6.0, -12.0, 0.0], [0.0, -13.0, 0.0], [4.0, -5.0, 0.0], [88.0, 0.0, 1.0]], "gt_class_names": ["board", "door", "yoga", "yoga", "yoga", "suitcase", "suitcase", "suitcase", "headphones", "airplane"]}