{"img_id": "sceneid-176-userid-96", "img_w": 1100, "img_h": 770, "object_divisions": [0, 1, 2, 4, 11, 13, 16, 17, 22, 24, 27, 32, 34, 37, 38], "scene_strokes": [[4.0, 404.703125, 0.0], [214.0, -1.0, 0.0], [10.0, 3.0, 0.0], [-2.0, 19.0, 0.0], [11.0, 97.0, 0.0], [-3.0, 127.0, 1.0], [66.0, -7.296875, 0.0], [-9.0, -59.0, 0.0], [-5.0, -108.0, 0.0], [-10.0, -67.0, 0.0], [1.0, -10.0, 0.0], [12.0, 4.0, 0.0], [24.0, 1.0, 0.0], [239.0, -19.0, 0.0], [66.0, 3.0, 0.0], [5.0, 7.0, 0.0], [0.0, 13.0, 0.0], [-3.0, 83.0, 0.0], [-9.0, 68.0, 0.0], [0.0, 35.0, 1.0], [98.0, 22.703125, 0.0], [-2.0, -159.0, 0.0], [-6.0, -68.0, 0.0], [10.0, -5.0, 0.0], [233.0, -16.0, 0.0], [70.0, 0.0, 0.0], [26.0, 6.0, 0.0], [1.0, 30.0, 0.0], [-15.0, 126.0, 0.0], [0.0, 25.0, 0.0], [5.0, 34.0, 1.0], [-317.0, 33.0, 0.0], [25.0, -2.0, 0.0], [1.0, -48.0, 0.0], [-5.0, -53.0, 0.0], [0.0, -76.0, 0.0], [-3.0, -30.0, 0.0], [62.0, -9.0, 0.0], [150.0, -4.0, 0.0], [75.0, -8.0, 0.0], [2.0, 5.0, 0.0], [-12.0, 104.0, 0.0], [0.0, 39.0, 0.0], [5.0, 44.0, 0.0], [-1.0, 21.0, 0.0], [11.0, -4.0, 1.0], [-270.0, -389.296875, 0.0], [6.0, 21.0, 0.0], [3.0, 35.0, 1.0], [-9.0, -66.0, 0.0], [131.0, -13.0, 0.0], [98.0, -3.0, 0.0], [35.0, 2.0, 0.0], [5.0, 100.0, 0.0], [-3.0, 13.0, 0.0], [-3.0, 1.0, 0.0], [-263.0, 0.0, 0.0], [7.0, -29.0, 0.0], [0.0, -12.0, 1.0], [19.0, -35.0, 0.0], [-1.0, 55.0, 1.0], [6.0, -58.0, 0.0], [113.0, -15.0, 0.0], [90.0, -1.0, 0.0], [9.0, 4.0, 0.0], [12.0, 42.0, 0.0], [1.0, 15.0, 0.0], [-1.0, 6.0, 0.0], [-10.0, 4.0, 0.0], [-50.0, 13.0, 0.0], [-53.0, 1.0, 0.0], [-92.0, -7.0, 0.0], [-27.0, 1.0, 1.0], [95.0, 17.0, 0.0], [1.0, 47.0, 0.0], [11.0, 6.0, 0.0], [10.0, -1.0, 0.0], [8.0, -6.0, 0.0], [2.0, -39.0, 0.0], [-3.0, -6.0, 1.0], [-33.0, 44.0, 0.0], [-16.0, 5.0, 0.0], [-13.0, 9.0, 0.0], [16.0, 7.0, 0.0], [33.0, -1.0, 0.0], [38.0, -11.0, 1.0], [-17.0, -12.0, 0.0], [17.0, 10.0, 0.0], [0.0, 3.0, 0.0], [-8.0, 4.0, 1.0], [-115.0, 16.703125, 0.0], [-2.0, -13.0, 0.0], [7.0, -2.0, 0.0], [162.0, -9.0, 0.0], [9.0, 2.0, 0.0], [0.0, 14.0, 1.0], [-164.0, -8.0, 0.0], [8.0, -6.0, 0.0], [4.0, 3.0, 0.0], [11.0, -3.0, 0.0], [51.0, 0.0, 0.0], [59.0, -7.0, 0.0], [27.0, 5.0, 1.0], [30.0, 14.703125, 0.0], [1.0, -8.0, 0.0], [11.0, -12.0, 0.0], [9.0, 7.0, 0.0], [1.0, 11.0, 0.0], [-3.0, 5.0, 1.0], [-6.0, -20.0, 0.0], [2.0, 10.0, 1.0], [-11.0, -19.0, 0.0], [-16.0, -5.0, 0.0], [-28.0, 3.0, 0.0], [-15.0, -6.0, 0.0], [-19.0, 5.0, 0.0], [-19.0, -1.0, 1.0], [-611.0, 62.703125, 0.0], [0.0, -26.0, 0.0], [-16.0, -123.0, 0.0], [9.0, 0.0, 0.0], [49.0, -16.0, 0.0], [4.0, 62.0, 0.0], [-1.0, 98.0, 1.0], [31.0, -135.296875, 0.0], [0.0, 82.0, 1.0], [-3.0, -88.0, 0.0], [56.0, -7.0, 0.0], [146.0, -5.0, 0.0], [-1.0, 84.0, 0.0], [-5.0, 4.0, 0.0], [-47.0, 5.0, 0.0], [-131.0, -4.0, 1.0], [5.0, -57.0, 0.0], [5.0, 43.0, 1.0], [-2.0, -48.0, 0.0], [157.0, -20.0, 0.0], [4.0, 32.0, 0.0], [-5.0, 45.0, 0.0], [-33.0, -10.0, 0.0], [-57.0, -6.0, 0.0], [-65.0, 4.0, 1.0], [62.0, 22.0, 0.0], [-3.0, 39.0, 0.0], [18.0, 2.0, 0.0], [10.0, -1.0, 0.0], [-1.0, -40.0, 1.0], [-102.0, 59.703125, 0.0], [-3.0, -16.0, 0.0], [83.0, -2.0, 0.0], [81.0, 4.0, 0.0], [0.0, 12.0, 1.0], [-148.0, -14.0, 0.0], [7.0, -4.0, 0.0], [15.0, 3.0, 0.0], [32.0, -7.0, 0.0], [33.0, 0.0, 0.0], [7.0, 3.0, 0.0], [31.0, 0.0, 0.0], [8.0, 2.0, 0.0], [4.0, 5.0, 1.0], [35.0, 3.703125, 0.0], [0.0, -6.0, 0.0], [6.0, -10.0, 0.0], [8.0, -3.0, 0.0], [15.0, 14.0, 0.0], [1.0, 6.0, 1.0], [-21.0, -16.0, 0.0], [7.0, 7.0, 1.0], [-13.0, -8.0, 0.0], [-2.0, -4.0, 0.0], [-10.0, -3.0, 0.0], [-10.0, 1.0, 0.0], [-11.0, 6.0, 0.0], [-25.0, -7.0, 0.0], [-21.0, 1.0, 0.0], [-14.0, 5.0, 1.0], [-472.0, -165.296875, 0.0], [76.0, 4.0, 0.0], [104.0, 0.0, 0.0], [16.0, 3.0, 0.0], [-2.0, 70.0, 0.0], [-4.0, 26.0, 0.0], [-3.0, -3.0, 0.0], [-182.0, -11.0, 1.0], [-7.0, -72.0, 0.0], [99.0, 2.0, 0.0], [60.0, -3.0, 0.0], [22.0, 4.0, 0.0], [-4.0, 64.0, 0.0], [-5.0, -3.0, 0.0], [-37.0, 1.0, 0.0], [-56.0, -4.0, 0.0], [-77.0, 4.0, 1.0], [59.0, 16.0, 0.0], [-1.0, 65.0, 0.0], [12.0, 6.0, 0.0], [13.0, 1.0, 0.0], [4.0, -4.0, 0.0], [1.0, -13.0, 0.0], [-1.0, -69.0, 1.0], [-36.0, 82.0, 0.0], [-30.0, 12.0, 0.0], [-14.0, 9.0, 0.0], [34.0, 16.0, 0.0], [22.0, 3.0, 0.0], [23.0, -1.0, 0.0], [40.0, -11.0, 0.0], [4.0, -5.0, 1.0], [-38.0, -25.0, 0.0], [18.0, 17.0, 0.0], [6.0, 11.0, 1.0], [-123.0, 13.703125, 0.0], [-2.0, -23.0, 0.0], [169.0, -6.0, 0.0], [4.0, 4.0, 0.0], [0.0, 23.0, 0.0], [3.0, 7.0, 1.0], [-22.0, -38.0, 0.0], [-9.0, -10.0, 0.0], [-27.0, 10.0, 0.0], [-10.0, -9.0, 0.0], [-35.0, 4.0, 0.0], [-11.0, -8.0, 0.0], [-21.0, 3.0, 0.0], [-16.0, -6.0, 0.0], [-8.0, 4.0, 0.0], [-11.0, 15.0, 1.0], [186.0, 33.703125, 0.0], [0.0, -6.0, 0.0], [6.0, -10.0, 0.0], [12.0, -9.0, 0.0], [7.0, 3.0, 0.0], [7.0, 17.0, 1.0], [-17.0, -19.0, 0.0], [3.0, 10.0, 1.0], [-8.0, -11.0, 0.0], [-19.0, -24.0, 0.0], [-9.0, -1.0, 0.0], [-15.0, 4.0, 0.0], [-2.0, -5.0, 0.0], [-13.0, -5.0, 0.0], [-30.0, 1.0, 1.0], [-97.0, 275.703125, 0.0], [86.0, -4.0, 0.0], [193.0, 1.0, 0.0], [696.0, 17.0, 0.0], [49.0, 0.0, 0.0], [20.0, -3.0, 1.0]], "gt_class_names": ["table", "table", "table", "computer", "keyboard", "mouse", "safe", "computer", "keyboard", "mouse", "computer", "keyboard", "mouse", "floor"]}