{"img_id": "sceneid-58-userid-22", "img_w": 1100, "img_h": 770, "object_divisions": [0, 9, 22, 38, 43, 45, 48, 52, 57], "scene_strokes": [[56.421875, 198.703125, 0.0], [345.0, -12.0, 0.0], [267.0, -4.0, 0.0], [113.0, 3.0, 0.0], [114.0, 13.0, 1.0], [-826.0, 122.0, 0.0], [154.0, -13.0, 0.0], [390.0, -21.0, 0.0], [74.0, -2.0, 0.0], [175.0, 6.0, 1.0], [-750.0, -33.0, 0.0], [41.0, -4.0, 1.0], [95.0, -8.0, 0.0], [45.0, -3.0, 1.0], [79.0, 1.0, 0.0], [41.0, -3.0, 0.0], [23.0, 2.0, 1.0], [91.0, 2.0, 0.0], [69.0, -11.0, 1.0], [66.0, 5.0, 0.0], [58.0, -4.0, 1.0], [21.0, 2.0, 0.0], [17.0, 1.0, 0.0], [40.0, -7.0, 0.0], [39.0, 2.0, 1.0], [42.0, 13.0, 0.0], [13.0, 0.0, 1.0], [-760.578125, 96.703125, 0.0], [-5.0, 14.0, 0.0], [4.0, -3.0, 1.0], [0.0, -10.0, 0.0], [-6.0, 51.0, 1.0], [1.0, -50.0, 0.0], [5.0, -4.0, 0.0], [24.0, -6.0, 0.0], [87.0, -14.0, 0.0], [-5.0, 26.0, 0.0], [1.0, 20.0, 0.0], [-12.0, 12.0, 1.0], [-102.0, 20.0, 0.0], [-59.0, -2.0, 0.0], [-6.0, 9.0, 0.0], [-4.0, 44.0, 0.0], [52.0, -3.0, 1.0], [-29.0, 3.0, 0.0], [55.0, -2.0, 1.0], [-2.0, -1.0, 0.0], [-8.0, 2.0, 0.0], [-6.0, 15.0, 0.0], [6.0, 9.0, 0.0], [5.0, 1.0, 0.0], [13.0, -8.0, 0.0], [1.0, -21.0, 0.0], [-6.0, -7.0, 0.0], [-10.0, 4.0, 0.0], [-8.0, 13.0, 0.0], [2.0, 6.0, 0.0], [12.0, 1.0, 1.0], [20.0, -8.0, 0.0], [-9.0, 2.0, 0.0], [14.0, 0.0, 0.0], [34.0, -5.0, 0.0], [7.0, 0.0, 0.0], [-6.0, 2.0, 1.0], [4.0, -11.0, 0.0], [-5.0, 4.0, 0.0], [-1.0, 14.0, 0.0], [7.0, 7.0, 0.0], [8.0, 0.0, 0.0], [11.0, -6.0, 0.0], [4.0, -4.0, 0.0], [3.0, -15.0, 0.0], [-9.0, -11.0, 0.0], [-10.0, 3.0, 0.0], [-7.0, 8.0, 0.0], [-5.0, 14.0, 0.0], [1.0, 5.0, 0.0], [4.0, 2.0, 0.0], [6.0, -3.0, 1.0], [23.0, -13.0, 0.0], [-11.0, 2.0, 0.0], [50.0, 0.0, 0.0], [26.0, 5.0, 0.0], [1.0, -28.0, 0.0], [6.0, -33.0, 0.0], [0.0, 4.0, 0.0], [2.0, -2.0, 1.0], [-74.0, -15.0, 0.0], [76.0, -7.0, 1.0], [-9.0, 1.0, 0.0], [9.0, 1.0, 0.0], [-6.0, 27.0, 1.0], [-7.0, -5.0, 0.0], [-7.0, 2.0, 0.0], [-3.0, 8.0, 0.0], [11.0, 3.0, 0.0], [8.0, -7.0, 0.0], [0.0, -14.0, 0.0], [-3.0, -2.0, 0.0], [-11.0, 11.0, 1.0], [-3.0, 28.0, 0.0], [-2.0, 10.0, 0.0], [2.0, 4.0, 0.0], [7.0, 1.0, 0.0], [6.0, -8.0, 0.0], [0.0, -9.0, 0.0], [-15.0, 0.0, 0.0], [-2.0, 6.0, 0.0], [6.0, 0.0, 1.0], [-133.578125, -211.296875, 0.0], [97.0, -12.0, 0.0], [99.0, -3.0, 0.0], [80.0, 4.0, 0.0], [48.0, 6.0, 0.0], [18.0, 5.0, 0.0], [8.0, 5.0, 0.0], [3.0, 6.0, 0.0], [-3.0, 9.0, 0.0], [-10.0, 10.0, 0.0], [-32.0, 10.0, 0.0], [-110.0, 19.0, 0.0], [-169.0, 24.0, 0.0], [-4.0, 0.0, 0.0], [1.0, -3.0, 1.0], [75.0, -95.0, 0.0], [88.0, -137.0, 0.0], [7.0, 56.0, 0.0], [32.0, 96.0, 1.0], [-102.0, 65.0, 0.0], [10.0, 18.0, 0.0], [19.0, 55.0, 0.0], [22.0, 49.0, 0.0], [25.0, -73.0, 0.0], [26.0, -53.0, 1.0], [91.0, -66.0, 0.0], [2.0, -1.0, 0.0], [0.0, 35.0, 0.0], [5.0, 8.0, 0.0], [14.0, 2.0, 1.0], [-277.0, -45.0, 0.0], [-78.0, 3.0, 0.0], [-27.0, 6.0, 1.0], [122.0, 65.0, 0.0], [-21.0, -2.0, 0.0], [-49.0, 12.0, 0.0], [-42.0, 5.0, 0.0], [-63.0, -7.0, 0.0], [-31.0, 0.0, 0.0], [1.0, -2.0, 1.0], [114.0, -81.0, 0.0], [-67.0, 9.0, 0.0], [-48.0, -4.0, 0.0], [-4.0, 61.0, 0.0], [4.0, 21.0, 0.0], [3.0, 5.0, 0.0], [1.0, -3.0, 1.0], [-22.0, -66.0, 0.0], [6.0, 11.0, 0.0], [10.0, 2.0, 0.0], [6.0, -4.0, 0.0], [1.0, -9.0, 0.0], [-3.0, -7.0, 0.0], [-7.0, -3.0, 0.0], [-5.0, 3.0, 0.0], [-3.0, 7.0, 0.0], [2.0, 8.0, 0.0], [8.0, 2.0, 0.0], [5.0, -4.0, 0.0], [0.0, -6.0, 0.0], [-3.0, -6.0, 0.0], [-3.0, 1.0, 0.0], [-4.0, 17.0, 1.0], [2.0, 26.0, 0.0], [4.0, 4.0, 0.0], [3.0, -2.0, 0.0], [-1.0, -11.0, 0.0], [-3.0, -3.0, 0.0], [-8.0, 0.0, 0.0], [-5.0, 5.0, 0.0], [-5.0, 19.0, 0.0], [6.0, 0.0, 0.0], [8.0, -13.0, 0.0], [-3.0, 1.0, 0.0], [-12.0, 25.0, 1.0], [47.0, -54.0, 0.0], [-8.0, 33.0, 0.0], [8.0, -35.0, 0.0], [23.0, 26.0, 0.0], [-16.0, -6.0, 0.0], [-19.0, 0.0, 0.0], [27.0, 3.0, 0.0], [13.0, -4.0, 1.0], [9.0, 2.0, 0.0], [-1.0, 8.0, 1.0], [-2.0, -24.0, 0.0], [2.0, 1.0, 1.0], [16.0, 8.0, 0.0], [4.0, 12.0, 0.0], [-1.0, -17.0, 0.0], [15.0, -3.0, 1.0], [15.0, -15.0, 0.0], [2.0, 26.0, 0.0], [4.0, 12.0, 0.0], [4.0, 1.0, 1.0], [9.0, -14.0, 0.0], [-1.0, 5.0, 1.0], [3.0, -20.0, 0.0], [10.0, 14.0, 0.0], [0.0, -14.0, 0.0], [4.0, -3.0, 0.0], [9.0, 5.0, 0.0], [13.0, 15.0, 0.0], [5.0, 1.0, 0.0], [7.0, -11.0, 0.0], [-4.0, -7.0, 0.0], [0.0, 10.0, 0.0], [8.0, 5.0, 0.0], [10.0, -1.0, 0.0], [13.0, -13.0, 0.0], [3.0, -11.0, 0.0], [-10.0, 6.0, 0.0], [29.0, 15.0, 0.0], [-19.0, 22.0, 1.0], [-227.578125, 257.703125, 0.0], [153.0, -8.0, 0.0], [286.0, -35.0, 0.0], [193.0, -16.0, 0.0], [85.0, -3.0, 0.0], [133.0, 0.0, 0.0], [87.0, 5.0, 0.0], [145.0, 20.0, 1.0], [-1053.0, 23.0, 0.0], [-6.0, 5.0, 0.0], [-17.0, 29.0, 0.0], [-38.0, 75.0, 0.0], [57.0, -80.0, 0.0], [-59.0, 97.0, 0.0], [40.0, -71.0, 0.0], [33.0, -44.0, 0.0], [-56.0, 109.0, 0.0], [73.0, -104.0, 0.0], [-69.0, 125.0, 0.0], [48.0, -73.0, 0.0], [31.0, -35.0, 0.0], [-86.0, 156.0, 1.0], [921.0, -229.0, 0.0], [108.0, 119.0, 0.0], [45.0, 56.0, 0.0], [55.0, 76.0, 0.0], [20.0, 22.0, 1.0], [-1082.0, -205.0, 0.0], [14.0, 30.0, 0.0], [59.0, 101.0, 0.0], [37.0, 78.0, 0.0], [11.0, 20.0, 0.0], [6.0, 4.0, 1.0], [-120.0, -241.0, 0.0], [-7.0, -12.0, 0.0], [-20.0, -63.0, 0.0], [-14.0, -113.0, 0.0], [-1.0, -55.0, 0.0], [5.0, -87.0, 0.0], [3.0, -204.0, 1.0], [885.421875, 479.703125, 0.0], [32.0, -116.0, 0.0], [17.0, -142.0, 0.0], [-2.0, -133.0, 0.0], [-14.0, -98.0, 0.0], [1.0, 35.0, 0.0], [-8.0, 124.0, 0.0], [5.0, 209.0, 0.0], [0.0, 123.0, 0.0], [-3.0, 18.0, 1.0], [-913.0, -496.0, 0.0], [3.0, 172.0, 0.0], [12.0, 254.0, 0.0], [11.0, 106.0, 0.0], [3.0, 6.0, 0.0], [10.0, 6.0, 0.0], [44.0, -17.0, 0.0], [50.0, -14.0, 0.0], [113.0, -16.0, 0.0], [192.0, -17.0, 0.0], [261.0, -10.0, 0.0], [97.0, -9.0, 0.0], [61.0, -2.0, 0.0], [23.0, -7.0, 0.0], [21.0, -16.0, 0.0], [8.0, -18.0, 0.0], [13.0, -119.0, 0.0], [0.0, -41.0, 0.0], [-12.0, -122.0, 0.0], [-4.0, -86.0, 0.0], [6.0, -90.0, 1.0], [-493.578125, 562.703125, 0.0], [-17.0, -1.0, 0.0], [-14.0, 10.0, 0.0], [-6.0, 8.0, 0.0], [-9.0, 26.0, 0.0], [4.0, 13.0, 0.0], [10.0, 3.0, 0.0], [25.0, -8.0, 0.0], [15.0, -11.0, 0.0], [14.0, -17.0, 0.0], [3.0, -16.0, 0.0], [-5.0, -13.0, 0.0], [-9.0, -6.0, 0.0], [-8.0, 0.0, 0.0], [-9.0, 4.0, 0.0], [-11.0, 12.0, 0.0], [-10.0, 20.0, 0.0], [-2.0, 17.0, 1.0], [15.0, 22.0, 0.0], [0.0, 30.0, 0.0], [0.0, -8.0, 0.0], [-5.0, 3.0, 0.0], [-33.0, 34.0, 0.0], [14.0, -16.0, 0.0], [18.0, -12.0, 0.0], [15.0, -3.0, 0.0], [19.0, 5.0, 1.0], [-34.0, -6.0, 0.0], [10.0, 50.0, 0.0], [-3.0, -11.0, 0.0], [-2.0, 2.0, 0.0], [-20.0, 37.0, 0.0], [-20.0, 27.0, 0.0], [16.0, -36.0, 0.0], [12.0, -14.0, 0.0], [7.0, -2.0, 0.0], [40.0, 73.0, 0.0], [8.0, 6.0, 1.0], [-82.578125, -182.296875, 0.0], [3.0, 0.0, 1.0], [5.0, -6.0, 0.0], [-3.0, -3.0, 0.0], [-4.0, 2.0, 0.0], [-5.0, 12.0, 0.0], [3.0, 8.0, 0.0], [5.0, 1.0, 0.0], [6.0, -6.0, 0.0], [-5.0, -14.0, 0.0], [-11.0, 4.0, 0.0], [-4.0, 9.0, 0.0], [5.0, 4.0, 0.0], [8.0, -4.0, 0.0], [0.0, -11.0, 0.0], [-6.0, 1.0, 1.0], [-3.0, -3.0, 0.0], [-6.0, -21.0, 0.0], [2.0, -18.0, 0.0], [15.0, -22.0, 0.0], [24.0, -12.0, 0.0], [25.0, -4.0, 0.0], [14.0, 2.0, 0.0], [11.0, 10.0, 0.0], [5.0, 60.0, 1.0], [-10.0, -12.0, 0.0], [9.0, 6.0, 0.0], [7.0, -3.0, 0.0], [1.0, -12.0, 0.0], [-8.0, -1.0, 0.0], [-11.0, 9.0, 0.0], [-2.0, 8.0, 0.0], [10.0, 1.0, 0.0], [9.0, -12.0, 0.0], [-2.0, -7.0, 0.0], [-7.0, 5.0, 0.0], [-3.0, 7.0, 0.0], [4.0, 3.0, 0.0], [8.0, -3.0, 0.0], [4.0, -7.0, 0.0], [0.0, -5.0, 0.0], [-6.0, -2.0, 0.0], [-14.0, 14.0, 0.0], [4.0, 1.0, 0.0], [9.0, -6.0, 0.0], [-6.0, 2.0, 1.0], [45.421875, -24.296875, 0.0], [-7.0, 38.0, 1.0], [-1.0, -38.0, 0.0], [41.0, -6.0, 0.0], [21.0, 0.0, 1.0], [1.0, -7.0, 0.0], [-11.0, 52.0, 1.0], [-57.0, 2.0, 0.0], [0.0, -5.0, 0.0], [-8.0, 7.0, 0.0], [-7.0, 12.0, 0.0], [2.0, 4.0, 0.0], [6.0, -1.0, 0.0], [19.0, -14.0, 0.0], [-16.0, 6.0, 0.0], [5.0, -9.0, 0.0], [-7.0, 8.0, 0.0], [5.0, -7.0, 0.0], [-1.0, -3.0, 0.0], [-4.0, 6.0, 0.0], [3.0, 2.0, 1.0], [55.0, -12.0, 0.0], [-3.0, -1.0, 0.0], [-10.0, 7.0, 0.0], [-4.0, 7.0, 0.0], [0.0, 4.0, 0.0], [6.0, 0.0, 0.0], [11.0, -7.0, 0.0], [6.0, -8.0, 0.0], [-3.0, -4.0, 0.0], [-14.0, 10.0, 0.0], [0.0, 3.0, 0.0], 