{"img_id": "sceneid-85-userid-41", "img_w": 1100, "img_h": 770, "object_divisions": [0, 1, 2, 3, 4, 8, 12, 24, 27, 31, 34, 37, 40], "scene_strokes": [[91.421875, 344.703125, 0.0], [20.0, -47.0, 0.0], [41.0, -138.0, 0.0], [-2.0, 34.0, 0.0], [6.0, 51.0, 0.0], [13.0, 31.0, 0.0], [18.0, 20.0, 0.0], [8.0, -1.0, 0.0], [13.0, -14.0, 0.0], [9.0, -17.0, 0.0], [34.0, -94.0, 0.0], [-2.0, 46.0, 0.0], [4.0, 51.0, 0.0], [14.0, 34.0, 0.0], [14.0, 10.0, 0.0], [7.0, -2.0, 0.0], [11.0, -12.0, 0.0], [12.0, -30.0, 0.0], [22.0, -114.0, 0.0], [26.0, 143.0, 0.0], [10.0, 28.0, 0.0], [3.0, 3.0, 0.0], [3.0, -2.0, 1.0], [8.421875, -100.296875, 0.0], [40.0, -80.0, 0.0], [39.0, -98.0, 0.0], [16.0, 80.0, 0.0], [14.0, 46.0, 0.0], [15.0, 33.0, 0.0], [12.0, 13.0, 0.0], [9.0, 2.0, 0.0], [12.0, -12.0, 0.0], [18.0, -38.0, 0.0], [33.0, -111.0, 0.0], [33.0, 158.0, 0.0], [11.0, 40.0, 0.0], [21.0, 54.0, 1.0], [28.421875, -0.296875, 0.0], [32.0, -67.0, 0.0], [32.0, -113.0, 0.0], [7.0, -13.0, 0.0], [8.0, 100.0, 0.0], [19.0, 58.0, 0.0], [10.0, 12.0, 0.0], [4.0, -1.0, 0.0], [13.0, -17.0, 0.0], [32.0, -82.0, 0.0], [9.0, -20.0, 0.0], [3.0, 0.0, 0.0], [41.0, 156.0, 1.0], [57.421875, -20.296875, 0.0], [13.0, -24.0, 0.0], [13.0, -36.0, 0.0], [33.0, -118.0, 0.0], [18.0, 117.0, 0.0], [9.0, 38.0, 0.0], [12.0, 13.0, 0.0], [5.0, -2.0, 0.0], [7.0, -10.0, 0.0], [15.0, -63.0, 0.0], [1.0, -3.0, 0.0], [3.0, 1.0, 0.0], [20.0, 72.0, 0.0], [6.0, 44.0, 1.0], [-825.578125, 132.703125, 0.0], [-25.0, 53.0, 0.0], [-1.0, 24.0, 0.0], [3.0, 8.0, 0.0], [11.0, 10.0, 0.0], [17.0, -5.0, 0.0], [7.0, -12.0, 0.0], [-3.0, -16.0, 0.0], [-11.0, -4.0, 0.0], [-12.0, 5.0, 0.0], [-8.0, 10.0, 0.0], [1.0, 3.0, 1.0], [25.0, -80.0, 0.0], [5.0, -7.0, 0.0], [16.0, -1.0, 0.0], [11.0, 8.0, 0.0], [6.0, 12.0, 0.0], [0.0, 12.0, 0.0], [-8.0, 23.0, 0.0], [-9.0, 18.0, 0.0], [-20.0, 23.0, 0.0], [4.0, -5.0, 0.0], [7.0, 0.0, 0.0], [5.0, 6.0, 0.0], [9.0, 1.0, 0.0], [12.0, -11.0, 0.0], [2.0, -11.0, 0.0], [-23.0, -7.0, 1.0], [3.0, -54.0, 0.0], [-1.0, 5.0, 0.0], [3.0, 3.0, 0.0], [-3.0, -3.0, 1.0], [-18.0, -24.0, 0.0], [-1.0, -19.0, 0.0], [6.0, -28.0, 0.0], [3.0, 2.0, 0.0], [12.0, 39.0, 1.0], [120.421875, 38.703125, 0.0], [-20.0, 31.0, 0.0], [-5.0, 17.0, 0.0], [-1.0, 20.0, 0.0], [5.0, 13.0, 0.0], [9.0, 4.0, 0.0], [13.0, -3.0, 0.0], [10.0, -10.0, 0.0], [-1.0, -18.0, 0.0], [-7.0, -7.0, 0.0], [-16.0, 2.0, 0.0], [-8.0, 7.0, 0.0], [-3.0, 8.0, 1.0], [25.0, -66.0, 0.0], [13.0, -5.0, 0.0], [14.0, 6.0, 0.0], [7.0, 23.0, 0.0], [-3.0, 12.0, 0.0], [-10.0, 17.0, 0.0], [-11.0, 18.0, 0.0], [-11.0, 11.0, 0.0], [8.0, -6.0, 0.0], [6.0, 0.0, 0.0], [8.0, 7.0, 0.0], [8.0, 1.0, 0.0], [10.0, -7.0, 0.0], [4.0, -10.0, 0.0], [-2.0, -6.0, 0.0], [-15.0, -8.0, 0.0], [-15.0, 3.0, 1.0], [3.0, -45.0, 0.0], [1.0, -5.0, 0.0], [-2.0, 5.0, 1.0], [-18.0, -9.0, 0.0], [10.0, -28.0, 0.0], [12.0, -21.0, 0.0], [2.0, 38.0, 1.0], [283.421875, 15.703125, 0.0], [4.0, -8.0, 0.0], [-4.0, -9.0, 0.0], [-14.0, -10.0, 0.0], [-10.0, 1.0, 0.0], [-11.0, 9.0, 0.0], [-6.0, 15.0, 0.0], [-1.0, 8.0, 0.0], [6.0, 10.0, 1.0], [39.0, -20.0, 0.0], [-1.0, 2.0, 0.0], [12.0, 9.0, 0.0], [-13.0, 4.0, 1.0], [-39.0, 10.0, 0.0], [0.0, -4.0, 1.0], [2.0, 0.0, 0.0], [8.0, 10.0, 0.0], [-2.0, 4.0, 1.0], [1.0, 0.0, 0.0], [0.0, 6.0, 0.0], [-19.0, 2.0, 0.0], [-16.0, 11.0, 0.0], [-5.0, 8.0, 0.0], [-3.0, 16.0, 0.0], [6.0, 5.0, 0.0], [21.0, 6.0, 0.0], [35.0, 4.0, 0.0], [0.0, 4.0, 1.0], [-19.0, 2.0, 0.0], [-3.0, 25.0, 0.0], [2.0, 7.0, 0.0], [2.0, -5.0, 0.0], [3.0, 12.0, 0.0], [-4.0, -7.0, 0.0], [-9.0, 9.0, 0.0], [3.0, -7.0, 0.0], [-11.0, 7.0, 1.0], [33.0, -44.0, 0.0], [21.0, 3.0, 0.0], [-4.0, 35.0, 0.0], [2.0, -2.0, 0.0], [3.0, 14.0, 0.0], [-4.0, -11.0, 0.0], [-9.0, 12.0, 0.0], [0.0, -5.0, 0.0], [10.0, -3.0, 0.0], [0.0, 6.0, 1.0], [-4.0, -131.0, 0.0], [0.0, 18.0, 0.0], [14.0, 17.0, 0.0], [2.0, 23.0, 1.0], [-4.0, -11.0, 0.0], [-2.0, 27.0, 0.0], [-4.0, 11.0, 0.0], [-4.0, 2.0, 1.0], [6.0, -4.0, 0.0], [-13.0, 3.0, 1.0], [-26.0, -42.0, 0.0], [-12.0, 11.0, 0.0], [15.0, -2.0, 0.0], [-11.0, 7.0, 0.0], [10.0, 4.0, 0.0], [-11.0, 5.0, 1.0], [29.0, -87.0, 0.0], [0.0, 2.0, 1.0], [-171.578125, 170.703125, 0.0], [-10.0, 28.0, 0.0], [-3.0, 42.0, 0.0], [-3.0, 7.0, 1.0], [-20.0, -62.0, 0.0], [-10.0, 50.0, 0.0], [-2.0, 40.0, 0.0], [4.0, -1.0, 1.0], [51.0, -114.0, 0.0], [12.0, -9.0, 0.0], [10.0, -18.0, 0.0], [2.0, -29.0, 0.0], [-1.0, -14.0, 0.0], [-16.0, -57.0, 0.0], [-19.0, -44.0, 0.0], [-33.0, 102.0, 0.0], [-5.0, 44.0, 0.0], [5.0, 44.0, 1.0], [155.421875, 31.703125, 0.0], [-6.0, 59.0, 0.0], [-4.0, 12.0, 1.0], [-23.0, -70.0, 0.0], [-9.0, 68.0, 0.0], [0.0, 10.0, 0.0], [3.0, -1.0, 1.0], [49.0, -82.0, 0.0], [4.0, -11.0, 0.0], [0.0, -14.0, 0.0], [-5.0, -24.0, 0.0], [-34.0, -101.0, 0.0], [-12.0, 37.0, 0.0], [-19.0, 100.0, 1.0], [10.0, -28.0, 0.0], [-6.0, 14.0, 0.0], [0.0, 11.0, 0.0], [10.0, 20.0, 0.0], [11.0, 9.0, 1.0], [-269.578125, -77.296875, 0.0], [-7.0, 44.0, 0.0], [-3.0, 50.0, 1.0], [-26.0, -88.0, 0.0], [-5.0, 49.0, 0.0], [1.0, 29.0, 1.0], [37.0, -89.0, 0.0], [19.0, -16.0, 0.0], [10.0, -18.0, 0.0], [7.0, -41.0, 0.0], [0.0, -38.0, 0.0], [-7.0, -33.0, 0.0], [-15.0, -43.0, 0.0], [-8.0, -10.0, 0.0], [-5.0, 29.0, 0.0], [-32.0, 102.0, 0.0], [-4.0, 44.0, 0.0], [3.0, 26.0, 1.0], [142.421875, 45.703125, 0.0], [-10.0, 60.0, 1.0], [-15.0, -46.0, 0.0], [-5.0, 48.0, 1.0], [37.0, -74.0, 0.0], [21.0, -26.0, 0.0], [13.0, -38.0, 0.0], [-2.0, -50.0, 0.0], [-7.0, -27.0, 0.0], [-10.0, -21.0, 0.0], [-5.0, 20.0, 0.0], [-34.0, 58.0, 0.0], [-11.0, 32.0, 0.0], [-3.0, 31.0, 0.0], [3.0, 38.0, 1.0], [370.421875, -29.296875, 0.0], [0.0, 50.0, 1.0], [-14.0, -49.0, 0.0], [-1.0, 58.0, 1.0], [23.0, -75.0, 0.0], [12.0, -8.0, 0.0], [7.0, -16.0, 0.0], [1.0, -17.0, 0.0], [-4.0, -28.0, 0.0], [-13.0, -39.0, 0.0], [-18.0, -38.0, 0.0], [-18.0, -26.0, 0.0], [-12.0, -11.0, 0.0], [-8.0, 37.0, 0.0], [-18.0, 47.0, 0.0], [-4.0, 30.0, 0.0], [5.0, 37.0, 0.0], [11.0, 28.0, 0.0], [13.0, 18.0, 1.0]], "gt_class_names": ["mountain", "mountain", "mountain", "mountain", "rabbit", "rabbit", "duck", "tree", "tree", "tree", "tree", "tree"]}