{"img_id": "sceneid-33-userid-13", "img_w": 1100, "img_h": 770, "object_divisions": [0, 8, 12, 14, 20], "scene_strokes": [[313.421875, 213.703125, 0.0], [-8.0, 0.0, 0.0], [-4.0, 22.0, 0.0], [4.0, 8.0, 0.0], [10.0, 8.0, 0.0], [17.0, 4.0, 0.0], [13.0, -5.0, 0.0], [7.0, -8.0, 0.0], [6.0, -10.0, 0.0], [2.0, -18.0, 0.0], [-3.0, -9.0, 0.0], [-6.0, -6.0, 0.0], [-12.0, -1.0, 0.0], [-14.0, 11.0, 0.0], [-7.0, 19.0, 1.0], [8.0, 27.0, 0.0], [7.0, 32.0, 0.0], [-1.0, 23.0, 0.0], [4.0, 4.0, 1.0], [0.0, -2.0, 0.0], [-5.0, 1.0, 0.0], [-41.0, 42.0, 1.0], [48.0, -38.0, 0.0], [19.0, 22.0, 0.0], [12.0, 8.0, 0.0], [3.0, -1.0, 1.0], [-70.0, -147.0, 0.0], [-8.0, 3.0, 0.0], [-12.0, 14.0, 0.0], [4.0, 16.0, 0.0], [12.0, 15.0, 0.0], [-18.0, 33.0, 0.0], [6.0, 16.0, 1.0], [68.0, -106.0, 0.0], [-1.0, 5.0, 0.0], [10.0, 19.0, 0.0], [1.0, 8.0, 0.0], [-6.0, 24.0, 0.0], [8.0, 20.0, 0.0], [-2.0, 7.0, 0.0], [-8.0, 6.0, 1.0], [-33.0, 1.0, 0.0], [-69.0, 30.0, 1.0], [82.0, -30.0, 0.0], [76.0, 4.0, 0.0], [-3.0, 3.0, 1.0], [1.421875, -46.296875, 0.0], [2.0, 10.0, 0.0], [11.0, 1.0, 0.0], [7.0, -7.0, 0.0], [-1.0, -12.0, 0.0], [-4.0, -2.0, 0.0], [-10.0, 2.0, 0.0], [-11.0, 11.0, 1.0], [13.0, 9.0, 0.0], [-3.0, -2.0, 1.0], [-5.0, 2.0, 0.0], [6.0, 30.0, 1.0], [10.0, -35.0, 0.0], [-7.0, 22.0, 0.0], [-8.0, 11.0, 1.0], [-234.578125, 79.703125, 0.0], [40.0, -4.0, 0.0], [168.0, 5.0, 0.0], [90.0, -3.0, 0.0], [21.0, 2.0, 1.0], [-313.0, -3.0, 0.0], [1.0, 51.0, 0.0], [-5.0, 34.0, 0.0], [44.0, -4.0, 0.0], [57.0, 0.0, 0.0], [195.0, 19.0, 0.0], [7.0, -4.0, 0.0], [4.0, -10.0, 0.0], [6.0, -88.0, 0.0], [2.0, -6.0, 0.0], [2.0, 1.0, 1.0], [-241.578125, -61.296875, 0.0], [-25.0, 8.0, 0.0], [4.0, 40.0, 0.0], [7.0, 1.0, 0.0], [26.0, -6.0, 0.0], [-12.0, -38.0, 0.0], [-2.0, -4.0, 0.0], [-3.0, 1.0, 1.0], [-17.0, 27.0, 0.0], [19.0, 0.0, 1.0], [-20.0, -5.0, 0.0], [18.0, -5.0, 1.0], [-19.0, 19.0, 0.0], [24.0, -7.0, 1.0], [-21.0, 13.0, 0.0], [16.0, -7.0, 1.0], [-12.0, 8.0, 0.0], [26.0, -4.0, 1.0]], "gt_class_names": ["yoga", "ice cream", "counter", "cell phone"]}