{"img_id": "sceneid-44-userid-53", "img_w": 1100, "img_h": 770, "object_divisions": [0, 11, 18, 27], "scene_strokes": [[285.0, 174.703125, 0.0], [-14.0, 70.0, 0.0], [2.0, 19.0, 0.0], [9.0, 8.0, 0.0], [24.0, 3.0, 0.0], [370.0, -21.0, 0.0], [63.0, 0.0, 0.0], [14.0, 5.0, 0.0], [5.0, 9.0, 0.0], [1.0, 13.0, 0.0], [-27.0, 139.0, 0.0], [-2.0, 35.0, 0.0], [3.0, 13.0, 0.0], [11.0, 5.0, 0.0], [83.0, 8.0, 0.0], [119.0, 4.0, 1.0], [-676.0, -318.0, 0.0], [-20.0, -92.0, 1.0], [25.0, 85.0, 0.0], [267.0, -13.0, 0.0], [120.0, 0.0, 0.0], [125.0, 5.0, 1.0], [20.0, 10.0, 0.0], [30.0, -39.0, 0.0], [51.0, -44.0, 1.0], [69.0, 371.0, 0.0], [1.0, -96.0, 0.0], [-6.0, -73.0, 0.0], [-2.0, -75.0, 0.0], [-11.0, -51.0, 0.0], [-6.0, -8.0, 0.0], [-3.0, 1.0, 1.0], [-61.0, 25.0, 0.0], [14.0, -20.0, 0.0], [59.0, -58.0, 0.0], [13.0, -18.0, 1.0], [-694.0, 195.0, 0.0], [-13.0, 116.0, 0.0], [-2.0, 49.0, 1.0], [499.0, -175.0, 0.0], [-12.0, 10.0, 0.0], [-20.0, 33.0, 1.0], [13.0, 188.0, 0.0], [-10.0, 56.0, 1.0], [240.0, -48.0, 0.0], [-12.0, 36.0, 1.0], [-697.0, -362.0, 0.0], [-17.0, 70.0, 1.0], [545.0, 52.703125, 0.0], [-11.0, -4.0, 0.0], [61.0, -4.0, 0.0], [61.0, 0.0, 0.0], [25.0, 2.0, 0.0], [18.0, 5.0, 1.0], [-175.0, 3.0, 0.0], [2.0, 13.0, 0.0], [-7.0, 102.0, 0.0], [2.0, 15.0, 0.0], [8.0, 15.0, 0.0], [49.0, 0.0, 0.0], [114.0, 9.0, 0.0], [15.0, -4.0, 1.0], [-24.0, -144.0, 0.0], [-9.0, 84.0, 0.0], [0.0, 19.0, 0.0], [8.0, 40.0, 1.0], [-128.0, -131.0, 0.0], [-5.0, 3.0, 0.0], [-6.0, 19.0, 0.0], [7.0, 7.0, 0.0], [10.0, 1.0, 0.0], [11.0, -4.0, 0.0], [9.0, -11.0, 0.0], [-2.0, -12.0, 0.0], [-18.0, -5.0, 0.0], [-13.0, 7.0, 1.0], [65.0, 14.0, 0.0], [-3.0, 13.0, 0.0], [4.0, 5.0, 0.0], [6.0, 0.0, 0.0], [12.0, -5.0, 0.0], [7.0, -7.0, 0.0], [4.0, -10.0, 0.0], [-2.0, -9.0, 0.0], [-10.0, -8.0, 0.0], [-10.0, -1.0, 0.0], [-10.0, 4.0, 1.0], [-70.0, 65.0, 0.0], [4.0, 17.0, 0.0], [5.0, 3.0, 0.0], [16.0, 1.0, 0.0], [13.0, -9.0, 0.0], [4.0, -11.0, 0.0], [-3.0, -7.0, 0.0], [-8.0, -6.0, 0.0], [-14.0, 8.0, 1.0], [49.0, 33.0, 0.0], [18.0, 8.0, 0.0], [20.0, 4.0, 0.0], [8.0, -1.0, 0.0], [12.0, -7.0, 0.0], [4.0, -8.0, 0.0], [-1.0, -8.0, 0.0], [-11.0, -15.0, 0.0], [-22.0, -7.0, 0.0], [-13.0, 5.0, 1.0], [-272.0, -260.296875, 0.0], [2.0, 13.0, 0.0], [-5.0, 86.0, 1.0], [7.0, -106.0, 0.0], [39.0, -4.0, 0.0], [126.0, -1.0, 0.0], [7.0, 2.0, 0.0], [4.0, 8.0, 0.0], [-1.0, 52.0, 0.0], [6.0, 53.0, 0.0], [-162.0, -10.0, 1.0], [-12.0, -53.0, 0.0], [4.0, 20.0, 0.0], [-1.0, 20.0, 1.0], [-4.0, -56.0, 0.0], [58.0, -7.0, 0.0], [47.0, 1.0, 0.0], [29.0, 5.0, 0.0], [7.0, 6.0, 0.0], [7.0, 43.0, 0.0], [-3.0, 6.0, 0.0], [-20.0, 2.0, 0.0], [-96.0, -4.0, 1.0], [-31.0, -64.0, 0.0], [9.0, -1.0, 0.0], [2.0, -4.0, 0.0], [-6.0, -1.0, 0.0], [-6.0, 7.0, 1.0], [36.0, -3.0, 0.0], [4.0, 2.0, 0.0], [0.0, -4.0, 0.0], [-5.0, -2.0, 0.0], [-2.0, 5.0, 1.0], [35.0, 3.0, 0.0], [6.0, 1.0, 0.0], [2.0, -6.0, 0.0], [-4.0, -3.0, 0.0], [-5.0, 5.0, 1.0], [27.0, 3.0, 0.0], [9.0, 2.0, 0.0], [0.0, -7.0, 0.0], [-3.0, -2.0, 0.0], [-5.0, 7.0, 1.0], [34.0, 3.0, 0.0], [6.0, 3.0, 0.0], [4.0, -6.0, 0.0], [0.0, -5.0, 0.0], [-7.0, -1.0, 1.0]], "gt_class_names": ["counter", "stove", "microwave"]}