{"img_id": "sceneid-2-userid-60", "img_w": 1100, "img_h": 770, "object_divisions": [0, 1, 2, 3, 6, 19, 25], "scene_strokes": [[266.0, 406.703125, 0.0], [-1.0, -5.0, 0.0], [5.0, -11.0, 0.0], [7.0, 12.0, 0.0], [24.0, -11.0, 0.0], [2.0, -18.0, 0.0], [9.0, 3.0, 0.0], [7.0, -2.0, 0.0], [2.0, 3.0, 0.0], [-8.0, 6.0, 0.0], [3.0, 9.0, 0.0], [-9.0, 11.0, 0.0], [-49.0, 7.0, 1.0], [91.0, -18.296875, 0.0], [0.0, -6.0, 0.0], [7.0, 8.0, 0.0], [15.0, -7.0, 0.0], [1.0, -22.0, 0.0], [5.0, -2.0, 0.0], [14.0, 1.0, 0.0], [0.0, 7.0, 0.0], [3.0, -3.0, 0.0], [8.0, 1.0, 0.0], [-3.0, 6.0, 0.0], [-9.0, 1.0, 0.0], [3.0, 9.0, 0.0], [-2.0, 7.0, 0.0], [-35.0, 11.0, 0.0], [-10.0, -2.0, 0.0], [-2.0, -8.0, 1.0], [69.0, -103.296875, 0.0], [-6.0, -5.0, 0.0], [-13.0, -2.0, 0.0], [-35.0, 4.0, 0.0], [-96.0, 34.0, 0.0], [-21.0, 12.0, 0.0], [-36.0, 30.0, 0.0], [-29.0, 37.0, 0.0], [-13.0, 33.0, 0.0], [0.0, 17.0, 0.0], [15.0, 31.0, 0.0], [36.0, 28.0, 0.0], [57.0, 21.0, 0.0], [26.0, 4.0, 0.0], [47.0, -1.0, 0.0], [34.0, -7.0, 0.0], [49.0, -16.0, 0.0], [46.0, -22.0, 0.0], [21.0, -15.0, 0.0], [20.0, -18.0, 0.0], [14.0, -28.0, 0.0], [-2.0, -28.0, 0.0], [-12.0, -31.0, 0.0], [-10.0, -18.0, 0.0], [-28.0, -32.0, 0.0], [-40.0, -24.0, 0.0], [-34.0, -9.0, 0.0], [-46.0, -4.0, 1.0], [218.0, 114.703125, 0.0], [-5.0, -40.0, 0.0], [-9.0, -184.0, 1.0], [-16.0, 9.0, 0.0], [-34.0, -1.0, 0.0], [-163.0, 7.0, 0.0], [-24.0, -2.0, 0.0], [-8.0, -2.0, 0.0], [-2.0, -4.0, 1.0], [-8.0, -4.0, 0.0], [10.0, -29.0, 0.0], [37.0, -40.0, 0.0], [42.0, -29.0, 0.0], [51.0, -24.0, 0.0], [39.0, -13.0, 0.0], [45.0, -9.0, 0.0], [53.0, -5.0, 0.0], [74.0, -1.0, 0.0], [95.0, 10.0, 0.0], [54.0, 19.0, 0.0], [24.0, 18.0, 0.0], [20.0, 29.0, 0.0], [8.0, 32.0, 0.0], [1.0, 20.0, 0.0], [-3.0, 8.0, 0.0], [-7.0, 4.0, 0.0], [-33.0, 6.0, 0.0], [-59.0, 6.0, 0.0], [-184.0, -1.0, 0.0], [-42.0, 6.0, 0.0], [-9.0, -2.0, 1.0], [72.0, 224.703125, 0.0], [2.0, -2.0, 1.0], [-5.0, 4.0, 0.0], [0.0, -1.0, 1.0], [2.0, -53.0, 0.0], [-5.0, 65.0, 1.0], [2.0, -63.0, 0.0], [30.0, 1.0, 0.0], [73.0, -6.0, 0.0], [53.0, 2.0, 1.0], [-4.0, 0.0, 0.0], [-2.0, 74.0, 1.0], [-6.0, -64.0, 0.0], [22.0, -46.0, 1.0], [-169.0, 35.0, 0.0], [12.0, -34.0, 1.0], [3.0, 3.0, 0.0], [82.0, -3.0, 0.0], [80.0, 5.0, 1.0], [-11.0, -2.0, 0.0], [-1.0, -40.0, 0.0], [3.0, -10.0, 1.0], [-163.0, 45.0, 0.0], [1.0, -35.0, 0.0], [117.0, 1.0, 0.0], [49.0, -6.0, 1.0], [-171.0, 25.0, 0.0], [89.0, -2.0, 0.0], [85.0, 5.0, 1.0], [-7.0, 19.0, 0.0], [-2.0, 35.0, 0.0], [7.0, 45.0, 1.0], [-168.0, -76.0, 0.0], [4.0, 48.0, 0.0], [4.0, 14.0, 1.0], [16.0, 39.703125, 0.0], [8.0, -22.0, 0.0], [19.0, -30.0, 1.0], [20.0, 78.0, 0.0], [-11.0, -37.0, 0.0], [-16.0, -27.0, 0.0], [-1.0, -4.0, 0.0], [4.0, -2.0, 1.0], [-8.0, 2.0, 0.0], [10.0, -65.0, 0.0], [5.0, -10.0, 1.0], [-3.0, -28.0, 0.0], [-19.0, 15.0, 0.0], [-4.0, 16.0, 0.0], [2.0, 6.0, 0.0], [6.0, 4.0, 0.0], [17.0, -5.0, 0.0], [10.0, -15.0, 0.0], [1.0, -11.0, 0.0], [-4.0, -8.0, 0.0], [-13.0, 1.0, 1.0], [-5.0, 50.0, 0.0], [26.0, 26.0, 1.0], [-31.0, -27.0, 0.0], [-32.0, 32.0, 1.0]], "gt_class_names": ["duck", "duck", "pond", "umbrella", "bench", "yoga"]}