{"img_id": "sceneid-46-userid-53", "img_w": 1100, "img_h": 770, "object_divisions": [0, 9, 17, 21], "scene_strokes": [[360.0, 268.703125, 0.0], [-5.0, 92.0, 0.0], [6.0, 127.0, 1.0], [-6.0, -229.0, 0.0], [57.0, -4.0, 0.0], [268.0, -5.0, 0.0], [34.0, 2.0, 0.0], [18.0, 7.0, 0.0], [9.0, 9.0, 0.0], [12.0, 25.0, 0.0], [8.0, 28.0, 0.0], [21.0, 99.0, 0.0], [5.0, 41.0, 0.0], [-1.0, 20.0, 0.0], [-10.0, 10.0, 0.0], [-25.0, 4.0, 0.0], [-107.0, -5.0, 0.0], [-162.0, -15.0, 0.0], [-76.0, 2.0, 1.0], [113.0, -157.0, 0.0], [-19.0, -1.0, 0.0], [-16.0, 9.0, 0.0], [-18.0, 21.0, 0.0], [-11.0, 29.0, 0.0], [1.0, 25.0, 0.0], [7.0, 18.0, 0.0], [17.0, 22.0, 0.0], [32.0, 18.0, 0.0], [30.0, 7.0, 0.0], [25.0, 1.0, 0.0], [40.0, -8.0, 0.0], [29.0, -12.0, 0.0], [18.0, -13.0, 0.0], [16.0, -19.0, 0.0], [6.0, -16.0, 0.0], [-1.0, -23.0, 0.0], [-19.0, -29.0, 0.0], [-35.0, -26.0, 0.0], [-39.0, -15.0, 0.0], [-33.0, -6.0, 0.0], [-35.0, 1.0, 1.0], [-156.0, 7.0, 0.0], [117.0, -2.0, 0.0], [-6.0, -30.0, 0.0], [-7.0, -14.0, 1.0], [164.0, 25.0, 0.0], [-7.0, -6.0, 0.0], [3.0, 8.0, 0.0], [16.0, -4.0, 0.0], [1.0, -5.0, 0.0], [-5.0, -7.0, 0.0], [-8.0, 3.0, 0.0], [-6.0, 8.0, 1.0], [33.0, 2.0, 0.0], [5.0, 3.0, 0.0], [7.0, -2.0, 0.0], [0.0, -9.0, 0.0], [-8.0, 5.0, 1.0], [38.0, 8.0, 0.0], [7.0, 4.0, 0.0], [7.0, -11.0, 0.0], [-5.0, -6.0, 0.0], [-10.0, 5.0, 1.0], [30.0, 7.0, 0.0], [7.0, -3.0, 0.0], [-4.0, -5.0, 0.0], [-12.0, 1.0, 1.0], [-208.0, 53.0, 0.0], [-19.0, 4.0, 0.0], [-10.0, 11.0, 0.0], [-4.0, 18.0, 0.0], [1.0, 15.0, 0.0], [10.0, 26.0, 0.0], [12.0, 15.0, 0.0], [12.0, 11.0, 0.0], [21.0, 11.0, 0.0], [25.0, 5.0, 0.0], [31.0, 0.0, 0.0], [39.0, -10.0, 0.0], [23.0, -16.0, 0.0], [5.0, -12.0, 0.0], [-2.0, -18.0, 0.0], [-9.0, -17.0, 0.0], [-22.0, -23.0, 0.0], [-30.0, -19.0, 0.0], [-38.0, -13.0, 0.0], [-32.0, 1.0, 0.0], [-16.0, 5.0, 1.0], [-140.0, -122.296875, 0.0], [11.0, 7.0, 0.0], [16.0, 0.0, 0.0], [12.0, -8.0, 0.0], [1.0, -6.0, 0.0], [-6.0, -7.0, 0.0], [-18.0, -2.0, 0.0], [-11.0, 3.0, 0.0], [-15.0, 11.0, 0.0], [-1.0, 10.0, 0.0], [6.0, 12.0, 0.0], [12.0, 13.0, 0.0], [10.0, 4.0, 0.0], [56.0, 5.0, 0.0], [43.0, -2.0, 0.0], [6.0, -20.0, 0.0], [-15.0, -13.0, 0.0], [-69.0, -12.0, 1.0], [5.0, -6.0, 0.0], [5.0, -11.0, 0.0], [18.0, -2.0, 0.0], [11.0, 7.0, 0.0], [0.0, 13.0, 0.0], [-13.0, 8.0, 0.0], [-8.0, 0.0, 0.0], [-6.0, -3.0, 0.0], [-8.0, -11.0, 1.0], [29.0, 0.0, 0.0], [43.0, 3.0, 0.0], [18.0, 4.0, 0.0], [16.0, 8.0, 0.0], [11.0, 20.0, 0.0], [-1.0, 13.0, 0.0], [-9.0, 7.0, 0.0], [-22.0, -2.0, 1.0], [-92.0, -19.0, 0.0], [0.0, -1.0, 1.0], [1.0, -3.0, 0.0], [2.0, 10.0, 1.0], [6.0, -14.0, 0.0], [8.0, 13.0, 1.0], [46.0, -22.0, 0.0], [0.0, 9.0, 0.0], [-4.0, 6.0, 1.0], [14.0, -16.0, 0.0], [11.0, 6.0, 1.0], [8.0, 63.703125, 0.0], [5.0, -21.0, 0.0], [16.0, -25.0, 0.0], [20.0, -14.0, 0.0], [23.0, -10.0, 0.0], [9.0, -3.0, 0.0], [16.0, 3.0, 1.0], [-99.0, 78.0, 0.0], [10.0, 9.0, 0.0], [12.0, 0.0, 0.0], [12.0, -5.0, 0.0], [11.0, -15.0, 0.0], [4.0, -20.0, 0.0], [20.0, -18.0, 0.0], [14.0, -6.0, 0.0], [10.0, -13.0, 0.0], [3.0, -14.0, 1.0], [-30.0, 51.0, 0.0], [-13.0, 14.0, 0.0], [-3.0, 16.0, 0.0], [7.0, 12.0, 0.0], [12.0, -4.0, 0.0], [10.0, -12.0, 0.0], [12.0, -26.0, 0.0], [13.0, -19.0, 0.0], [38.0, -25.0, 1.0], [-90.0, 40.0, 0.0], [26.0, -22.0, 0.0], [29.0, -13.0, 0.0], [18.0, -2.0, 0.0], [11.0, 6.0, 1.0]], "gt_class_names": ["washing machine", "shoe", "sock"]}