{"img_id": "sceneid-151-userid-73", "img_w": 1100, "img_h": 770, "object_divisions": [0, 3, 18], "scene_strokes": [[184.0, 395.703125, 0.0], [-3.0, 26.0, 0.0], [1.0, 91.0, 0.0], [-6.0, 40.0, 0.0], [6.0, 78.0, 0.0], [-1.0, 116.0, 1.0], [19.0, -350.0, 0.0], [4.0, 64.0, 0.0], [-1.0, 182.0, 0.0], [7.0, 54.0, 0.0], [-1.0, 46.0, 1.0], [-153.0, -354.0, 0.0], [50.0, 1.0, 0.0], [49.0, 6.0, 0.0], [143.0, 8.0, 0.0], [6.0, -79.0, 0.0], [0.0, -6.0, 0.0], [-3.0, -2.0, 0.0], [-87.0, 7.0, 0.0], [-90.0, -10.0, 0.0], [-60.0, 4.0, 0.0], [-10.0, 13.0, 0.0], [-6.0, 33.0, 0.0], [0.0, 14.0, 0.0], [5.0, 12.0, 1.0], [531.0, 367.703125, 0.0], [3.0, -19.0, 0.0], [-1.0, -155.0, 0.0], [11.0, -145.0, 0.0], [6.0, -155.0, 0.0], [-4.0, -60.0, 0.0], [0.0, -68.0, 0.0], [-5.0, -18.0, 0.0], [-86.0, -8.0, 0.0], [-189.0, -8.0, 0.0], [-106.0, -8.0, 0.0], [-32.0, 5.0, 0.0], [-14.0, 13.0, 0.0], [-5.0, 1.0, 0.0], [-11.0, 23.0, 0.0], [-9.0, 115.0, 0.0], [-7.0, 46.0, 1.0], [-25.0, 78.0, 0.0], [7.0, 2.0, 1.0], [6.0, 3.0, 0.0], [2.0, 136.0, 0.0], [-4.0, 223.0, 1.0], [95.0, -581.0, 0.0], [4.0, 55.0, 1.0], [-1.0, -68.0, 0.0], [29.0, -2.0, 0.0], [31.0, 7.0, 0.0], [3.0, 5.0, 0.0], [-1.0, 44.0, 0.0], [-4.0, 6.0, 0.0], [-15.0, 6.0, 0.0], [-41.0, -2.0, 1.0], [226.0, -55.0, 0.0], [-5.0, 52.0, 1.0], [0.0, -65.0, 0.0], [64.0, 13.0, 0.0], [5.0, 7.0, 0.0], [5.0, 49.0, 0.0], [-17.0, 5.0, 0.0], [-60.0, -11.0, 1.0], [4.0, 82.0, 0.0], [0.0, 22.0, 0.0], [-8.0, 36.0, 0.0], [1.0, 10.0, 0.0], [50.0, 4.0, 0.0], [9.0, -8.0, 0.0], [8.0, -24.0, 0.0], [1.0, -44.0, 0.0], [-9.0, -8.0, 0.0], [-55.0, 4.0, 1.0], [-1.0, 139.0, 0.0], [-8.0, 54.0, 0.0], [4.0, 8.0, 0.0], [52.0, 8.0, 0.0], [6.0, -45.0, 0.0], [-1.0, -27.0, 0.0], [-7.0, -9.0, 0.0], [-35.0, 4.0, 0.0], [-15.0, 5.0, 1.0], [4.0, 136.0, 0.0], [-4.0, 39.0, 0.0], [3.0, 18.0, 0.0], [38.0, 8.0, 0.0], [15.0, 10.0, 0.0], [6.0, -15.0, 0.0], [4.0, -33.0, 0.0], [1.0, -23.0, 0.0], [-3.0, -9.0, 0.0], [-5.0, -4.0, 0.0], [-72.0, -9.0, 1.0], [-183.0, -111.0, 0.0], [4.0, 51.0, 0.0], [10.0, 27.0, 0.0], [55.0, 5.0, 0.0], [11.0, -1.0, 0.0], [3.0, -3.0, 0.0], [5.0, -13.0, 0.0], [6.0, -36.0, 0.0], [0.0, -16.0, 0.0], [-3.0, -4.0, 0.0], [-8.0, -4.0, 0.0], [-37.0, -4.0, 0.0], [-48.0, 3.0, 1.0], [22.0, 141.0, 0.0], [-6.0, 32.0, 0.0], [4.0, 19.0, 0.0], [7.0, 3.0, 0.0], [41.0, -3.0, 0.0], [13.0, -8.0, 0.0], [2.0, -41.0, 0.0], [-4.0, -18.0, 0.0], [-10.0, -5.0, 0.0], [-61.0, 5.0, 1.0], [87.0, 114.0, 0.0], [3.0, 79.0, 1.0], [3.0, -89.0, 0.0], [20.0, -5.0, 0.0], [31.0, 0.0, 0.0], [18.0, 4.0, 0.0], [17.0, 10.0, 0.0], [6.0, 18.0, 0.0], [-2.0, 72.0, 1.0], [-204.0, -459.0, 0.0], [-6.0, -18.0, 0.0], [2.0, -13.0, 0.0], [49.0, -6.0, 0.0], [10.0, 3.0, 0.0], [2.0, 40.0, 1.0]], "gt_class_names": ["stop sign", "house"]}