{"img_id": "sceneid-8-userid-2", "img_w": 1100, "img_h": 770, "object_divisions": [0, 1, 3, 5, 10, 14, 17], "scene_strokes": [[466.0, 486.703125, 0.0], [-35.0, 2.0, 0.0], [-87.0, -8.0, 0.0], [-127.0, 0.0, 0.0], [-147.0, -14.0, 1.0], [61.0, -6.296875, 0.0], [-4.0, -1.0, 0.0], [-4.0, -12.0, 0.0], [-11.0, -8.0, 0.0], [5.0, 0.0, 0.0], [1.0, -3.0, 0.0], [-7.0, -10.0, 0.0], [11.0, -3.0, 0.0], [4.0, -30.0, 0.0], [9.0, 10.0, 0.0], [6.0, -14.0, 0.0], [6.0, -5.0, 0.0], [16.0, 9.0, 0.0], [8.0, 1.0, 0.0], [9.0, -14.0, 0.0], [5.0, -2.0, 0.0], [26.0, 12.0, 0.0], [10.0, -1.0, 0.0], [15.0, -8.0, 0.0], [1.0, 14.0, 0.0], [-8.0, 12.0, 0.0], [9.0, 1.0, 0.0], [6.0, 8.0, 0.0], [-20.0, 18.0, 0.0], [6.0, 13.0, 0.0], [-2.0, 4.0, 0.0], [-19.0, 9.0, 0.0], [6.0, 8.0, 0.0], [-31.0, 9.0, 0.0], [-5.0, 10.0, 1.0], [-51.0, -29.0, 0.0], [-10.0, 3.0, 0.0], [0.0, 14.0, 0.0], [3.0, 2.0, 1.0], [105.0, -6.296875, 0.0], [21.0, 2.0, 0.0], [8.0, -5.0, 0.0], [1.0, -4.0, 0.0], [29.0, 1.0, 0.0], [19.0, -9.0, 0.0], [58.0, 0.0, 0.0], [1.0, 7.0, 0.0], [-7.0, 3.0, 0.0], [-12.0, -3.0, 0.0], [-8.0, 4.0, 0.0], [-27.0, -1.0, 0.0], [-5.0, 4.0, 0.0], [-16.0, 0.0, 0.0], [-11.0, 6.0, 0.0], [-37.0, 3.0, 0.0], [-12.0, -1.0, 0.0], [2.0, -3.0, 1.0], [124.0, -15.0, 0.0], [1.0, 0.0, 1.0], [120.0, 26.703125, 0.0], [-3.0, -35.0, 0.0], [10.0, -7.0, 0.0], [4.0, -16.0, 0.0], [7.0, -11.0, 0.0], [10.0, -4.0, 0.0], [20.0, 1.0, 0.0], [45.0, 13.0, 0.0], [19.0, -2.0, 0.0], [17.0, -8.0, 0.0], [108.0, 8.0, 0.0], [43.0, 16.0, 0.0], [49.0, 12.0, 0.0], [10.0, 8.0, 0.0], [0.0, 12.0, 0.0], [-8.0, 7.0, 0.0], [-38.0, 17.0, 0.0], [-7.0, 15.0, 0.0], [-9.0, 6.0, 0.0], [-11.0, 5.0, 0.0], [-19.0, 2.0, 0.0], [-49.0, -7.0, 0.0], [-59.0, -20.0, 0.0], [-11.0, 1.0, 0.0], [-41.0, 19.0, 0.0], [-68.0, 0.0, 0.0], [-30.0, -10.0, 0.0], [-9.0, -10.0, 0.0], [-3.0, -9.0, 0.0], [2.0, -2.0, 1.0], [304.0, -29.0, 0.0], [8.0, 32.0, 1.0], [-237.0, -37.0, 0.0], [8.0, 20.0, 0.0], [10.0, 12.0, 1.0], [67.0, -46.0, 0.0], [23.0, 24.0, 1.0], [66.0, -11.0, 0.0], [20.0, 28.0, 1.0], [-116.0, -0.296875, 0.0], [-42.0, 1.0, 1.0], [41.0, -1.0, 0.0], [0.0, -7.0, 0.0], [10.0, -5.0, 0.0], [-29.0, -8.0, 0.0], [-20.0, 6.0, 0.0], [-5.0, -11.0, 0.0], [0.0, -15.0, 0.0], [-8.0, -3.0, 0.0], [-8.0, 5.0, 0.0], [6.0, 36.0, 0.0], [5.0, 4.0, 0.0], [12.0, 0.0, 1.0], [15.0, -21.0, 0.0], [-1.0, -14.0, 1.0], [1.0, 11.0, 0.0], [7.0, -11.0, 0.0], [-1.0, -12.0, 0.0], [11.0, 15.0, 0.0], [-6.0, 11.0, 0.0], [-9.0, 3.0, 0.0], [-1.0, -2.0, 1.0], [300.0, 86.703125, 0.0], [2.0, -9.0, 0.0], [-5.0, -32.0, 0.0], [0.0, -60.0, 1.0], [-15.0, 104.0, 0.0], [7.0, -38.0, 0.0], [0.0, -31.0, 0.0], [-5.0, -39.0, 1.0], [18.0, 11.0, 0.0], [41.0, -9.0, 0.0], [29.0, 1.0, 0.0], [-7.0, -98.0, 0.0], [-5.0, -17.0, 0.0], [-25.0, 0.0, 0.0], [-77.0, 18.0, 0.0], [-14.0, 11.0, 0.0], [-3.0, 9.0, 0.0], [0.0, 71.0, 0.0], [21.0, 9.0, 0.0], [34.0, 2.0, 1.0]], "gt_class_names": ["floor", "bush", "snake", "pond", "swan", "stop sign"]}