{"img_id": "sceneid-36-userid-13", "img_w": 1100, "img_h": 770, "object_divisions": [0, 6, 12, 26, 45], "scene_strokes": [[391.421875, 224.703125, 0.0], [-8.0, 11.0, 0.0], [0.0, 27.0, 0.0], [8.0, 9.0, 0.0], [11.0, 3.0, 0.0], [16.0, -7.0, 0.0], [10.0, -12.0, 0.0], [4.0, -21.0, 0.0], [-4.0, -12.0, 0.0], [-10.0, -4.0, 0.0], [-7.0, 2.0, 0.0], [-11.0, 20.0, 1.0], [-4.0, 42.0, 0.0], [1.0, 71.0, 1.0], [-1.0, 7.0, 0.0], [-47.0, 48.0, 1.0], [51.0, -38.0, 0.0], [28.0, 21.0, 0.0], [6.0, -1.0, 1.0], [-54.0, -79.0, 0.0], [-27.0, -7.0, 1.0], [46.0, 11.0, 0.0], [12.0, -2.0, 0.0], [24.0, -13.0, 1.0], [248.421875, -72.296875, 0.0], [-4.0, 1.0, 0.0], [-1.0, 13.0, 0.0], [6.0, 14.0, 0.0], [14.0, 3.0, 0.0], [7.0, -5.0, 0.0], [10.0, -18.0, 0.0], [1.0, -9.0, 0.0], [-1.0, -7.0, 0.0], [-7.0, -8.0, 0.0], [-14.0, -2.0, 0.0], [-11.0, 6.0, 0.0], [-9.0, 19.0, 1.0], [15.0, 39.0, 0.0], [-7.0, 58.0, 0.0], [-3.0, 6.0, 1.0], [-4.0, 3.0, 0.0], [-25.0, 41.0, 0.0], [-9.0, 8.0, 1.0], [35.0, -39.0, 0.0], [25.0, 28.0, 0.0], [5.0, 0.0, 1.0], [-38.0, -88.0, 0.0], [-15.0, -12.0, 1.0], [39.0, 25.0, 0.0], [28.0, -19.0, 1.0], [-237.578125, -104.296875, 0.0], [96.0, 4.0, 0.0], [32.0, 5.0, 0.0], [6.0, 0.0, 0.0], [-4.0, -4.0, 1.0], [-133.0, -2.0, 0.0], [-8.0, 117.0, 1.0], [138.0, -116.0, 0.0], [-9.0, 99.0, 1.0], [-132.0, 19.0, 0.0], [28.0, 3.0, 0.0], [4.0, 0.0, 0.0], [-1.0, -3.0, 1.0], [-3.0, -3.0, 0.0], [-1.0, 15.0, 1.0], [0.0, -18.0, 0.0], [25.0, -1.0, 0.0], [-3.0, 22.0, 0.0], [-19.0, -2.0, 0.0], [-3.0, -3.0, 1.0], [21.0, -22.0, 0.0], [2.0, -71.0, 0.0], [4.0, -34.0, 1.0], [-35.0, 109.0, 0.0], [2.0, -4.0, 1.0], [6.0, 0.0, 0.0], [-1.0, -71.0, 0.0], [7.0, -24.0, 1.0], [54.0, -3.0, 0.0], [-1.0, 66.0, 0.0], [-5.0, 41.0, 1.0], [29.0, -106.0, 0.0], [-5.0, 37.0, 0.0], [0.0, 62.0, 1.0], [-31.0, 10.0, 0.0], [15.0, -3.0, 0.0], [27.0, 1.0, 1.0], [-44.0, 3.0, 0.0], [0.0, 47.0, 1.0], [2.0, -10.0, 0.0], [22.0, -5.0, 0.0], [15.0, 0.0, 0.0], [9.0, 4.0, 0.0], [-7.0, -25.0, 0.0], [1.0, -18.0, 1.0], [289.421875, -113.296875, 0.0], [3.0, 39.0, 0.0], [-4.0, 26.0, 0.0], [-17.0, 60.0, 0.0], [-31.0, 62.0, 0.0], [-34.0, 52.0, 1.0], [147.0, -230.0, 0.0], [-71.0, 192.0, 0.0], [-31.0, 66.0, 0.0], [-6.0, 19.0, 1.0], [34.0, -285.0, 0.0], [17.0, -5.0, 0.0], [57.0, -4.0, 1.0], [-2.0, 13.0, 0.0], [2.0, 29.0, 0.0], [-3.0, 64.0, 0.0], [-15.0, 153.0, 0.0], [-7.0, 32.0, 0.0], [58.0, 0.0, 0.0], [13.0, -3.0, 0.0], [-11.0, -144.0, 0.0], [-2.0, -140.0, 0.0], [-2.0, -4.0, 0.0], [-10.0, 0.0, 0.0], [-21.0, 8.0, 1.0], [-69.0, -5.0, 0.0], [-4.0, -31.0, 0.0], [-1.0, -47.0, 1.0], [79.0, 74.0, 0.0], [2.0, -32.0, 0.0], [-3.0, -15.0, 1.0], [-65.0, -40.0, 0.0], [65.0, -3.0, 0.0], [120.0, -13.0, 0.0], [23.0, 2.0, 0.0], [2.0, 193.0, 0.0], [8.0, 71.0, 0.0], [-1.0, 21.0, 1.0], [-10.0, -2.0, 0.0], [3.0, -2.0, 1.0], [3.0, -2.0, 0.0], [5.0, 75.0, 0.0], [-30.0, 11.0, 0.0], [-13.0, -81.0, 0.0], [-6.0, -93.0, 0.0], [-10.0, -92.0, 0.0], [-29.0, 1.0, 0.0], [6.0, 24.0, 0.0], [10.0, 122.0, 0.0], [4.0, 111.0, 0.0], [-4.0, 29.0, 0.0], [-21.0, -2.0, 0.0], [-14.0, -101.0, 0.0], [-5.0, -155.0, 0.0], [-9.0, -34.0, 0.0], [-22.0, 5.0, 1.0], [-52.0, 32.0, 0.0], [-1.0, 3.0, 1.0], [-7.0, 27.0, 0.0], [-1.0, 5.0, 1.0], [-6.0, 29.0, 0.0], [-1.0, 7.0, 1.0], [-36.0, 74.0, 0.0], [-1.0, 4.0, 1.0], [-6.0, 24.0, 0.0], [-3.0, 7.0, 1.0], [-11.0, 26.0, 0.0], [-2.0, 3.0, 1.0], [-10.0, 29.0, 0.0], [-6.0, 13.0, 1.0], [-8.0, 22.0, 0.0], [-4.0, 7.0, 1.0], [-10.0, -68.0, 0.0], [-14.0, 31.0, 0.0], [-21.0, 21.0, 1.0], [88.0, -33.0, 0.0], [-9.0, 25.0, 0.0], [-19.0, 36.0, 1.0]], "gt_class_names": ["yoga", "yoga", "swing set", "waterslide"]}