{"img_id": "sceneid-174-userid-94", "img_w": 1100, "img_h": 770, "object_divisions": [0, 26, 30, 32, 36, 39], "scene_strokes": [[92.0, 80.703125, 0.0], [0.0, 74.0, 0.0], [-7.0, 87.0, 0.0], [-5.0, 139.0, 0.0], [4.0, 54.0, 0.0], [-3.0, 49.0, 1.0], [15.0, -409.0, 0.0], [8.0, -7.0, 0.0], [26.0, -8.0, 1.0], [65.0, -23.0, 0.0], [4.0, -3.0, 1.0], [68.0, -36.0, 0.0], [29.0, -16.0, 0.0], [18.0, -14.0, 0.0], [13.0, -5.0, 0.0], [-8.0, 45.0, 0.0], [-1.0, 47.0, 0.0], [8.0, 101.0, 0.0], [3.0, 92.0, 0.0], [0.0, 131.0, 0.0], [3.0, 31.0, 0.0], [-3.0, 18.0, 1.0], [-226.0, -362.0, 0.0], [14.0, -9.0, 0.0], [29.0, -8.0, 0.0], [94.0, -36.0, 0.0], [54.0, -25.0, 0.0], [21.0, -6.0, 1.0], [-220.0, 246.0, 0.0], [38.0, -16.0, 0.0], [117.0, -66.0, 0.0], [79.0, -40.0, 1.0], [-232.0, 242.0, 0.0], [46.0, -17.0, 1.0], [41.0, -17.0, 0.0], [83.0, -39.0, 0.0], [74.0, -45.0, 1.0], [-214.0, -176.0, 0.0], [2.0, 38.0, 0.0], [-8.0, 133.0, 1.0], [49.0, -178.0, 0.0], [1.0, 88.0, 0.0], [-12.0, 47.0, 0.0], [0.0, 22.0, 1.0], [43.0, -179.0, 0.0], [9.0, 51.0, 0.0], [-9.0, 110.0, 1.0], [42.0, -175.0, 0.0], [0.0, 171.0, 1.0], [38.0, -181.0, 0.0], [-3.0, 11.0, 0.0], [11.0, 91.0, 0.0], [0.0, 37.0, 1.0], [-160.0, 74.0, 0.0], [0.0, 95.0, 0.0], [-3.0, 22.0, 1.0], [40.0, -135.0, 0.0], [-6.0, 15.0, 0.0], [3.0, 129.0, 1.0], [42.0, -172.0, 0.0], [-2.0, 21.0, 0.0], [4.0, 62.0, 0.0], [-5.0, 54.0, 1.0], [48.0, -156.0, 0.0], [-1.0, 43.0, 0.0], [7.0, 63.0, 0.0], [-5.0, 33.0, 1.0], [42.0, -166.0, 0.0], [6.0, 104.0, 0.0], [-5.0, 36.0, 1.0], [-206.0, 213.0, 0.0], [37.0, -14.0, 0.0], [168.0, -87.0, 1.0], [13.0, -6.0, 0.0], [19.0, -11.0, 1.0], [-197.0, -17.0, 0.0], [-2.0, 23.0, 1.0], [6.0, -30.0, 0.0], [-16.0, 134.0, 0.0], [1.0, 15.0, 1.0], [53.0, -161.0, 0.0], [-2.0, 122.0, 1.0], [44.0, -144.0, 0.0], [-4.0, 18.0, 0.0], [3.0, 118.0, 1.0], [52.0, -149.0, 0.0], [0.0, 107.0, 1.0], [36.0, -134.0, 0.0], [-3.0, 45.0, 0.0], [3.0, 72.0, 1.0], [160.0, -156.296875, 0.0], [80.0, -2.0, 0.0], [128.0, 4.0, 0.0], [8.0, -12.0, 0.0], [24.0, -73.0, 0.0], [21.0, -37.0, 0.0], [-64.0, -7.0, 0.0], [-96.0, -18.0, 0.0], [-52.0, -3.0, 0.0], [-9.0, 5.0, 0.0], [-13.0, 16.0, 0.0], [-31.0, 69.0, 0.0], [-35.0, 57.0, 0.0], [-6.0, 19.0, 1.0], [10.0, -13.0, 0.0], [9.0, 147.0, 0.0], [10.0, 39.0, 0.0], [9.0, 15.0, 1.0], [209.0, -203.0, 0.0], [-4.0, 108.0, 0.0], [4.0, 85.0, 1.0], [63.0, -314.0, 0.0], [2.0, 33.0, 0.0], [37.0, 228.0, 1.0], [-222.0, -233.296875, 0.0], [-15.0, 36.0, 0.0], [-14.0, 22.0, 0.0], [12.0, 4.0, 0.0], [65.0, 8.0, 0.0], [8.0, -1.0, 0.0], [6.0, -6.0, 0.0], [22.0, -63.0, 0.0], [-28.0, 2.0, 1.0], [-46.0, -8.0, 0.0], [65.0, 10.0, 1.0], [-47.0, 20.703125, 0.0], [-6.0, 3.0, 0.0], [-5.0, 11.0, 0.0], [3.0, 11.0, 0.0], [6.0, 3.0, 0.0], [8.0, -2.0, 0.0], [12.0, -15.0, 1.0], [1.0, -4.0, 0.0], [-3.0, -7.0, 0.0], [-14.0, 0.0, 1.0], [12.0, 1.0, 0.0], [-6.0, 8.0, 1.0], [4.0, 1.0, 0.0], [4.0, 6.0, 1.0], [6.0, -59.296875, 0.0], [-8.0, 6.0, 0.0], [-8.0, 0.0, 1.0], [18.0, -7.0, 0.0], [-2.0, 15.0, 0.0], [3.0, 3.0, 1.0], [-5.0, -24.0, 0.0], [-39.0, -5.0, 0.0], [-1.0, -9.0, 0.0], [9.0, -47.0, 0.0], [4.0, -2.0, 0.0], [59.0, 3.0, 0.0], [40.0, 10.0, 0.0], [-15.0, 58.0, 0.0], [-5.0, 7.0, 0.0], [-39.0, -14.0, 1.0]], "gt_class_names": ["shelf", "table", "mousepad", "mouse", "computer"]}