{"img_id": "sceneid-69-userid-28", "img_w": 1100, "img_h": 770, "object_divisions": [0, 1, 14, 22], "scene_strokes": [[3.421875, 227.703125, 0.0], [-4.0, -3.0, 0.0], [17.0, -2.0, 0.0], [132.0, 2.0, 0.0], [69.0, -8.0, 0.0], [165.0, 7.0, 0.0], [184.0, -9.0, 0.0], [134.0, -13.0, 0.0], [82.0, -4.0, 0.0], [108.0, 3.0, 0.0], [222.0, 24.0, 0.0], [25.0, 0.0, 1.0], [-880.578125, -184.296875, 0.0], [-2.0, 27.0, 0.0], [4.0, 15.0, 0.0], [2.0, 46.0, 0.0], [40.0, 2.0, 0.0], [21.0, -4.0, 0.0], [23.0, 0.0, 0.0], [2.0, -23.0, 0.0], [-6.0, -94.0, 0.0], [-15.0, -1.0, 0.0], [-39.0, 7.0, 0.0], [-12.0, 0.0, 0.0], [-23.0, -6.0, 0.0], [-6.0, 20.0, 0.0], [0.0, 15.0, 0.0], [8.0, 26.0, 0.0], [3.0, -2.0, 1.0], [18.0, 22.0, 0.0], [-4.0, 1.0, 0.0], [-1.0, 8.0, 0.0], [4.0, 4.0, 0.0], [5.0, -1.0, 0.0], [0.0, -18.0, 0.0], [-4.0, -3.0, 0.0], [-1.0, 3.0, 1.0], [36.0, 1.0, 0.0], [-2.0, 3.0, 0.0], [4.0, 2.0, 0.0], [5.0, -8.0, 0.0], [-5.0, -6.0, 0.0], [-7.0, 4.0, 0.0], [0.0, 5.0, 1.0], [7.0, -53.0, 0.0], [4.0, 6.0, 0.0], [4.0, 0.0, 0.0], [4.0, -7.0, 0.0], [-12.0, -3.0, 0.0], [-4.0, 4.0, 1.0], [-38.0, -2.0, 0.0], [-2.0, 6.0, 0.0], [5.0, 3.0, 0.0], [3.0, -8.0, 0.0], [-9.0, 1.0, 1.0], [60.0, 28.0, 0.0], [4.0, -2.0, 0.0], [0.0, -8.0, 0.0], [-4.0, 5.0, 1.0], [-47.0, 9.0, 0.0], [3.0, 0.0, 0.0], [1.0, -5.0, 0.0], [-3.0, -2.0, 0.0], [-2.0, 3.0, 1.0], [45.0, 53.0, 0.0], [-5.0, -2.0, 0.0], [-12.0, 6.0, 0.0], [-5.0, -1.0, 0.0], [-7.0, -12.0, 0.0], [0.0, -15.0, 0.0], [-5.0, -5.0, 0.0], [-1.0, -9.0, 0.0], [-15.0, 1.0, 0.0], [-6.0, -9.0, 1.0], [27.0, -13.0, 0.0], [-12.0, 0.0, 0.0], [-16.0, -9.0, 0.0], [-9.0, -10.0, 0.0], [0.0, -14.0, 1.0], [35.0, 4.0, 0.0], [0.0, 18.0, 0.0], [13.0, 7.0, 0.0], [7.0, 11.0, 0.0], [6.0, 1.0, 0.0], [9.0, 9.0, 0.0], [2.0, 17.0, 1.0], [5.0, -59.0, 0.0], [-12.0, 13.0, 0.0], [-1.0, 6.0, 0.0], [3.0, 1.0, 1.0], [7.0, 72.0, 0.0], [0.0, -23.0, 0.0], [6.0, -14.0, 0.0], [-1.0, -16.0, 1.0], [-74.0, 63.0, 0.0], [3.0, -6.0, 0.0], [8.0, 1.0, 0.0], [7.0, -5.0, 1.0], [124.421875, -96.296875, 0.0], [-3.0, 63.0, 0.0], [2.0, 39.0, 0.0], [63.0, -2.0, 0.0], [21.0, 1.0, 0.0], [14.0, 5.0, 0.0], [-2.0, -125.0, 0.0], [-38.0, -1.0, 0.0], [-56.0, 8.0, 0.0], [-7.0, 2.0, 0.0], [-5.0, 9.0, 1.0], [21.0, 48.0, 0.0], [-2.0, 8.0, 0.0], [3.0, 6.0, 0.0], [4.0, -2.0, 0.0], [1.0, -11.0, 0.0], [-4.0, -9.0, 0.0], [-3.0, 1.0, 1.0], [35.0, 16.0, 0.0], [-3.0, 9.0, 0.0], [3.0, 6.0, 0.0], [6.0, 3.0, 0.0], [6.0, -8.0, 0.0], [0.0, -10.0, 0.0], [-6.0, -7.0, 0.0], [-5.0, 0.0, 0.0], [-6.0, 8.0, 1.0], [20.0, -56.0, 0.0], [-2.0, 32.0, 0.0], [22.0, -2.0, 0.0], [-2.0, -32.0, 0.0], [-2.0, -7.0, 0.0], [-5.0, -2.0, 0.0], [-17.0, 10.0, 1.0], [3.0, 1.0, 0.0], [-3.0, -1.0, 1.0], [1.0, 0.0, 0.0], [-2.0, -10.0, 0.0], [5.0, 0.0, 0.0], [7.0, -6.0, 0.0], [9.0, 1.0, 0.0], [1.0, 3.0, 1.0], [-6.0, 32.0, 0.0], [2.0, -2.0, 1.0], [-5.0, -13.0, 0.0], [1.0, 0.0, 1.0]], "gt_class_names": ["wall", "map", "map"]}