{"img_id": "sceneid-12-userid-3", "img_w": 1100, "img_h": 770, "object_divisions": [0, 9, 11, 13], "scene_strokes": [[513.0, 319.703125, 0.0], [-3.0, 17.0, 0.0], [2.0, 27.0, 0.0], [-7.0, 21.0, 0.0], [1.0, 31.0, 0.0], [2.0, -1.0, 1.0], [11.0, -99.0, 0.0], [22.0, 10.0, 0.0], [29.0, 27.0, 0.0], [1.0, -2.0, 1.0], [-64.0, -30.0, 0.0], [74.0, -5.0, 0.0], [54.0, 1.0, 0.0], [83.0, -8.0, 0.0], [28.0, 0.0, 0.0], [8.0, 14.0, 0.0], [0.0, 17.0, 0.0], [-23.0, 80.0, 0.0], [-35.0, -3.0, 0.0], [-164.0, -2.0, 0.0], [-9.0, -3.0, 0.0], [-20.0, 1.0, 0.0], [-5.0, -3.0, 0.0], [-1.0, -5.0, 1.0], [138.0, -64.0, 0.0], [-65.0, 71.0, 0.0], [-19.0, 33.0, 0.0], [-1.0, 20.0, 0.0], [21.0, 27.0, 0.0], [14.0, 0.0, 0.0], [23.0, -19.0, 0.0], [59.0, -126.0, 1.0], [-17.0, -37.0, 0.0], [-4.0, 2.0, 0.0], [7.0, -19.0, 0.0], [13.0, -22.0, 0.0], [35.0, -32.0, 0.0], [29.0, -17.0, 0.0], [5.0, 6.0, 0.0], [2.0, 13.0, 0.0], [-8.0, 26.0, 0.0], [-28.0, 52.0, 0.0], [-1.0, -3.0, 1.0], [-33.0, -51.0, 0.0], [78.0, 5.0, 0.0], [9.0, 3.0, 1.0], [-14.0, 64.0, 0.0], [12.0, 23.0, 1.0], [-12.0, -27.0, 0.0], [14.0, -2.0, 0.0], [9.0, 20.0, 0.0], [1.0, 11.0, 0.0], [2.0, -3.0, 1.0], [1.0, 0.0, 0.0], [13.0, -20.0, 0.0], [9.0, -4.0, 0.0], [6.0, 3.0, 0.0], [-3.0, 15.0, 0.0], [-9.0, 13.0, 0.0], [-6.0, 1.0, 0.0], [8.0, 0.0, 0.0], [8.0, 14.0, 0.0], [-7.0, 17.0, 0.0], [-10.0, 0.0, 0.0], [-8.0, -8.0, 0.0], [-1.0, -11.0, 0.0], [2.0, 12.0, 0.0], [-4.0, 11.0, 0.0], [-19.0, 3.0, 0.0], [-9.0, -11.0, 0.0], [-2.0, -11.0, 0.0], [3.0, -7.0, 0.0], [14.0, -12.0, 1.0], [-547.0, -184.296875, 0.0], [1.0, 38.0, 0.0], [-10.0, 71.0, 1.0], [5.0, -116.0, 0.0], [23.0, -4.0, 0.0], [62.0, -3.0, 0.0], [26.0, 5.0, 0.0], [3.0, 3.0, 0.0], [7.0, 24.0, 0.0], [4.0, 75.0, 0.0], [-2.0, 21.0, 0.0], [-5.0, 13.0, 1.0], [509.0, -136.296875, 0.0], [-10.0, 59.0, 0.0], [3.0, 31.0, 0.0], [-2.0, 19.0, 1.0], [8.0, -112.0, 0.0], [12.0, -5.0, 0.0], [26.0, -4.0, 0.0], [22.0, 1.0, 0.0], [29.0, 6.0, 0.0], [13.0, 20.0, 0.0], [16.0, 37.0, 0.0], [0.0, 62.0, 1.0]], "gt_class_names": ["airplane", "exhibition", "exhibition"]}