{"img_id": "sceneid-103-userid-44", "img_w": 1100, "img_h": 770, "object_divisions": [0, 19, 22, 28, 33, 38, 44, 45], "scene_strokes": [[1072.421875, 611.703125, 0.0], [-49.0, -38.0, 0.0], [-57.0, -20.0, 0.0], [-94.0, -54.0, 0.0], [-27.0, -8.0, 0.0], [-38.0, -2.0, 0.0], [-64.0, 4.0, 0.0], [-81.0, 11.0, 0.0], [-42.0, 9.0, 0.0], [-33.0, 14.0, 0.0], [-72.0, 42.0, 0.0], [-29.0, 13.0, 0.0], [-41.0, 14.0, 0.0], [-42.0, 8.0, 0.0], [-82.0, 4.0, 0.0], [-135.0, -15.0, 0.0], [-71.0, -2.0, 0.0], [-48.0, 7.0, 0.0], [-9.0, 5.0, 0.0], [-3.0, 5.0, 0.0], [1.0, 8.0, 1.0], [34.0, -38.0, 0.0], [-32.0, 2.0, 0.0], [-32.0, 7.0, 1.0], [969.0, -31.0, 0.0], [-4.0, -26.0, 0.0], [-21.0, -41.0, 0.0], [-4.0, -3.0, 0.0], [6.0, 17.0, 1.0], [-2.0, 45.0, 0.0], [-9.0, -27.0, 0.0], [-13.0, -26.0, 0.0], [-16.0, -18.0, 1.0], [-6.0, 35.0, 0.0], [-28.0, -45.0, 0.0], [-26.0, -23.0, 1.0], [4.0, 31.0, 0.0], [-18.0, -31.0, 0.0], [-11.0, -11.0, 0.0], [-16.0, -9.0, 0.0], [-9.0, -1.0, 1.0], [-2.0, 38.0, 0.0], [-10.0, -17.0, 0.0], [-17.0, -18.0, 0.0], [-20.0, -9.0, 0.0], [-4.0, 2.0, 1.0], [4.0, 29.0, 0.0], [-7.0, -8.0, 0.0], [-18.0, -10.0, 0.0], [12.0, 14.0, 1.0], [-18.0, 13.0, 0.0], [-15.0, -15.0, 0.0], [-1.0, -3.0, 0.0], [3.0, 2.0, 0.0], [7.0, 8.0, 1.0], [-60.0, -3.0, 0.0], [-7.0, 4.0, 1.0], [-27.0, 61.0, 0.0], [-50.0, -7.0, 1.0], [6.0, 15.0, 0.0], [-22.0, -20.0, 0.0], [-25.0, -14.0, 0.0], [-16.0, -5.0, 0.0], [-12.0, -1.0, 0.0], [-6.0, 7.0, 0.0], [1.0, 9.0, 1.0], [2.0, 30.0, 0.0], [-11.0, 11.0, 0.0], [-79.0, 16.0, 1.0], [-4.0, 49.0, 0.0], [-70.0, -17.0, 1.0], [10.0, 6.0, 0.0], [-68.0, -7.0, 1.0], [-122.0, 34.0, 0.0], [-23.0, -2.0, 1.0], [24.0, -12.0, 0.0], [-30.0, -20.0, 0.0], [4.0, -2.0, 1.0], [35.0, -11.0, 0.0], [10.0, -6.0, 1.0], [248.0, 7.0, 0.0], [-25.0, -12.0, 1.0], [-205.578125, -14.296875, 0.0], [4.0, -7.0, 0.0], [11.0, -4.0, 0.0], [33.0, 0.0, 0.0], [15.0, 10.0, 0.0], [7.0, 18.0, 0.0], [-5.0, 9.0, 0.0], [-27.0, 16.0, 0.0], [-10.0, 1.0, 0.0], [-21.0, -10.0, 0.0], [-11.0, -26.0, 0.0], [-2.0, -9.0, 0.0], [4.0, 1.0, 1.0], [26.0, 12.0, 0.0], [12.0, 2.0, 0.0], [-1.0, 7.0, 0.0], [-16.0, 2.0, 0.0], [-2.0, -5.0, 1.0], [-24.0, -20.0, 0.0], [-3.0, -9.0, 0.0], [14.0, 10.0, 0.0], [0.0, -11.0, 0.0], [4.0, 0.0, 0.0], [10.0, 11.0, 0.0], [3.0, -7.0, 0.0], [7.0, 9.0, 0.0], [1.0, -12.0, 0.0], [8.0, 7.0, 0.0], [2.0, -10.0, 0.0], [3.0, 9.0, 0.0], [6.0, -4.0, 0.0], [4.0, 1.0, 0.0], [-2.0, 5.0, 0.0], [14.0, -1.0, 0.0], [-4.0, 8.0, 0.0], [9.0, 1.0, 0.0], [3.0, 6.0, 0.0], [-8.0, 9.0, 0.0], [2.0, 6.0, 0.0], [-6.0, 3.0, 0.0], [-1.0, 5.0, 0.0], [-8.0, 2.0, 0.0], [8.0, 5.0, 0.0], [-1.0, 3.0, 0.0], [-10.0, 7.0, 0.0], [-5.0, -3.0, 0.0], [1.0, 2.0, 0.0], [-5.0, 3.0, 0.0], [-9.0, -2.0, 0.0], [-2.0, 6.0, 0.0], [-11.0, -3.0, 0.0], [3.0, 4.0, 0.0], [-4.0, 2.0, 0.0], [-18.0, -2.0, 0.0], [9.0, -5.0, 0.0], [4.0, -7.0, 0.0], [-3.0, -7.0, 0.0], [-11.0, 6.0, 0.0], [-3.0, -12.0, 0.0], [4.0, -2.0, 0.0], [-17.0, -6.0, 0.0], [3.0, -9.0, 0.0], [-8.0, -12.0, 0.0], [2.0, -3.0, 0.0], [10.0, 1.0, 1.0], [123.421875, 0.703125, 0.0], [-2.0, 24.0, 1.0], [-3.0, -33.0, 0.0], [41.0, -8.0, 0.0], [52.0, 1.0, 0.0], [9.0, 5.0, 0.0], [3.0, 21.0, 0.0], [-9.0, 5.0, 0.0], [-81.0, 16.0, 0.0], [-14.0, -1.0, 0.0], [-9.0, -5.0, 0.0], [7.0, 1.0, 1.0], [9.0, -37.0, 0.0], [14.0, 7.0, 0.0], [3.0, 13.0, 0.0], [-5.0, 10.0, 0.0], [-18.0, 12.0, 1.0], [31.0, -30.0, 0.0], [39.0, -7.0, 0.0], [5.0, 2.0, 0.0], [2.0, 6.0, 1.0], [-43.0, 10.0, 0.0], [8.0, 1.0, 0.0], [14.0, -8.0, 0.0], [7.0, 3.0, 1.0], [-30.0, 17.0, 0.0], [25.0, -5.0, 1.0], [-279.578125, -60.296875, 0.0], [31.0, 1.0, 0.0], [21.0, 5.0, 1.0], [-32.0, -7.0, 0.0], [-1.0, 36.0, 0.0], [3.0, 12.0, 1.0], [-2.0, -39.0, 0.0], [7.0, 16.0, 0.0], [0.0, 11.0, 0.0], [-6.0, 11.0, 0.0], [1.0, -32.0, 0.0], [8.0, 12.0, 0.0], [3.0, 15.0, 0.0], [-7.0, 10.0, 0.0], [-9.0, 1.0, 0.0], [6.0, -6.0, 0.0], [5.0, 2.0, 0.0], [-2.0, -33.0, 1.0], [-1.0, 16.0, 0.0], [3.0, 5.0, 1.0], [-14.0, 32.0, 0.0], [-1.0, -10.0, 0.0], [4.0, 11.0, 0.0], [6.0, 27.0, 0.0], [12.0, -35.0, 0.0], [-24.0, 0.0, 0.0], [14.0, 5.0, 0.0], [0.0, 5.0, 0.0], [-14.0, 2.0, 0.0], [8.0, 6.0, 0.0], [-5.0, 4.0, 0.0], [2.0, 7.0, 0.0], [2.0, -1.0, 1.0], [510.421875, -166.296875, 0.0], [4.0, -4.0, 0.0], [9.0, -1.0, 0.0], [29.0, 9.0, 0.0], [16.0, 14.0, 0.0], [11.0, 21.0, 0.0], [0.0, 10.0, 0.0], [-5.0, 8.0, 0.0], [-27.0, 6.0, 0.0], [-18.0, 0.0, 0.0], [-18.0, -16.0, 0.0], [-12.0, -27.0, 0.0], [1.0, -11.0, 0.0], [10.0, -4.0, 1.0], [89.0, -54.0, 0.0], [-1.0, -13.0, 0.0], [8.0, -8.0, 0.0], [10.0, -4.0, 0.0], [17.0, -1.0, 0.0], [35.0, 11.0, 0.0], [32.0, 26.0, 0.0], [19.0, 36.0, 0.0], [-2.0, 16.0, 0.0], [-49.0, 29.0, 0.0], [-21.0, 1.0, 0.0], [-12.0, -4.0, 0.0], [-15.0, -14.0, 0.0], [-11.0, -21.0, 0.0], [-4.0, -19.0, 0.0], [3.0, -23.0, 0.0], [11.0, -18.0, 0.0], [9.0, -1.0, 1.0], [-164.0, 94.0, 0.0], [26.0, -14.0, 0.0], [-1.0, -14.0, 0.0], [5.0, -4.0, 0.0], [18.0, -5.0, 0.0], [15.0, 0.0, 0.0], [40.0, 10.0, 0.0], [22.0, -15.0, 0.0], [3.0, -17.0, 0.0], [-6.0, -28.0, 0.0], [2.0, -20.0, 0.0], [18.0, -20.0, 0.0], [31.0, -14.0, 0.0], [28.0, 6.0, 0.0], [29.0, 15.0, 0.0], [31.0, 45.0, 0.0], [-4.0, 11.0, 0.0], [2.0, -10.0, 0.0], [-3.0, -9.0, 0.0], [-14.0, -18.0, 0.0], [6.0, -23.0, 0.0], [-19.0, -13.0, 0.0], [-36.0, -14.0, 0.0], [-29.0, -6.0, 0.0], [-23.0, -1.0, 0.0], [-38.0, 12.0, 0.0], [-29.0, 17.0, 0.0], [-1.0, 6.0, 0.0], [5.0, 7.0, 0.0], [8.0, 31.0, 0.0], [-2.0, 12.0, 0.0], [-55.0, 11.0, 0.0], [-34.0, 0.0, 0.0], [-4.0, 17.0, 0.0], [2.0, 14.0, 0.0], [17.0, 14.0, 0.0], [1.0, 10.0, 1.0], [-14.0, -81.0, 0.0], [3.0, -2.0, 0.0], [6.0, 33.0, 1.0], [-8.0, -44.0, 0.0], [2.0, -3.0, 0.0], [12.0, 1.0, 0.0], [0.0, 10.0, 0.0], [-10.0, 6.0, 0.0], [-9.0, 1.0, 0.0], [0.0, -11.0, 1.0], [56.421875, 9.703125, 0.0], [-9.0, 25.0, 1.0], [15.0, -24.0, 0.0], [5.0, 2.0, 0.0], [7.0, 11.0, 1.0], [-22.0, -22.0, 0.0], [-10.0, -28.0, 0.0], [-1.0, -15.0, 1.0], [-3.0, 26.0, 0.0], [28.0, -9.0, 1.0], [-48.0, -50.0, 0.0], [-2.0, 0.0, 1.0], [3.0, 0.0, 0.0], [14.0, -1.0, 0.0], [9.0, 5.0, 0.0], [10.0, 13.0, 0.0], [-1.0, 13.0, 0.0], [-13.0, 7.0, 0.0], [-12.0, -1.0, 0.0], [-21.0, -6.0, 0.0], [6.0, -7.0, 1.0], [-10.578125, -6.296875, 0.0], [-10.0, -1.0, 0.0], [-6.0, -11.0, 0.0], [2.0, -10.0, 0.0], [11.0, -11.0, 0.0], [46.0, -3.0, 0.0], [25.0, 6.0, 0.0], [5.0, 13.0, 0.0], [-10.0, 7.0, 0.0], [-36.0, 4.0, 0.0], [-37.0, -2.0, 1.0]], "gt_class_names": ["grass", "saw", "wood", "drill", "tractor", "yoga", "hat"]}