{"img_id": "sceneid-120-userid-48", "img_w": 1100, "img_h": 770, "object_divisions": [0, 11, 35, 56, 59, 72], "scene_strokes": [[329.421875, 350.703125, 0.0], [-13.0, -2.0, 0.0], [-21.0, 5.0, 0.0], [-8.0, 7.0, 0.0], [-1.0, 5.0, 0.0], [7.0, 48.0, 0.0], [11.0, 30.0, 0.0], [15.0, 30.0, 0.0], [7.0, 8.0, 0.0], [22.0, 3.0, 0.0], [8.0, -5.0, 0.0], [6.0, -10.0, 0.0], [9.0, -28.0, 0.0], [7.0, -65.0, 0.0], [-5.0, -20.0, 0.0], [-9.0, -9.0, 0.0], [-14.0, -6.0, 0.0], [-34.0, 0.0, 1.0], [-18.0, 3.0, 0.0], [-9.0, -40.0, 0.0], [1.0, -9.0, 0.0], [3.0, -1.0, 0.0], [30.0, 59.0, 1.0], [-4.0, -22.0, 0.0], [8.0, -22.0, 0.0], [15.0, -21.0, 0.0], [3.0, 0.0, 0.0], [-10.0, 41.0, 1.0], [11.0, -7.0, 0.0], [11.0, -6.0, 0.0], [2.0, 2.0, 0.0], [-5.0, 28.0, 1.0], [-17.0, 24.0, 0.0], [11.0, -2.0, 1.0], [4.0, 6.0, 0.0], [-3.0, 6.0, 1.0], [-40.0, 39.0, 0.0], [2.0, 5.0, 1.0], [13.0, 26.0, 0.0], [10.0, 11.0, 1.0], [15.0, 3.0, 0.0], [8.0, -12.0, 1.0], [-9.0, -61.0, 0.0], [-5.0, -7.0, 1.0], [-22.0, 3.0, 0.0], [7.0, 7.0, 1.0], [392.421875, -308.296875, 0.0], [-27.0, -23.0, 0.0], [-35.0, -5.0, 0.0], [-18.0, 1.0, 0.0], [-55.0, 18.0, 0.0], [-38.0, 25.0, 0.0], [-51.0, 47.0, 0.0], [-46.0, 56.0, 0.0], [-45.0, 85.0, 0.0], [-16.0, 51.0, 0.0], [-4.0, 35.0, 0.0], [2.0, 46.0, 0.0], [12.0, 51.0, 0.0], [17.0, 33.0, 0.0], [20.0, 21.0, 0.0], [42.0, 24.0, 0.0], [72.0, 15.0, 0.0], [45.0, 2.0, 0.0], [58.0, -9.0, 0.0], [44.0, -16.0, 0.0], [47.0, -28.0, 0.0], [36.0, -45.0, 0.0], [25.0, -62.0, 0.0], [9.0, -39.0, 0.0], [2.0, -35.0, 0.0], [-11.0, -63.0, 0.0], [-21.0, -64.0, 0.0], [-22.0, -49.0, 0.0], [-22.0, -32.0, 0.0], [-17.0, -17.0, 0.0], [-20.0, -13.0, 0.0], [-33.0, -7.0, 1.0], [-171.0, 43.0, 0.0], [6.0, 25.0, 0.0], [14.0, 19.0, 0.0], [13.0, 11.0, 0.0], [21.0, 11.0, 0.0], [16.0, 2.0, 0.0], [11.0, -5.0, 1.0], [-53.0, -89.0, 0.0], [-1.0, 15.0, 0.0], [14.0, 34.0, 0.0], [28.0, 29.0, 0.0], [14.0, 5.0, 0.0], [3.0, -3.0, 1.0], [197.0, 6.0, 0.0], [-30.0, 29.0, 0.0], [-32.0, 19.0, 0.0], [-31.0, 8.0, 0.0], [-40.0, 4.0, 1.0], [37.0, 58.0, 0.0], [21.0, 24.0, 0.0], [35.0, 17.0, 0.0], [48.0, 9.0, 0.0], [9.0, -3.0, 0.0], [11.0, -11.0, 1.0], [-156.0, -106.0, 0.0], [0.0, 8.0, 0.0], [13.0, 22.0, 0.0], [33.0, 27.0, 0.0], [31.0, 16.0, 0.0], [21.0, 3.0, 0.0], [11.0, -2.0, 1.0], [-73.0, -151.0, 0.0], [-9.0, -1.0, 0.0], [-20.0, 10.0, 0.0], [-52.0, 43.0, 1.0], [-94.0, 55.0, 0.0], [-3.0, 4.0, 0.0], [10.0, 12.0, 0.0], [42.0, 31.0, 0.0], [28.0, 14.0, 0.0], [41.0, 15.0, 1.0], [11.0, 78.0, 0.0], [28.0, 16.0, 0.0], [23.0, 6.0, 0.0], [28.0, -4.0, 1.0], [-103.0, 45.0, 0.0], [-23.0, 6.0, 0.0], [-21.0, 1.0, 0.0], [-40.0, -9.0, 1.0], [-102.0, -20.0, 0.0], [23.0, 7.0, 0.0], [50.0, -3.0, 0.0], [21.0, -4.0, 0.0], [44.0, -19.0, 1.0], [1.0, -51.0, 0.0], [31.0, -5.0, 0.0], [26.0, -9.0, 1.0], [-204.0, -102.0, 0.0], [24.0, 7.0, 0.0], [25.0, 2.0, 1.0], [16.0, -86.0, 0.0], [29.0, 21.0, 0.0], [14.0, 6.0, 1.0], [118.0, -171.0, 0.0], [-10.0, 5.0, 0.0], [-3.0, 7.0, 0.0], [-1.0, 6.0, 0.0], [8.0, 12.0, 0.0], [11.0, 1.0, 0.0], [7.0, -7.0, 0.0], [3.0, -22.0, 0.0], [-3.0, -5.0, 0.0], [-6.0, -2.0, 0.0], [-16.0, 2.0, 1.0], [-3.0, 14.0, 0.0], [2.0, 8.0, 1.0], [19.0, -4.0, 0.0], [-5.0, 12.0, 1.0], [-7.0, 17.0, 0.0], [-12.0, 10.0, 1.0], [-34.0, -24.0, 0.0], [-42.0, 26.0, 1.0], [35.0, -5.0, 0.0], [12.0, 26.0, 0.0], [20.0, 13.0, 1.0], [51.0, -8.0, 0.0], [6.0, -5.0, 0.0], [4.0, -10.0, 1.0], [-23.0, -48.0, 0.0], [15.0, 5.0, 0.0], [10.0, 8.0, 1.0], [-7.0, 28.0, 0.0], [-34.0, 44.0, 1.0], [-109.0, 45.0, 0.0], [-19.0, 14.0, 1.0], [369.421875, 75.703125, 0.0], [-10.0, -66.0, 0.0], [1.0, -23.0, 0.0], [8.0, -39.0, 0.0], [12.0, -31.0, 0.0], [19.0, -35.0, 0.0], [19.0, -18.0, 0.0], [6.0, -1.0, 1.0], [-102.0, 175.0, 0.0], [-12.0, 1.0, 0.0], [-8.0, 10.0, 0.0], [-3.0, 10.0, 0.0], [2.0, 13.0, 0.0], [10.0, 4.0, 0.0], [9.0, -4.0, 0.0], [12.0, -12.0, 0.0], [10.0, -21.0, 1.0], [9.0, 22.0, 0.0], [8.0, 5.0, 0.0], [4.0, 25.0, 0.0], [9.0, 0.0, 0.0], [10.0, -6.0, 0.0], [22.0, -23.0, 1.0], [-19.0, 20.0, 0.0], [11.0, 4.0, 0.0], [22.0, -6.0, 0.0], [15.0, -13.0, 0.0], [5.0, 2.0, 1.0], [-123.0, 15.0, 0.0], [-7.0, 16.0, 0.0], [1.0, 6.0, 0.0], [6.0, 2.0, 0.0], [11.0, -10.0, 0.0], [9.0, -17.0, 1.0], [16.0, 39.0, 0.0], [-1.0, 6.0, 0.0], [11.0, 9.0, 0.0], [5.0, 0.0, 0.0], [21.0, -13.0, 0.0], [11.0, -13.0, 1.0], [-8.0, 14.0, 0.0], [17.0, 8.0, 0.0], [6.0, -1.0, 0.0], [7.0, -8.0, 1.0], [-6.0, -11.0, 0.0], [9.0, 2.0, 0.0], [5.0, -4.0, 1.0], [16.0, -48.0, 0.0], [-6.0, 0.0, 0.0], [1.0, 4.0, 0.0], [10.0, 1.0, 0.0], [19.0, -14.0, 1.0], [-30.0, 71.0, 0.0], [2.0, 5.0, 0.0], [8.0, -1.0, 0.0], [10.0, -10.0, 0.0], [7.0, -16.0, 1.0], [-47.0, 35.0, 0.0], [6.0, 7.0, 0.0], [11.0, 2.0, 0.0], [10.0, -11.0, 1.0], [-129.0, 32.0, 0.0], [2.0, 4.0, 0.0], [12.0, 4.0, 0.0], [10.0, -5.0, 0.0], [9.0, -8.0, 0.0], [11.0, -22.0, 1.0], [9.0, 24.0, 0.0], [-1.0, 16.0, 0.0], [4.0, 5.0, 0.0], [4.0, -1.0, 0.0], [17.0, -29.0, 1.0], [14.0, 11.0, 0.0], [0.0, 10.0, 0.0], [6.0, 5.0, 0.0], [7.0, -3.0, 0.0], [15.0, -20.0, 0.0], [2.0, -12.0, 1.0], [-28.0, 30.0, 0.0], [8.0, 7.0, 0.0], [9.0, 0.0, 0.0], [15.0, -9.0, 1.0], [-99.0, 26.0, 0.0], [0.0, 13.0, 0.0], [5.0, 3.0, 0.0], [8.0, -1.0, 0.0], [14.0, -10.0, 0.0], [13.0, -25.0, 1.0], [-5.0, 36.0, 0.0], [3.0, 7.0, 0.0], [6.0, 1.0, 0.0], [15.0, -12.0, 0.0], [7.0, -11.0, 1.0], [-10.0, 8.0, 0.0], [20.0, 4.0, 1.0], [-47.0, 25.0, 0.0], [-3.0, 7.0, 0.0], [1.0, 8.0, 0.0], [5.0, 5.0, 0.0], [7.0, -2.0, 0.0], [7.0, -16.0, 1.0], [-31.0, 52.0, 0.0], [0.0, 3.0, 0.0], [9.0, 3.0, 0.0], [9.0, -4.0, 0.0], [7.0, -15.0, 1.0], [-33.0, 43.0, 0.0], [12.0, -2.0, 0.0], [10.0, -13.0, 1.0], [-440.578125, -343.296875, 0.0], [-7.0, -4.0, 0.0], [-16.0, -2.0, 0.0], [-39.0, 1.0, 0.0], [-58.0, 17.0, 0.0], [-35.0, 15.0, 0.0], [-36.0, 25.0, 0.0], [-32.0, 30.0, 0.0], [-25.0, 34.0, 0.0], [-14.0, 34.0, 0.0], [-6.0, 29.0, 0.0], [0.0, 34.0, 0.0], [4.0, 30.0, 0.0], [4.0, 23.0, 0.0], [10.0, 29.0, 0.0], [17.0, 36.0, 0.0], [22.0, 34.0, 0.0], [22.0, 22.0, 0.0], [36.0, 24.0, 0.0], [34.0, 15.0, 0.0], [48.0, 13.0, 0.0], [78.0, 13.0, 0.0], [293.0, 16.0, 0.0], [66.0, -2.0, 0.0], [25.0, -4.0, 0.0], [36.0, -9.0, 0.0], [41.0, -16.0, 0.0], [25.0, -13.0, 0.0], [30.0, -28.0, 0.0], [22.0, -43.0, 0.0], [8.0, -41.0, 0.0], [2.0, -46.0, 0.0], [-3.0, -33.0, 0.0], [-6.0, -21.0, 0.0], [-28.0, -45.0, 0.0], [-17.0, -18.0, 1.0], [-761.0, 69.0, 0.0], [-8.0, -3.0, 0.0], [-4.0, 11.0, 0.0], [-15.0, 74.0, 0.0], [5.0, 60.0, 0.0], [18.0, 61.0, 0.0], [27.0, 62.0, 0.0], [39.0, 61.0, 0.0], [36.0, 43.0, 0.0], [52.0, 46.0, 1.0], [650.0, -271.0, 0.0], [9.0, 18.0, 0.0], [-4.0, 35.0, 0.0], [-16.0, 53.0, 0.0], [-12.0, 26.0, 0.0], [-22.0, 36.0, 0.0], [-36.0, 47.0, 0.0], [-52.0, 48.0, 1.0], [-771.578125, -533.296875, 0.0], [-5.0, 7.0, 0.0], [-4.0, -154.0, 0.0], [6.0, -68.0, 0.0], [5.0, -8.0, 0.0], [8.0, -3.0, 0.0], [19.0, 4.0, 0.0], [3.0, 11.0, 0.0], [0.0, 145.0, 0.0], [-5.0, 66.0, 1.0], [-46.0, 0.0, 0.0], [-7.0, 8.0, 0.0], [-9.0, 22.0, 0.0], [-8.0, 31.0, 0.0], [-4.0, 36.0, 0.0], [-11.0, 152.0, 0.0], [1.0, 57.0, 0.0], [6.0, 53.0, 0.0], [7.0, 25.0, 0.0], [10.0, 13.0, 0.0], [8.0, 3.0, 0.0], [60.0, 4.0, 0.0], [22.0, -12.0, 0.0], [5.0, -10.0, 0.0], [3.0, -25.0, 0.0], [5.0, -287.0, 0.0], [0.0, -40.0, 0.0], [-8.0, -36.0, 0.0], [-8.0, -9.0, 0.0], [-18.0, -1.0, 1.0], [-32.0, -200.0, 0.0], [23.0, 1.0, 0.0], [7.0, 6.0, 1.0], [-41.0, 25.0, 0.0], [23.0, 2.0, 1.0], [-62.0, 351.0, 0.0], [26.0, 11.0, 0.0], [35.0, 6.0, 0.0], [27.0, -1.0, 0.0], [11.0, -8.0, 1.0], [-108.0, 80.0, 0.0], [17.0, 12.0, 0.0], [17.0, 5.0, 0.0], [52.0, 2.0, 0.0], [20.0, -9.0, 0.0], [10.0, -20.0, 1.0], [-106.0, -30.0, 0.0], [4.0, 28.0, 0.0], [-4.0, -14.0, 0.0], [-1.0, -23.0, 0.0], [5.0, -10.0, 0.0], [8.0, -1.0, 0.0], [2.0, 11.0, 0.0], [-3.0, 6.0, 0.0], [-6.0, 4.0, 0.0], [-8.0, -4.0, 1.0], [14.0, 6.0, 0.0], [2.0, 18.0, 0.0], [2.0, -16.0, 0.0], [4.0, -6.0, 0.0], [7.0, -3.0, 1.0], [2.0, 6.0, 0.0], [-1.0, 4.0, 0.0], [4.0, 3.0, 0.0], [1.0, -19.0, 1.0], [17.0, -3.0, 0.0], [-3.0, 10.0, 0.0], [5.0, 15.0, 0.0], [-3.0, 7.0, 0.0], [-7.0, 2.0, 1.0], [13.0, -4.0, 0.0], [7.0, -10.0, 0.0], [1.0, -9.0, 0.0], [-2.0, -5.0, 0.0], [-7.0, 0.0, 