{"img_id": "sceneid-5-userid-1", "img_w": 1100, "img_h": 770, "object_divisions": [0, 13, 16, 18, 19, 20, 23, 24, 26, 27, 28, 29, 30, 40], "scene_strokes": [[333.0, 161.703125, 0.0], [2.0, 184.0, 0.0], [-7.0, 128.0, 0.0], [8.0, 93.0, 0.0], [1.0, 97.0, 1.0], [-10.0, -501.0, 0.0], [74.0, 4.0, 0.0], [39.0, -5.0, 0.0], [34.0, -13.0, 0.0], [5.0, 5.0, 0.0], [-11.0, 168.0, 0.0], [3.0, 45.0, 0.0], [-3.0, 75.0, 0.0], [7.0, 93.0, 0.0], [2.0, 135.0, 0.0], [-5.0, 3.0, 0.0], [-34.0, -3.0, 0.0], [-35.0, 1.0, 0.0], [-30.0, -4.0, 0.0], [-36.0, 1.0, 1.0], [-12.0, -506.0, 0.0], [21.0, -19.0, 0.0], [35.0, -24.0, 0.0], [59.0, -34.0, 0.0], [35.0, 14.0, 0.0], [26.0, 6.0, 0.0], [43.0, 0.0, 0.0], [-5.0, 7.0, 0.0], [-44.0, 30.0, 0.0], [-27.0, 25.0, 1.0], [63.0, -53.0, 0.0], [4.0, 1.0, 0.0], [3.0, 19.0, 0.0], [-4.0, 126.0, 0.0], [17.0, 101.0, 0.0], [5.0, 48.0, 0.0], [-1.0, 117.0, 0.0], [-9.0, 58.0, 0.0], [3.0, 38.0, 0.0], [-14.0, 21.0, 0.0], [-31.0, 24.0, 1.0], [-121.0, 0.0, 0.0], [2.0, -4.0, 1.0], [-8.0, 11.0, 0.0], [4.0, -8.0, 0.0], [-3.0, -50.0, 0.0], [16.0, -4.0, 0.0], [31.0, 12.0, 0.0], [2.0, 17.0, 0.0], [-4.0, 36.0, 1.0], [-52.0, -143.0, 0.0], [2.0, 41.0, 0.0], [29.0, 12.0, 0.0], [7.0, -1.0, 0.0], [0.0, -45.0, 0.0], [-19.0, -12.0, 0.0], [-18.0, 0.0, 1.0], [-1.0, -86.0, 0.0], [4.0, 33.0, 0.0], [12.0, 2.0, 0.0], [17.0, -18.0, 0.0], [1.0, -16.0, 0.0], [-5.0, -19.0, 0.0], [-19.0, 2.0, 0.0], [-7.0, 5.0, 1.0], [-1.0, -108.0, 0.0], [4.0, 23.0, 0.0], [6.0, 9.0, 0.0], [6.0, 0.0, 0.0], [14.0, -14.0, 0.0], [0.0, -20.0, 0.0], [4.0, -16.0, 0.0], [-25.0, -13.0, 0.0], [-7.0, 0.0, 0.0], [-7.0, 6.0, 1.0], [120.0, -42.0, 0.0], [1.0, 33.0, 0.0], [8.0, 10.0, 0.0], [11.0, -3.0, 0.0], [3.0, -16.0, 0.0], [-8.0, -17.0, 0.0], [-12.0, -6.0, 1.0], [7.0, 82.0, 0.0], [8.0, 54.0, 0.0], [18.0, -3.0, 0.0], [4.0, -25.0, 0.0], [-5.0, -26.0, 0.0], [-2.0, -4.0, 0.0], [-5.0, 1.0, 0.0], [0.0, -4.0, 1.0], [-25.0, 110.0, 0.0], [2.0, 31.0, 0.0], [8.0, 6.0, 0.0], [22.0, 3.0, 0.0], [8.0, -33.0, 0.0], [-1.0, -10.0, 0.0], [-12.0, -9.0, 0.0], [-9.0, 5.0, 1.0], [-3.0, 101.0, 0.0], [1.0, 27.0, 0.0], [16.0, -7.0, 0.0], [9.0, -12.0, 0.0], [-16.0, -18.0, 1.0], [-138.0, -336.296875, 0.0], [-4.0, -1.0, 0.0], [-9.0, 8.0, 0.0], [-8.0, 12.0, 0.0], [-6.0, 24.0, 0.0], [5.0, 26.0, 0.0], [9.0, 9.0, 0.0], [31.0, 11.0, 0.0], [21.0, -5.0, 0.0], [16.0, -9.0, 0.0], [8.0, -12.0, 0.0], [2.0, -16.0, 0.0], [-3.0, -17.0, 0.0], [-8.0, -17.0, 0.0], [-15.0, -13.0, 0.0], [-17.0, -7.0, 0.0], [-16.0, 2.0, 1.0], [4.0, 22.0, 0.0], [1.0, 36.0, 1.0], [2.0, 1.0, 0.0], [13.0, 13.0, 0.0], [8.0, 5.0, 0.0], [4.0, -1.0, 1.0], [10.0, -143.296875, 0.0], [-8.0, -2.0, 0.0], [-5.0, 4.0, 0.0], [-6.0, 15.0, 0.0], [2.0, 13.0, 0.0], [4.0, 5.0, 0.0], [11.0, 3.0, 0.0], [18.0, -8.0, 0.0], [3.0, -7.0, 0.0], [-1.0, -12.0, 0.0], [-6.0, -9.0, 0.0], [-11.0, -4.0, 1.0], [-6.0, 22.0, 0.0], [11.0, -10.0, 0.0], [4.0, 11.0, 0.0], [-12.0, 13.0, 0.0], [-3.0, -12.0, 1.0], [-304.0, -93.296875, 0.0], [-19.0, 13.0, 0.0], [-18.0, 24.0, 0.0], [7.0, 25.0, 0.0], [0.0, 30.0, 0.0], [31.0, 30.0, 0.0], [16.0, 2.0, 0.0], [19.0, -4.0, 0.0], [18.0, 12.0, 0.0], [42.0, -16.0, 0.0], [27.0, -18.0, 0.0], [12.0, -28.0, 0.0], [-18.0, -12.0, 0.0], [-17.0, -22.0, 0.0], [-40.0, -29.0, 0.0], [-7.0, -4.0, 0.0], [-20.0, -1.0, 1.0], [178.0, -13.296875, 0.0], [-24.0, 3.0, 0.0], [-18.0, 14.0, 0.0], [-7.0, 17.0, 0.0], [2.0, 9.0, 0.0], [5.0, 4.0, 0.0], [46.0, 1.0, 0.0], [19.0, 6.0, 0.0], [28.0, -25.0, 0.0], [14.0, -8.0, 0.0], [9.0, -18.0, 0.0], [-9.0, -7.0, 0.0], [-40.0, -6.0, 0.0], [-18.0, 3.0, 1.0], [220.0, -2.296875, 0.0], [-18.0, 12.0, 0.0], [-3.0, 5.0, 0.0], [1.0, 6.0, 0.0], [10.0, 9.0, 0.0], [24.0, 9.0, 0.0], [25.0, 29.0, 0.0], [-4.0, 31.0, 0.0], [5.0, 2.0, 0.0], [34.0, 6.0, 0.0], [74.0, -5.0, 0.0], [15.0, -10.0, 0.0], [11.0, -15.0, 0.0], [0.0, -9.0, 0.0], [-7.0, -14.0, 1.0], [-30.0, -16.0, 0.0], [-3.0, -15.0, 0.0], [-7.0, -9.0, 1.0], [-14.0, -7.0, 0.0], [-36.0, -8.0, 0.0], [-11.0, -10.0, 0.0], [-20.0, 2.0, 1.0], [241.0, 37.703125, 0.0], [-31.0, 22.0, 0.0], [11.0, 13.0, 0.0], [4.0, 24.0, 0.0], [6.0, 11.0, 0.0], [-3.0, 23.0, 0.0], [2.0, 5.0, 0.0], [46.0, 10.0, 0.0], [25.0, -5.0, 0.0], [11.0, -3.0, 0.0], [28.0, -25.0, 0.0], [-7.0, -17.0, 0.0], [3.0, -31.0, 0.0], [-5.0, -7.0, 0.0], [-21.0, -13.0, 0.0], [-19.0, -19.0, 0.0], [-9.0, -5.0, 0.0], [-17.0, -3.0, 0.0], [-23.0, 5.0, 1.0], [-96.0, 140.703125, 0.0], [-16.0, -4.0, 0.0], [-16.0, 1.0, 0.0], [-20.0, 7.0, 0.0], [-8.0, 6.0, 0.0], [0.0, 4.0, 0.0], [33.0, 25.0, 0.0], [9.0, 15.0, 0.0], [17.0, 2.0, 0.0], [20.0, -3.0, 0.0], [6.0, 3.0, 0.0], [5.0, 9.0, 0.0], [6.0, 1.0, 0.0], [30.0, -6.0, 0.0], [19.0, 3.0, 0.0], [44.0, -14.0, 0.0], [11.0, -8.0, 0.0], [3.0, -9.0, 0.0], [-4.0, -11.0, 1.0], [-17.0, -14.0, 0.0], [-106.0, -16.0, 0.0], [-15.0, 3.0, 1.0], [199.0, 23.703125, 0.0], [-5.0, 6.0, 0.0], [11.0, 8.0, 0.0], [33.0, 8.0, 0.0], [0.0, 11.0, 0.0], [6.0, 4.0, 0.0], [20.0, 0.0, 0.0], [24.0, -18.0, 0.0], [7.0, -12.0, 0.0], [-8.0, -30.0, 0.0], [-21.0, -17.0, 0.0], [-28.0, -5.0, 1.0], [-377.0, 9.703125, 0.0], [-39.0, 16.0, 0.0], [-13.0, 11.0, 0.0], [14.0, 12.0, 0.0], [13.0, 17.0, 0.0], [26.0, -4.0, 0.0], [9.0, 7.0, 0.0], [22.0, -14.0, 0.0], [11.0, -23.0, 0.0], [-8.0, -24.0, 0.0], [-9.0, -4.0, 1.0], [-591.0, 32.703125, 0.0], [-14.0, 17.0, 0.0], [-1.0, 16.0, 0.0], [3.0, 6.0, 0.0], [27.0, -6.0, 0.0], [7.0, 5.0, 0.0], [8.0, 20.0, 0.0], [16.0, 0.0, 0.0], [14.0, 6.0, 0.0], [19.0, -7.0, 0.0], [23.0, 8.0, 0.0], [16.0, -15.0, 0.0], [3.0, -16.0, 0.0], [-2.0, -12.0, 0.0], [-50.0, -19.0, 0.0], [-11.0, -1.0, 0.0], [-22.0, 12.0, 1.0], [173.0, -27.296875, 0.0], [-11.0, 2.0, 0.0], [-11.0, 7.0, 0.0], [-9.0, 17.0, 0.0], [3.0, 6.0, 0.0], [25.0, 5.0, 0.0], [12.0, -1.0, 0.0], [23.0, -14.0, 0.0], [6.0, -31.0, 0.0], [-5.0, -7.0, 0.0], [-25.0, -1.0, 0.0], [-11.0, 4.0, 1.0], [799.0, -134.296875, 0.0], [-2.0, -6.0, 0.0], [-11.0, -2.0, 0.0], [-17.0, 4.0, 0.0], [-16.0, 10.0, 0.0], [-9.0, 10.0, 0.0], [-8.0, 18.0, 0.0], [-3.0, 20.0, 0.0], [2.0, 13.0, 0.0], [8.0, 11.0, 0.0], [14.0, 10.0, 0.0], [27.0, 1.0, 0.0], [26.0, -9.0, 0.0], [25.0, -21.0, 0.0], [4.0, -7.0, 0.0], [0.0, -8.0, 0.0], [-13.0, -37.0, 0.0], [-14.0, -14.0, 0.0], [-7.0, -4.0, 0.0], [-12.0, -1.0, 1.0], [-47.0, 18.0, 0.0], [-21.0, -19.0, 1.0], [40.0, 11.0, 0.0], [3.0, -9.0, 0.0], [13.0, -12.0, 1.0], [20.0, 16.0, 0.0], [9.0, -7.0, 0.0], [15.0, -5.0, 1.0], [2.0, 39.0, 0.0], [29.0, 8.0, 1.0], [-34.0, 44.0, 0.0], [17.0, 19.0, 1.0], [-51.0, 4.0, 0.0], [-1.0, 19.0, 1.0], [-46.0, -13.0, 0.0], [-20.0, 23.0, 1.0], [2.0, -63.0, 0.0], [-17.0, -12.0, 1.0], [17.0, -22.0, 0.0], [-11.0, -15.0, 1.0]], "gt_class_names": ["tower", "clock", "compass", "cloud", "cloud", "cloud", "cloud", "cloud", "cloud", "cloud", "cloud", "cloud", "sun"]}