{"img_id": "sceneid-158-userid-74", "img_w": 1100, "img_h": 770, "object_divisions": [0, 1, 12], "scene_strokes": [[376.0, 575.703125, 0.0], [-4.0, -1.0, 0.0], [-5.0, -19.0, 0.0], [4.0, -80.0, 0.0], [140.0, -19.0, 0.0], [80.0, -3.0, 0.0], [40.0, -6.0, 0.0], [13.0, 0.0, 0.0], [10.0, 7.0, 0.0], [6.0, 36.0, 0.0], [0.0, 57.0, 0.0], [2.0, 6.0, 0.0], [10.0, 1.0, 0.0], [-6.0, -84.0, 0.0], [-7.0, -38.0, 0.0], [-79.0, 1.0, 0.0], [-77.0, 14.0, 0.0], [-99.0, 0.0, 0.0], [-37.0, 8.0, 0.0], [-10.0, 5.0, 0.0], [-7.0, 11.0, 0.0], [-1.0, 18.0, 0.0], [8.0, 49.0, 0.0], [-3.0, 32.0, 0.0], [5.0, 14.0, 0.0], [12.0, -5.0, 1.0], [263.0, -436.296875, 0.0], [-24.0, -1.0, 0.0], [-15.0, 5.0, 0.0], [-13.0, 14.0, 0.0], [-5.0, 16.0, 0.0], [2.0, 23.0, 0.0], [9.0, 20.0, 0.0], [11.0, 13.0, 0.0], [29.0, 16.0, 0.0], [25.0, 3.0, 0.0], [17.0, -3.0, 0.0], [16.0, -7.0, 0.0], [13.0, -13.0, 0.0], [8.0, -15.0, 0.0], [1.0, -11.0, 0.0], [-11.0, -25.0, 0.0], [-26.0, -23.0, 0.0], [-26.0, -12.0, 0.0], [-33.0, -8.0, 1.0], [2.0, 39.0, 0.0], [-2.0, 5.0, 0.0], [3.0, 7.0, 0.0], [3.0, 0.0, 0.0], [2.0, -13.0, 0.0], [-4.0, -4.0, 0.0], [-6.0, 2.0, 1.0], [43.0, 11.0, 0.0], [10.0, 0.0, 0.0], [4.0, -7.0, 0.0], [-3.0, -7.0, 0.0], [-6.0, 0.0, 1.0], [-39.0, 48.0, 0.0], [26.0, 5.0, 0.0], [16.0, -6.0, 1.0], [-23.0, -23.0, 0.0], [7.0, 0.0, 0.0], [2.0, 11.0, 1.0], [-8.0, -1.0, 0.0], [-10.0, -14.0, 1.0], [-37.0, -32.0, 0.0], [-2.0, -18.0, 0.0], [-7.0, -9.0, 0.0], [-10.0, -5.0, 0.0], [2.0, 29.0, 0.0], [5.0, 10.0, 1.0], [86.0, -11.0, 0.0], [-4.0, -9.0, 0.0], [2.0, -16.0, 0.0], [8.0, -6.0, 0.0], [15.0, 5.0, 0.0], [-4.0, 13.0, 0.0], [-11.0, 11.0, 1.0], [-85.0, 70.0, 0.0], [-7.0, -5.0, 0.0], [-20.0, -2.0, 0.0], [-14.0, 6.0, 0.0], [-10.0, 10.0, 0.0], [-35.0, 84.0, 0.0], [-10.0, 42.0, 0.0], [9.0, 18.0, 0.0], [9.0, 0.0, 0.0], [8.0, -6.0, 0.0], [25.0, -49.0, 0.0], [16.0, -51.0, 0.0], [13.0, -11.0, 0.0], [6.0, 2.0, 0.0], [2.0, 7.0, 0.0], [-7.0, 20.0, 0.0], [-11.0, 9.0, 0.0], [-6.0, 10.0, 0.0], [-3.0, 38.0, 0.0], [9.0, 31.0, 0.0], [13.0, 21.0, 0.0], [16.0, 36.0, 0.0], [12.0, 14.0, 0.0], [15.0, 39.0, 0.0], [23.0, 40.0, 0.0], [18.0, 55.0, 0.0], [8.0, 37.0, 0.0], [10.0, 25.0, 0.0], [6.0, 6.0, 0.0], [15.0, 0.0, 0.0], [5.0, -7.0, 0.0], [-3.0, -14.0, 0.0], [-14.0, -28.0, 0.0], [-15.0, -52.0, 0.0], [-17.0, -37.0, 0.0], [-13.0, -19.0, 0.0], [0.0, 20.0, 0.0], [2.0, -1.0, 1.0], [56.0, 129.0, 0.0], [1.0, 3.0, 1.0], [-1.0, 3.0, 0.0], [-1.0, 4.0, 0.0], [5.0, -1.0, 0.0], [5.0, -18.0, 0.0], [4.0, -27.0, 0.0], [1.0, -41.0, 0.0], [-26.0, -61.0, 0.0], [1.0, -19.0, 0.0], [-12.0, -26.0, 0.0], [45.0, 110.0, 0.0], [17.0, 22.0, 0.0], [18.0, 14.0, 0.0], [17.0, 5.0, 0.0], [17.0, -6.0, 0.0], [7.0, -16.0, 0.0], [-1.0, -29.0, 0.0], [-15.0, -37.0, 0.0], [-16.0, -24.0, 0.0], [-44.0, -43.0, 0.0], [-11.0, -21.0, 0.0], [1.0, -6.0, 0.0], [9.0, -12.0, 0.0], [0.0, -19.0, 0.0], [-5.0, -13.0, 0.0], [-6.0, -50.0, 0.0], [0.0, -51.0, 0.0], [6.0, -5.0, 0.0], [4.0, 2.0, 0.0], [25.0, 48.0, 0.0], [32.0, 31.0, 0.0], [23.0, 8.0, 0.0], [12.0, 0.0, 0.0], [14.0, -8.0, 0.0], [3.0, -12.0, 0.0], [-11.0, -32.0, 0.0], [-11.0, -18.0, 0.0], [-17.0, -19.0, 0.0], [-27.0, -21.0, 0.0], [-16.0, -9.0, 0.0], [-27.0, -9.0, 0.0], [-17.0, 1.0, 0.0], [-13.0, 7.0, 1.0]], "gt_class_names": ["bench", "panda"]}