{"img_id": "sceneid-167-userid-99", "img_w": 1100, "img_h": 770, "object_divisions": [0, 4, 19, 32, 34], "scene_strokes": [[127.0, 453.703125, 0.0], [-7.0, -4.0, 0.0], [-13.0, 0.0, 0.0], [-7.0, 5.0, 0.0], [0.0, 5.0, 0.0], [18.0, 9.0, 0.0], [27.0, 6.0, 0.0], [81.0, 10.0, 0.0], [75.0, 1.0, 0.0], [19.0, -4.0, 1.0], [-194.0, -30.0, 0.0], [83.0, 2.0, 0.0], [117.0, 9.0, 0.0], [15.0, 9.0, 0.0], [3.0, 10.0, 0.0], [-47.0, 13.0, 1.0], [-165.0, -1.0, 0.0], [-15.0, -1.0, 0.0], [-3.0, -8.0, 0.0], [7.0, -5.0, 0.0], [17.0, 0.0, 0.0], [6.0, 7.0, 0.0], [-2.0, 4.0, 0.0], [-6.0, 4.0, 0.0], [-8.0, 0.0, 0.0], [-2.0, -3.0, 1.0], [170.0, 15.0, 0.0], [-14.0, 4.0, 0.0], [-9.0, -2.0, 0.0], [1.0, -10.0, 0.0], [16.0, -5.0, 0.0], [11.0, 2.0, 0.0], [0.0, 7.0, 0.0], [-13.0, 8.0, 0.0], [-6.0, 0.0, 0.0], [-2.0, -4.0, 1.0], [-71.0, -245.296875, 0.0], [-9.0, 0.0, 0.0], [-11.0, 7.0, 0.0], [-5.0, 11.0, 0.0], [1.0, 12.0, 0.0], [6.0, 8.0, 0.0], [11.0, 5.0, 0.0], [10.0, 1.0, 0.0], [17.0, -4.0, 0.0], [5.0, -5.0, 0.0], [2.0, -8.0, 0.0], [-5.0, -12.0, 0.0], [-10.0, -9.0, 0.0], [-15.0, -3.0, 1.0], [-5.0, 43.0, 0.0], [-8.0, 3.0, 0.0], [-6.0, 17.0, 0.0], [1.0, 46.0, 0.0], [2.0, 14.0, 0.0], [1.0, 2.0, 0.0], [1.0, -3.0, 1.0], [-3.0, 5.0, 0.0], [23.0, -10.0, 1.0], [0.0, 0.0, 0.0], [-8.0, -45.0, 1.0], [11.0, 51.0, 0.0], [7.0, 83.0, 0.0], [16.0, -3.0, 0.0], [2.0, -7.0, 0.0], [3.0, -51.0, 0.0], [-6.0, -23.0, 1.0], [7.0, 80.0, 0.0], [20.0, -5.0, 0.0], [3.0, -37.0, 0.0], [-5.0, -35.0, 0.0], [-9.0, -16.0, 0.0], [-4.0, -2.0, 1.0], [-19.0, -72.0, 0.0], [14.0, 0.0, 0.0], [18.0, 10.0, 0.0], [6.0, 6.0, 0.0], [11.0, 28.0, 1.0], [-4.0, 3.0, 0.0], [4.0, 13.0, 1.0], [1.0, -2.0, 0.0], [-18.0, 6.0, 0.0], [-10.0, -25.0, 0.0], [-9.0, -9.0, 0.0], [-7.0, -1.0, 1.0], [-1.0, 2.0, 0.0], [27.0, 66.0, 1.0], [-78.0, -101.0, 0.0], [34.0, -23.0, 1.0], [-34.0, 23.0, 0.0], [-5.0, 5.0, 0.0], [-12.0, 4.0, 1.0], [48.0, -8.0, 0.0], [11.0, 3.0, 0.0], [7.0, -2.0, 1.0], [-39.0, 93.0, 0.0], [-4.0, 13.0, 0.0], [5.0, 0.0, 0.0], [3.0, -4.0, 0.0], [0.0, 9.0, 0.0], [4.0, -5.0, 0.0], [2.0, 3.0, 0.0], [4.0, -3.0, 0.0], [0.0, 3.0, 0.0], [5.0, -1.0, 0.0], [0.0, -24.0, 1.0], [54.0, -15.0, 0.0], [4.0, 13.0, 0.0], [4.0, -5.0, 0.0], [1.0, 3.0, 0.0], [6.0, 0.0, 0.0], [-2.0, -17.0, 1.0], [134.0, 117.703125, 0.0], [-8.0, 40.0, 1.0], [2.0, 4.0, 0.0], [19.0, -2.0, 1.0], [0.0, -2.0, 0.0], [12.0, -37.0, 1.0], [-12.0, 43.0, 0.0], [9.0, 0.0, 0.0], [6.0, -8.0, 0.0], [12.0, -33.0, 1.0], [1.0, 4.0, 0.0], [27.0, 1.0, 0.0], [20.0, -3.0, 1.0], [-3.0, 7.0, 0.0], [-15.0, 41.0, 1.0], [3.0, -1.0, 0.0], [20.0, -4.0, 0.0], [9.0, -39.0, 1.0], [-8.0, 41.0, 0.0], [16.0, -6.0, 0.0], [5.0, -18.0, 0.0], [-1.0, -17.0, 1.0], [-117.0, -7.0, 0.0], [-6.0, -11.0, 0.0], [1.0, -13.0, 1.0], [-5.0, 0.0, 0.0], [-27.0, 7.0, 0.0], [-19.0, -2.0, 0.0], [-5.0, -5.0, 0.0], [28.0, 0.0, 0.0], [31.0, -17.0, 0.0], [20.0, -6.0, 0.0], [15.0, 0.0, 0.0], [56.0, 10.0, 0.0], [23.0, 0.0, 0.0], [7.0, -3.0, 1.0], [-1.0, 5.0, 0.0], [12.0, -10.0, 0.0], [7.0, -32.0, 0.0], [7.0, 26.0, 0.0], [5.0, 8.0, 0.0], [35.0, 4.0, 0.0], [7.0, 4.0, 0.0], [-8.0, 18.0, 0.0], [-10.0, 8.0, 0.0], [-26.0, -3.0, 0.0], [-9.0, -5.0, 0.0], [-1.0, 8.0, 0.0], [-10.0, 12.0, 0.0], [-14.0, 7.0, 0.0], [-11.0, 1.0, 1.0], [59.0, -30.0, 0.0], [17.0, 6.0, 1.0], [-33.0, -32.0, 0.0], [-4.0, 1.0, 0.0], [4.0, -2.0, 0.0], [0.0, 4.0, 0.0], [-2.0, -1.0, 0.0], [3.0, 1.0, 1.0], [-8.0, 34.703125, 0.0], [-8.0, -1.0, 0.0], [-7.0, -8.0, 0.0], [-7.0, -17.0, 0.0], [10.0, 4.0, 0.0], [6.0, 6.0, 0.0], [4.0, 16.0, 0.0], [-15.0, -13.0, 0.0], [-4.0, -8.0, 0.0], [5.0, -4.0, 0.0], [7.0, 1.0, 0.0], [7.0, 13.0, 0.0], [-1.0, 6.0, 1.0], [-262.0, -88.0, 0.0], [36.0, 11.0, 0.0], [94.0, 12.0, 0.0], [63.0, 12.0, 0.0], [11.0, 7.0, 0.0], [25.0, 8.0, 0.0], [12.0, 9.0, 0.0], [8.0, 11.0, 0.0], [5.0, -1.0, 1.0]], "gt_class_names": ["skateboard", "yoga", "dog", "dog collar"]}