{"img_id": "sceneid-98-userid-63", "img_w": 1100, "img_h": 770, "object_divisions": [0, 7, 8, 9, 10, 13, 14, 18, 21, 22, 23, 25, 27, 36, 38], "scene_strokes": [[829.421875, 106.703125, 0.0], [6.0, 1.0, 0.0], [9.0, 8.0, 0.0], [7.0, 15.0, 0.0], [2.0, 15.0, 0.0], [-5.0, 25.0, 0.0], [-6.0, 9.0, 0.0], [-8.0, 7.0, 0.0], [-13.0, 5.0, 0.0], [-19.0, -3.0, 0.0], [-18.0, -19.0, 0.0], [-7.0, -22.0, 0.0], [-1.0, -18.0, 0.0], [9.0, -16.0, 0.0], [13.0, -5.0, 0.0], [20.0, 2.0, 1.0], [36.0, -3.0, 0.0], [34.0, -25.0, 0.0], [17.0, -6.0, 0.0], [9.0, 0.0, 1.0], [-44.0, 114.0, 0.0], [14.0, 9.0, 0.0], [15.0, 19.0, 1.0], [-100.0, -3.0, 0.0], [-11.0, 52.0, 0.0], [-5.0, 10.0, 1.0], [-34.0, -101.0, 0.0], [-12.0, 0.0, 0.0], [-28.0, 14.0, 0.0], [-23.0, 3.0, 1.0], [56.0, -78.0, 0.0], [-44.0, -12.0, 0.0], [-9.0, -7.0, 1.0], [101.0, -14.0, 0.0], [-9.0, -23.0, 0.0], [-1.0, -31.0, 1.0], [297.421875, 575.703125, 0.0], [-38.0, -87.0, 0.0], [-59.0, -121.0, 0.0], [-20.0, -37.0, 0.0], [-6.0, -6.0, 0.0], [-4.0, 6.0, 0.0], [-20.0, 72.0, 0.0], [-12.0, 55.0, 0.0], [-37.0, 135.0, 0.0], [-6.0, 21.0, 0.0], [-5.0, 7.0, 1.0], [-207.578125, -84.296875, 0.0], [-10.0, -14.0, 0.0], [-38.0, -76.0, 0.0], [-1.0, 27.0, 0.0], [-34.0, 88.0, 1.0], [3.421875, -71.296875, 0.0], [-49.0, -107.0, 0.0], [-30.0, -77.0, 0.0], [-57.0, -124.0, 0.0], [-18.0, -31.0, 0.0], [-37.0, 111.0, 0.0], [-41.0, 147.0, 0.0], [-18.0, 73.0, 0.0], [-6.0, 47.0, 1.0], [-3.578125, -67.296875, 0.0], [-17.0, -28.0, 0.0], [-13.0, -13.0, 0.0], [-8.0, -3.0, 0.0], [-16.0, 35.0, 0.0], [-63.0, 91.0, 1.0], [-17.0, -6.0, 0.0], [-45.0, -43.0, 0.0], [-25.0, 33.0, 0.0], [-12.0, 5.0, 1.0], [-21.0, -9.0, 0.0], [-13.0, 4.0, 0.0], [-37.0, 0.0, 0.0], [-5.0, 3.0, 0.0], [-4.0, 22.0, 0.0], [-4.0, 0.0, 1.0], [869.421875, -71.296875, 0.0], [-63.0, -103.0, 0.0], [-35.0, -51.0, 0.0], [-24.0, -30.0, 0.0], [-10.0, -7.0, 0.0], [-7.0, 0.0, 0.0], [-10.0, 8.0, 0.0], [-23.0, 40.0, 0.0], [-81.0, 160.0, 1.0], [146.421875, 157.703125, 0.0], [-30.0, -5.0, 0.0], [-13.0, 0.0, 0.0], [-6.0, 4.0, 1.0], [46.0, -7.0, 0.0], [-1.0, -40.0, 0.0], [-33.0, -10.0, 0.0], [-12.0, 9.0, 0.0], [-5.0, 52.0, 1.0], [3.0, -54.0, 0.0], [16.0, -26.0, 0.0], [4.0, -2.0, 0.0], [25.0, 29.0, 1.0], [-16.0, 47.0, 0.0], [-1.0, -20.0, 0.0], [-11.0, 3.0, 0.0], [-3.0, 14.0, 1.0], [-248.578125, -77.296875, 0.0], [-23.0, 7.0, 0.0], [3.0, 32.0, 0.0], [2.0, 3.0, 0.0], [28.0, -1.0, 0.0], [-6.0, -41.0, 0.0], [-24.0, -29.0, 0.0], [-4.0, 36.0, 1.0], [18.0, 21.0, 0.0], [-4.0, 0.0, 0.0], [2.0, 11.0, 1.0], [6.0, -10.0, 0.0], [-1.0, 14.0, 1.0], [-30.578125, -30.296875, 0.0], [-6.0, 0.0, 0.0], [-4.0, 6.0, 0.0], [0.0, 19.0, 0.0], [6.0, 1.0, 0.0], [9.0, -4.0, 0.0], [-3.0, -20.0, 0.0], [-9.0, -18.0, 0.0], [-7.0, 17.0, 1.0], [254.421875, 37.703125, 0.0], [-20.0, -5.0, 0.0], [-3.0, 0.0, 0.0], [0.0, 4.0, 0.0], [3.0, 22.0, 0.0], [22.0, 7.0, 0.0], [-1.0, -24.0, 0.0], [-8.0, -10.0, 0.0], [-6.0, -15.0, 0.0], [-10.0, 13.0, 0.0], [0.0, 7.0, 1.0], [129.421875, -18.296875, 0.0], [-14.0, -1.0, 0.0], [3.0, 25.0, 0.0], [17.0, 0.0, 0.0], [-4.0, -18.0, 1.0], [1.0, -3.0, 0.0], [-9.0, -19.0, 0.0], [-4.0, 21.0, 1.0], [158.421875, 54.703125, 0.0], [-12.0, -8.0, 0.0], [-7.0, -1.0, 0.0], [2.0, 22.0, 0.0], [12.0, 6.0, 0.0], [6.0, -1.0, 0.0], [-6.0, -22.0, 1.0], [-4.0, -6.0, 0.0], [-9.0, -25.0, 0.0], [-6.0, 27.0, 1.0], [-562.578125, -559.296875, 0.0], [-41.0, -13.0, 0.0], [-50.0, -5.0, 0.0], [-124.0, 1.0, 0.0], [-83.0, 8.0, 1.0], [297.0, 0.0, 0.0], [-21.0, 24.0, 0.0], [-12.0, 8.0, 0.0], [-30.0, 12.0, 0.0], [-21.0, 4.0, 0.0], [-125.0, 5.0, 0.0], [-43.0, -4.0, 0.0], [-59.0, -12.0, 1.0], [15.0, -34.0, 0.0], [-11.0, 0.0, 0.0], [-36.0, -15.0, 0.0], [10.0, 39.0, 0.0], [-13.0, 6.0, 0.0], [-5.0, 9.0, 0.0], [0.0, 5.0, 0.0], [53.0, -5.0, 1.0], [166.0, -49.0, 0.0], [-75.0, -60.0, 0.0], [1.0, 12.0, 0.0], [19.0, 49.0, 1.0], [27.0, 80.0, 0.0], [-9.0, 2.0, 0.0], [-21.0, 16.0, 0.0], [15.0, -27.0, 1.0], [92.0, -49.0, 0.0], [2.0, 5.0, 0.0], [-8.0, 5.0, 0.0], [-13.0, -10.0, 0.0], [4.0, -4.0, 0.0], [5.0, 1.0, 1.0], [-40.0, -1.0, 0.0], [2.0, 7.0, 0.0], [-5.0, 8.0, 0.0], [-7.0, 2.0, 0.0], [-6.0, -4.0, 0.0], [-1.0, -5.0, 0.0], [7.0, -1.0, 1.0], [-37.0, -4.0, 0.0], [8.0, 5.0, 0.0], [3.0, 6.0, 0.0], [-2.0, 5.0, 0.0], [-16.0, -2.0, 0.0], [-5.0, -8.0, 0.0], [7.0, -3.0, 1.0], [-43.0, -5.0, 0.0], [5.0, 7.0, 0.0], [-3.0, 10.0, 0.0], [-15.0, 0.0, 0.0], [-5.0, -4.0, 0.0], [5.0, -3.0, 1.0], [98.421875, 491.703125, 0.0], [-18.0, 0.0, 0.0], [-2.0, 22.0, 0.0], [3.0, 7.0, 0.0], [16.0, 2.0, 0.0], [7.0, -13.0, 0.0], [-7.0, -18.0, 1.0], [0.0, -1.0, 0.0], [-12.0, -17.0, 0.0], [-1.0, 10.0, 0.0], [-5.0, 7.0, 1.0]], "gt_class_names": ["sun", "mountain", "mountain", "mountain", "mountain", "mountain", "house", "house", "house", "house", "house", "house", "airplane", "house"]}