{"img_id": "sceneid-127-userid-69", "img_w": 1100, "img_h": 770, "object_divisions": [0, 10, 32, 34, 43, 51, 56, 64], "scene_strokes": [[24.421875, 544.703125, 0.0], [372.0, -35.0, 0.0], [88.0, -6.0, 0.0], [90.0, -2.0, 0.0], [167.0, 3.0, 0.0], [255.0, 15.0, 0.0], [115.0, 10.0, 1.0], [-1100.0, -21.0, 0.0], [110.0, -21.0, 0.0], [150.0, -23.0, 0.0], [207.0, -14.0, 0.0], [107.0, -3.0, 0.0], [111.0, 1.0, 0.0], [173.0, 8.0, 0.0], [156.0, 16.0, 0.0], [76.0, 13.0, 1.0], [-1029.0, -87.0, 0.0], [8.0, 282.0, 0.0], [7.0, 2.0, 0.0], [47.0, -6.0, 0.0], [-2.0, -34.0, 0.0], [-19.0, -119.0, 0.0], [-6.0, -114.0, 0.0], [-7.0, -16.0, 0.0], [-24.0, 0.0, 1.0], [138.0, 30.0, 0.0], [13.0, 236.0, 0.0], [3.0, 5.0, 0.0], [12.0, -2.0, 0.0], [42.0, -26.0, 0.0], [9.0, -12.0, 0.0], [-13.0, -116.0, 0.0], [-18.0, -93.0, 0.0], [-3.0, -9.0, 0.0], [-8.0, -9.0, 0.0], [-33.0, -3.0, 1.0], [138.0, -7.0, 0.0], [15.0, 222.0, 0.0], [7.0, 53.0, 0.0], [5.0, 3.0, 0.0], [12.0, -2.0, 0.0], [27.0, -9.0, 0.0], [11.0, -9.0, 0.0], [5.0, -16.0, 0.0], [-2.0, -92.0, 0.0], [-12.0, -85.0, 0.0], [-19.0, -71.0, 0.0], [-6.0, -6.0, 0.0], [-13.0, -3.0, 0.0], [-36.0, 9.0, 1.0], [134.0, 17.0, 0.0], [11.0, 33.0, 0.0], [7.0, 34.0, 0.0], [2.0, 82.0, 0.0], [-5.0, 83.0, 0.0], [3.0, 35.0, 0.0], [3.0, 6.0, 0.0], [7.0, 4.0, 0.0], [54.0, -9.0, 0.0], [4.0, -6.0, 0.0], [1.0, -19.0, 0.0], [-22.0, -173.0, 0.0], [-7.0, -80.0, 0.0], [-9.0, -49.0, 0.0], [-5.0, -5.0, 0.0], [-7.0, 1.0, 0.0], [-40.0, 21.0, 1.0], [162.0, 18.0, 0.0], [4.0, 22.0, 0.0], [1.0, 50.0, 0.0], [9.0, 93.0, 0.0], [3.0, 150.0, 0.0], [6.0, 7.0, 0.0], [25.0, -5.0, 0.0], [15.0, -13.0, 0.0], [2.0, -10.0, 0.0], [-17.0, -148.0, 0.0], [-11.0, -154.0, 0.0], [-2.0, -7.0, 0.0], [-11.0, -9.0, 0.0], [-32.0, 7.0, 1.0], [111.0, 11.0, 0.0], [12.0, 62.0, 0.0], [9.0, 75.0, 0.0], [18.0, 87.0, 0.0], [3.0, 46.0, 0.0], [9.0, 62.0, 0.0], [12.0, 4.0, 0.0], [21.0, -2.0, 0.0], [7.0, -5.0, 0.0], [1.0, -8.0, 0.0], [-10.0, -147.0, 0.0], [-13.0, -97.0, 0.0], [-19.0, -72.0, 0.0], [-12.0, -18.0, 0.0], [-14.0, -6.0, 0.0], [-14.0, 0.0, 0.0], [-27.0, 6.0, 1.0], [-724.0, 272.0, 0.0], [131.0, -16.0, 0.0], [153.0, -9.0, 0.0], [538.0, -20.0, 0.0], [145.0, 5.0, 0.0], [95.0, 11.0, 0.0], [54.0, 11.0, 1.0], [-1120.0, 65.0, 0.0], [158.0, -24.0, 0.0], [123.0, -11.0, 0.0], [132.0, -7.0, 0.0], [203.0, -1.0, 0.0], [147.0, 3.0, 0.0], [334.0, 16.0, 1.0], [-947.578125, 33.703125, 0.0], [-7.0, 22.0, 0.0], [-2.0, 27.0, 0.0], [4.0, 27.0, 0.0], [4.0, 3.0, 1.0], [20.0, -77.0, 0.0], [0.0, 53.0, 0.0], [-5.0, 21.0, 1.0], [11.0, -78.0, 0.0], [-2.0, 68.0, 1.0], [22.0, -68.0, 0.0], [-1.0, 48.0, 0.0], [-4.0, 25.0, 1.0], [8.0, -64.0, 0.0], [0.0, 51.0, 0.0], [-6.0, 19.0, 1.0], [-13.0, -67.0, 0.0], [-9.0, 62.0, 0.0], [-6.0, 16.0, 1.0], [-12.0, -60.0, 0.0], [0.0, 57.0, 1.0], [6.0, -66.0, 0.0], [0.0, 50.0, 0.0], [3.0, 13.0, 1.0], [17.0, -59.0, 0.0], [1.0, 69.0, 1.0], [14.0, -78.0, 0.0], [1.0, 70.0, 1.0], [11.0, -75.0, 0.0], [3.0, 60.0, 0.0], [-3.0, 20.0, 1.0], [7.0, -91.0, 0.0], [1.0, 34.0, 0.0], [-3.0, 30.0, 0.0], [-2.0, 10.0, 0.0], [-4.0, 3.0, 1.0], [-21.0, -80.0, 0.0], [-14.0, 54.0, 0.0], [-3.0, 8.0, 0.0], [-5.0, 2.0, 1.0], [-16.0, -57.0, 0.0], [-8.0, 29.0, 0.0], [0.0, 34.0, 1.0], [15.0, -61.0, 0.0], [-1.0, 30.0, 1.0], [16.0, -64.0, 0.0], [-14.0, 24.0, 0.0], [-8.0, 40.0, 1.0], [30.0, -66.0, 0.0], [-10.0, 11.0, 0.0], [-6.0, 16.0, 0.0], [-7.0, 24.0, 0.0], [-1.0, 18.0, 1.0], [26.0, -59.0, 0.0], [-3.0, 51.0, 1.0], [5.0, -57.0, 0.0], [14.0, 28.0, 0.0], [4.0, 16.0, 1.0], [-3.0, -48.0, 0.0], [10.0, 20.0, 0.0], [3.0, 19.0, 1.0], [-43.0, -30.0, 0.0], [-5.0, 12.0, 1.0], [19.0, -11.0, 0.0], [-2.0, 2.0, 0.0], [-4.0, -9.0, 0.0], [-17.0, -112.0, 0.0], [-7.0, -83.0, 0.0], [-2.0, -68.0, 0.0], [-1.0, -79.0, 0.0], [4.0, 11.0, 0.0], [27.0, 249.0, 0.0], [0.0, 57.0, 0.0], [-4.0, 45.0, 0.0], [-16.0, -162.0, 0.0], [-10.0, -65.0, 0.0], [-4.0, -47.0, 0.0], [5.0, 31.0, 0.0], [15.0, 119.0, 0.0], [9.0, 106.0, 0.0], [-27.0, -192.0, 0.0], [-5.0, -94.0, 0.0], [6.0, -25.0, 1.0], [106.421875, 320.703125, 0.0], [-4.0, 71.0, 0.0], [7.0, 15.0, 0.0], [10.0, 5.0, 0.0], [36.0, 8.0, 0.0], [16.0, -2.0, 0.0], [12.0, -24.0, 0.0], [-1.0, -54.0, 0.0], [-5.0, -20.0, 0.0], [-9.0, -9.0, 0.0], [-23.0, -3.0, 0.0], [-47.0, 4.0, 1.0], [6.0, 5.0, 0.0], [14.0, 38.0, 0.0], [8.0, 8.0, 0.0], [12.0, 2.0, 0.0], [17.0, -5.0, 0.0], [7.0, -6.0, 0.0], [11.0, -21.0, 0.0], [2.0, -17.0, 1.0], [557.421875, -259.296875, 0.0], [-9.0, 11.0, 0.0], [1.0, 8.0, 0.0], [4.0, 0.0, 0.0], [2.0, -6.0, 1.0], [2.0, -11.0, 0.0], [1.0, -66.0, 1.0], [31.0, 6.0, 0.0], [1.0, 59.0, 0.0], [-9.0, 14.0, 0.0], [-1.0, 8.0, 0.0], [3.0, 1.0, 0.0], [5.0, -5.0, 0.0], [4.0, -16.0, 1.0], [53.0, -58.0, 0.0], [1.0, 46.0, 0.0], [-19.0, 32.0, 0.0], [4.0, 7.0, 0.0], [13.0, -5.0, 0.0], [-9.0, -18.0, 1.0], [31.0, -63.0, 0.0], [4.0, 18.0, 0.0], [0.0, 21.0, 0.0], [-10.0, 33.0, 0.0], [4.0, 5.0, 0.0], [4.0, 0.0, 0.0], [5.0, -9.0, 0.0], [-8.0, -6.0, 1.0], [-139.0, -94.0, 0.0], [17.0, 14.0, 0.0], [12.0, 5.0, 0.0], [41.0, 9.0, 0.0], [37.0, 2.0, 0.0], [50.0, -8.0, 1.0], [-161.0, -27.0, 0.0], [4.0, -32.0, 0.0], [-6.0, -33.0, 0.0], [-9.0, -16.0, 0.0], [-24.0, -1.0, 0.0], [-1.0, -5.0, 0.0], [7.0, -18.0, 0.0], [10.0, -11.0, 0.0], [24.0, -17.0, 0.0], [15.0, -4.0, 0.0], [14.0, 15.0, 0.0], [6.0, 53.0, 0.0], [7.0, 20.0, 0.0], [10.0, 5.0, 0.0], [14.0, 1.0, 0.0], [85.0, -12.0, 0.0], [27.0, 11.0, 0.0], [10.0, 9.0, 0.0], [20.0, 51.0, 0.0], [6.0, 29.0, 0.0], [-30.0, -45.0, 0.0], [-15.0, -16.0, 0.0], [-4.0, 3.0, 0.0], [-3.0, 19.0, 0.0], [-6.0, 12.0, 0.0], [-11.0, 8.0, 0.0], [-9.0, 1.0, 1.0], [-141.0, -57.0, 0.0], [2.0, 14.0, 0.0], [13.0, 31.0, 0.0], [16.0, 6.0, 1.0], [-43.0, -135.0, 0.0], [9.0, -3.0, 0.0], [0.0, -4.0, 0.0], [-3.0, 0.0, 0.0], [-3.0, 8.0, 0.0], [7.0, 1.0, 0.0], [3.0, -5.0, 0.0], [-6.0, 4.0, 0.0], [2.0, 3.0, 0.0], [-1.0, -6.0, 0.0], [-5.0, 4.0, 0.0], [2.0, 4.0, 1.0], [-59.578125, 122.703125, 0.0], [-12.0, 19.0, 0.0], [15.0, -25.0, 0.0], [-11.0, 33.0, 1.0], [5.0, -26.0, 0.0], [5.0, 30.0, 1.0], [8.0, -31.0, 0.0], [2.0, 32.0, 1.0], [-4.0, -31.0, 0.0], [-1.0, 29.0, 1.0], [-21.0, -29.0, 0.0], [14.0, 33.0, 1.0], [16.0, -31.0, 0.0], [-1.0, 22.0, 1.0], [21.0, -26.0, 0.0], [-20.0, 26.0, 1.0], [15.0, -16.0, 0.0], [-14.0, 17.0, 1.0], [-458.578125, -67.296875, 0.0], [-18.0, 17.0, 0.0], [-4.0, 13.0, 0.0], [3.0, 6.0, 0.0], [17.0, 2.0, 0.0], [31.0, -11.0, 1.0], [-44.0, -15.0, 0.0], [2.0, -1.0, 1.0], [-2.0, 3.0, 0.0], [2.0, -7.0, 0.0], [16.0, -19.0, 0.0], [40.0, -38.0, 0.0], [25.0, -32.0, 0.0], [20.0, -18.0, 0.0], [12.0, -4.0, 0.0], [22.0, 9.0, 0.0], [50.0, 37.0, 0.0], [56.0, 32.0, 0.0], [31.0, 25.0, 1.0], [-239.0, 29.0, 0.0], [43.0, -27.0, 0.0], [17.0, -8.0, 0.0], [13.0, -2.0, 0.0], [18.0, 0.0, 0.0], [55.0, 12.0, 0.0], [11.0, 8.0, 1.0], [-122.0, -6.0, 0.0], [6.0, -3.0, 0.0], [5.0, 7.0, 0.0], [6.0, 94.0, 0.0], [4.0, 8.0, 0.0], [5.0, 1.0, 0.0], [12.0, -8.0, 0.0], [9.0, -34.0, 0.0], [2.0, -1.0, 0.0], [2.0, 20.0, 0.0], [11.0, -27.0, 0.0], [21.0, -15.0, 0.0], [3.0, 7.0, 0.0], [-1.0, 36.0, 0.0], [4.0, 8.0, 0.0], [7.0, -1.0, 0.0], [6.0, -9.0, 0.0], [5.0, -39.0, 0.0], [5.0, -7.0, 0.0], [12.0, 9.0, 0.0], [8.0, 37.0, 0.0], [7.0, 6.0, 0.0], [9.0, 0.0, 0.0], [5.0, -6.0, 0.0], [2.0, -38.0, 0.0], [4.0, -7.0, 0.0], [10.0, 2.0, 0.0], [4.0, 4.0, 0.0], [11.0, 28.0, 0.0], [9.0, 12.0, 0.0], [8.0, 1.0, 0.0], [9.0, -5.0, 0.0], [7.0, -13.0, 0.0], [4.0, -30.0, 0.0], [-7.0, -32.0, 0.0], [-12.0, -19.0, 1.0], [-274.578125, 63.703125, 0.0], [-16.0, 47.0, 1.0], [-6.0, -42.0, 0.0], [5.0, 19.0, 0.0], [2.0, 30.0, 0.0], [-3.0, -46.0, 0.0], [10.0, 49.0, 1.0], [13.0, -40.0, 0.0], [-5.0, 28.0, 1.0], [18.0, -30.0, 0.0], [-6.0, 32.0, 1.0], [19.0, -22.0, 0.0], [-15.0, 28.0, 1.0], [19.0, -35.0, 0.0], [-25.0, 30.0, 1.0], [-22.0, -22.0, 0.0], [1.0, 21.0, 1.0], [16.0, -17.0, 0.0], [4.0, 14.0, 1.0]], "gt_class_names": ["fence", "broom", "bucket", "horse", "grass", "horse", "grass"]}