{"img_id": "sceneid-3-userid-1", "img_w": 1100, "img_h": 770, "object_divisions": [0, 1, 2, 3, 4, 5, 6, 7, 8, 9, 10, 11, 12, 13, 18, 26, 45, 51, 55, 60], "scene_strokes": [[166.0, 246.703125, 0.0], [-7.0, 4.0, 0.0], [-6.0, 11.0, 0.0], [0.0, 22.0, 0.0], [6.0, 10.0, 0.0], [6.0, 3.0, 0.0], [16.0, -7.0, 0.0], [13.0, -25.0, 0.0], [1.0, -10.0, 0.0], [-2.0, -7.0, 0.0], [-5.0, -4.0, 0.0], [-19.0, 1.0, 0.0], [-5.0, 9.0, 1.0], [45.0, -5.296875, 0.0], [-5.0, 3.0, 0.0], [-3.0, 9.0, 0.0], [4.0, 20.0, 0.0], [12.0, 8.0, 0.0], [12.0, -12.0, 0.0], [-1.0, -14.0, 0.0], [-8.0, -5.0, 0.0], [-11.0, 1.0, 0.0], [-7.0, 6.0, 0.0], [0.0, 4.0, 1.0], [61.0, -0.296875, 0.0], [-4.0, 12.0, 0.0], [5.0, 8.0, 0.0], [14.0, 3.0, 0.0], [15.0, -11.0, 0.0], [8.0, -20.0, 0.0], [-3.0, -4.0, 0.0], [-11.0, 1.0, 0.0], [-9.0, 5.0, 0.0], [-14.0, 16.0, 1.0], [77.0, -8.296875, 0.0], [-7.0, 12.0, 0.0], [5.0, 14.0, 0.0], [9.0, 1.0, 0.0], [6.0, -4.0, 0.0], [7.0, -19.0, 0.0], [-5.0, -13.0, 0.0], [-11.0, 1.0, 0.0], [-7.0, 8.0, 0.0], [-4.0, 12.0, 1.0], [56.0, 0.703125, 0.0], [-8.0, 7.0, 0.0], [-5.0, 10.0, 0.0], [0.0, 7.0, 0.0], [5.0, 6.0, 0.0], [13.0, -3.0, 0.0], [14.0, -22.0, 0.0], [-1.0, -15.0, 0.0], [-7.0, -4.0, 0.0], [-6.0, 2.0, 0.0], [-8.0, 10.0, 1.0], [-223.0, 46.703125, 0.0], [-2.0, 6.0, 0.0], [4.0, 11.0, 0.0], [13.0, -2.0, 0.0], [11.0, -16.0, 0.0], [-6.0, -3.0, 0.0], [-14.0, 7.0, 1.0], [46.0, -7.296875, 0.0], [-1.0, 7.0, 0.0], [4.0, 12.0, 0.0], [11.0, 4.0, 0.0], [4.0, -7.0, 0.0], [-2.0, -9.0, 0.0], [-6.0, -2.0, 0.0], [-13.0, 11.0, 0.0], [-2.0, 6.0, 1.0], [51.0, -16.296875, 0.0], [-12.0, 11.0, 0.0], [-6.0, 14.0, 0.0], [0.0, 9.0, 0.0], [5.0, 7.0, 0.0], [6.0, -2.0, 0.0], [14.0, -20.0, 0.0], [3.0, -8.0, 0.0], [-3.0, -10.0, 0.0], [-11.0, 9.0, 0.0], [-4.0, 8.0, 1.0], [49.0, -13.296875, 0.0], [-7.0, 22.0, 0.0], [4.0, 6.0, 0.0], [7.0, 0.0, 0.0], [21.0, -16.0, 0.0], [7.0, -11.0, 0.0], [0.0, -7.0, 0.0], [-5.0, -1.0, 0.0], [-9.0, 4.0, 0.0], [-8.0, 12.0, 1.0], [44.0, 2.703125, 0.0], [-4.0, 7.0, 0.0], [1.0, 5.0, 0.0], [9.0, 4.0, 0.0], [17.0, -8.0, 0.0], [3.0, -6.0, 0.0], [1.0, -5.0, 0.0], [-7.0, -7.0, 0.0], [-9.0, 8.0, 1.0], [44.0, 6.703125, 0.0], [-3.0, 4.0, 0.0], [-1.0, 14.0, 0.0], [6.0, 2.0, 0.0], [6.0, -3.0, 0.0], [5.0, -6.0, 0.0], [4.0, -17.0, 0.0], [-11.0, -1.0, 1.0], [-266.0, 49.703125, 0.0], [-8.0, 1.0, 0.0], [-1.0, 4.0, 0.0], [5.0, 9.0, 0.0], [8.0, 5.0, 0.0], [13.0, -2.0, 0.0], [8.0, -5.0, 0.0], [7.0, -13.0, 0.0], [-3.0, -2.0, 0.0], [-9.0, 2.0, 0.0], [-2.0, 10.0, 1.0], [42.0, 4.703125, 0.0], [0.0, 13.0, 0.0], [7.0, 5.0, 0.0], [10.0, -2.0, 0.0], [9.0, -12.0, 0.0], [-3.0, -14.0, 0.0], [-6.0, 2.0, 0.0], [-8.0, 13.0, 1.0], [269.0, -55.296875, 0.0], [-8.0, 1.0, 0.0], [-12.0, 14.0, 0.0], [-4.0, 15.0, 0.0], [1.0, 18.0, 0.0], [12.0, 8.0, 0.0], [5.0, 0.0, 0.0], [14.0, -4.0, 0.0], [8.0, -6.0, 0.0], [9.0, -15.0, 0.0], [0.0, -16.0, 0.0], [-21.0, -12.0, 0.0], [-13.0, 5.0, 1.0], [-1.0, 62.0, 0.0], [-1.0, 69.0, 1.0], [-19.0, -48.0, 0.0], [35.0, 4.0, 1.0], [-25.0, 47.0, 0.0], [16.0, 29.0, 1.0], [-13.0, -15.0, 0.0], [-14.0, 13.0, 0.0], [-12.0, 22.0, 1.0], [163.0, -483.296875, 0.0], [-9.0, 26.0, 0.0], [-7.0, 144.0, 0.0], [-13.0, 120.0, 0.0], [1.0, 96.0, 0.0], [5.0, 71.0, 0.0], [-2.0, 72.0, 0.0], [2.0, 21.0, 0.0], [13.0, 52.0, 1.0], [128.0, -551.0, 0.0], [-5.0, 97.0, 0.0], [0.0, 109.0, 0.0], [13.0, 180.0, 0.0], [-7.0, 122.0, 0.0], [1.0, 42.0, 0.0], [6.0, 46.0, 1.0], [-88.0, -572.0, 0.0], [-4.0, 27.0, 1.0], [-1.0, 50.0, 0.0], [4.0, 32.0, 1.0], [7.0, 73.0, 0.0], [-1.0, 21.0, 1.0], [27.0, 206.0, 0.0], [0.0, 14.0, 1.0], [6.0, 40.0, 0.0], [0.0, 7.0, 1.0], [-6.0, 29.0, 0.0], [-3.0, 15.0, 0.0], [2.0, 10.0, 1.0], [-87.0, -275.296875, 0.0], [12.0, 3.0, 0.0], [51.0, 1.0, 0.0], [2.0, 42.0, 1.0], [-68.0, -33.0, 0.0], [6.0, 6.0, 0.0], [2.0, 37.0, 1.0], [3.0, 6.0, 0.0], [30.0, -4.0, 0.0], [3.0, -3.0, 0.0], [19.0, 0.0, 0.0], [5.0, 5.0, 1.0], [-56.0, 10.0, 0.0], [-6.0, 16.0, 0.0], [-2.0, 28.0, 0.0], [8.0, 21.0, 0.0], [0.0, 42.0, 0.0], [3.0, 8.0, 1.0], [-3.0, -61.0, 0.0], [24.0, 8.0, 0.0], [9.0, 0.0, 0.0], [8.0, -14.0, 1.0], [4.0, -29.0, 0.0], [2.0, -17.0, 1.0], [-49.0, 111.0, 0.0], [7.0, 0.0, 0.0], [16.0, -7.0, 0.0], [14.0, 0.0, 0.0], [5.0, -7.0, 0.0], [-1.0, -9.0, 1.0], [-1.0, -14.0, 0.0], [0.0, -11.0, 1.0], [-42.0, -42.0, 0.0], [3.0, 17.0, 0.0], [7.0, -2.0, 0.0], [25.0, 9.0, 0.0], [8.0, -20.0, 0.0], [-18.0, -7.0, 0.0], [-21.0, -2.0, 1.0], [6.0, 8.0, 0.0], [-5.0, 14.0, 0.0], [6.0, -15.0, 0.0], [5.0, 2.0, 0.0], [0.0, 3.0, 0.0], [-7.0, 5.0, 1.0], [13.0, -2.0, 0.0], [-3.0, 7.0, 0.0], [3.0, -7.0, 1.0], [3.0, 1.0, 0.0], [-1.0, 7.0, 1.0], [0.0, 2.0, 0.0], [0.0, 2.0, 1.0], [5.0, -3.0, 0.0], [0.0, 2.0, 1.0], [-2.0, 0.0, 0.0], [1.0, 9.0, 1.0], [33.0, -81.0, 0.0], [6.0, -6.0, 0.0], [-8.0, 1.0, 1.0], [-13.0, 113.0, 0.0], [-2.0, 5.0, 0.0], [4.0, -2.0, 1.0], [-44.0, -125.0, 0.0], [2.0, 13.0, 0.0], [22.0, 1.0, 0.0], [0.0, -17.0, 0.0], [-8.0, -4.0, 0.0], [-12.0, 1.0, 1.0], [21.0, 1.0, 0.0], [12.0, 0.0, 0.0], [5.0, 3.0, 0.0], [-1.0, 21.0, 0.0], [-7.0, -2.0, 1.0], [359.0, -366.296875, 0.0], [4.0, 1.0, 1.0], [8.0, -16.0, 0.0], [0.0, -1.0, 1.0], [5.0, 4.0, 0.0], [-11.0, 15.0, 0.0], [-97.0, 88.0, 1.0], [110.0, -100.0, 0.0], [-4.0, -1.0, 0.0], [43.0, 38.0, 0.0], [7.0, 8.0, 0.0], [2.0, 9.0, 0.0], [-25.0, 38.0, 0.0], [-38.0, 41.0, 0.0], [-15.0, 24.0, 0.0], [-25.0, -10.0, 0.0], [-38.0, -33.0, 1.0], [83.0, -80.0, 0.0], [-10.0, 14.0, 0.0], [-3.0, 12.0, 0.0], [21.0, 13.0, 0.0], [13.0, -16.0, 0.0], [6.0, -17.0, 0.0], [-21.0, -5.0, 0.0], [-5.0, 3.0, 1.0], [-41.0, 44.0, 0.0], [-17.0, 26.0, 0.0], [28.0, 11.0, 0.0], [12.0, -1.0, 0.0], [6.0, -4.0, 0.0], [0.0, -19.0, 0.0], [-14.0, -25.0, 1.0], [88.0, 65.703125, 0.0], [-63.0, 67.0, 0.0], [-52.0, 45.0, 0.0], [-28.0, 29.0, 0.0], [53.0, 44.0, 0.0], [21.0, 26.0, 0.0], [43.0, -61.0, 0.0], [29.0, -32.0, 0.0], [26.0, -49.0, 0.0], [-2.0, -22.0, 0.0], [-9.0, -16.0, 0.0], [-17.0, -17.0, 0.0], [-16.0, -7.0, 1.0], [-3.0, 51.0, 0.0], [-28.0, 37.0, 0.0], [8.0, 7.0, 0.0], [18.0, 6.0, 0.0], [5.0, -1.0, 0.0], [17.0, -28.0, 0.0], [4.0, -17.0, 0.0], [-7.0, 3.0, 1.0], [-76.0, 57.0, 0.0], [-19.0, 21.0, 0.0], [-1.0, 8.0, 0.0], [36.0, 16.0, 0.0], [7.0, -9.0, 0.0], [8.0, -40.0, 1.0], [-10.0, -4.0, 0.0], [-18.0, -1.0, 1.0], [56.0, 133.703125, 0.0], [-86.0, 84.0, 0.0], [-36.0, 26.0, 0.0], [-6.0, 8.0, 0.0], [3.0, 5.0, 0.0], [26.0, 18.0, 0.0], [25.0, 27.0, 0.0], [17.0, 7.0, 0.0], [9.0, 0.0, 0.0], [8.0, -5.0, 0.0], [10.0, -13.0, 0.0], [24.0, -44.0, 1.0], [20.0, -32.0, 0.0], [17.0, -25.0, 1.0], [-1.0, -30.0, 0.0], [-11.0, -16.0, 0.0], [-7.0, -5.0, 1.0], [-21.0, 41.0, 0.0], [-13.0, 11.0, 0.0], [-1.0, 7.0, 0.0], [4.0, 4.0, 0.0], [22.0, 2.0, 0.0], [8.0, -16.0, 0.0], [1.0, -10.0, 0.0], [-3.0, -4.0, 0.0], [-10.0, 0.0, 1.0], [-62.0, 68.0, 0.0], [-13.0, 18.0, 0.0], [35.0, 14.0, 0.0], [15.0, -36.0, 0.0], [-5.0, -5.0, 0.0], [-15.0, -2.0, 1.0]], "gt_class_names": ["face", "face", "face", "face", "face", "face", "face", "face", "face", "face", "face", "face", "face", "yoga", "road", "police car", "house", "house", "house"]}