{"img_id": "sceneid-83-userid-39", "img_w": 1100, "img_h": 770, "object_divisions": [0, 14, 29, 34], "scene_strokes": [[179.421875, 402.703125, 0.0], [-6.0, 35.0, 0.0], [-1.0, 44.0, 0.0], [-3.0, -2.0, 1.0], [-2.0, 2.0, 0.0], [22.0, -13.0, 1.0], [-20.0, 11.0, 0.0], [23.0, 0.0, 1.0], [-23.0, 3.0, 0.0], [12.0, 22.0, 1.0], [30.0, -122.0, 0.0], [1.0, 46.0, 0.0], [25.0, -18.0, 1.0], [-18.0, 8.0, 0.0], [20.0, -1.0, 1.0], [-24.0, 8.0, 0.0], [14.0, 25.0, 1.0], [-74.0, -46.0, 0.0], [13.0, -19.0, 0.0], [6.0, -2.0, 0.0], [15.0, 6.0, 0.0], [13.0, -11.0, 0.0], [39.0, -3.0, 0.0], [18.0, -12.0, 0.0], [8.0, -25.0, 0.0], [-4.0, -27.0, 0.0], [6.0, -26.0, 1.0], [-5.0, -5.0, 0.0], [0.0, 1.0, 1.0], [0.0, 2.0, 0.0], [20.0, -21.0, 1.0], [-24.0, 40.0, 0.0], [0.0, 15.0, 0.0], [2.0, 1.0, 0.0], [3.0, -5.0, 0.0], [4.0, -45.0, 0.0], [8.0, -8.0, 0.0], [19.0, -7.0, 0.0], [17.0, 3.0, 0.0], [-4.0, 2.0, 0.0], [11.0, 7.0, 0.0], [0.0, -8.0, 1.0], [-5.0, 2.0, 0.0], [-10.0, -18.0, 0.0], [-13.0, -6.0, 0.0], [-4.0, -16.0, 0.0], [-14.0, -15.0, 0.0], [-6.0, 0.0, 0.0], [-3.0, 5.0, 0.0], [-9.0, -4.0, 0.0], [-7.0, 10.0, 0.0], [-5.0, -4.0, 0.0], [-5.0, 6.0, 0.0], [0.0, 7.0, 0.0], [-2.0, -2.0, 0.0], [-5.0, 5.0, 0.0], [0.0, 6.0, 0.0], [5.0, -1.0, 0.0], [-10.0, 12.0, 0.0], [1.0, 3.0, 0.0], [6.0, -1.0, 0.0], [-5.0, 15.0, 0.0], [2.0, 15.0, 0.0], [-4.0, 24.0, 0.0], [-5.0, 10.0, 0.0], [-21.0, 10.0, 0.0], [-29.0, 6.0, 0.0], [-24.0, 12.0, 0.0], [-15.0, 12.0, 0.0], [-15.0, 22.0, 0.0], [-3.0, 16.0, 0.0], [7.0, 9.0, 0.0], [10.0, 6.0, 0.0], [33.0, -9.0, 0.0], [6.0, -5.0, 1.0], [34.0, -54.0, 0.0], [-14.0, 12.0, 0.0], [-17.0, 7.0, 0.0], [-5.0, 6.0, 0.0], [1.0, 10.0, 0.0], [4.0, 4.0, 0.0], [14.0, 0.0, 0.0], [6.0, -3.0, 0.0], [20.0, -21.0, 0.0], [0.0, -8.0, 0.0], [-9.0, -6.0, 1.0], [-23.0, 30.0, 0.0], [12.0, -10.0, 1.0], [402.421875, 102.703125, 0.0], [65.0, 3.0, 0.0], [63.0, -7.0, 0.0], [156.0, -8.0, 0.0], [163.0, 5.0, 0.0], [75.0, -1.0, 1.0], [-531.0, 4.0, 0.0], [5.0, -165.0, 0.0], [-2.0, -224.0, 0.0], [-4.0, -17.0, 1.0], [-1.0, -7.0, 0.0], [67.0, -2.0, 0.0], [173.0, 17.0, 0.0], [154.0, 6.0, 0.0], [105.0, 8.0, 1.0], [-507.0, -27.0, 0.0], [51.0, -56.0, 1.0], [0.0, 198.0, 0.0], [48.0, -11.0, 0.0], [44.0, -3.0, 1.0], [-91.0, 11.0, 0.0], [0.0, -46.0, 0.0], [-4.0, -22.0, 0.0], [21.0, -9.0, 0.0], [79.0, -5.0, 0.0], [6.0, 9.0, 0.0], [1.0, 10.0, 0.0], [-5.0, 40.0, 1.0], [-53.0, -46.0, 0.0], [0.0, 59.0, 1.0], [-43.0, -17.0, 0.0], [40.0, -9.0, 0.0], [34.0, -13.0, 1.0], [236.0, -26.0, 0.0], [-3.0, 26.0, 0.0], [3.0, 39.0, 0.0], [15.0, 2.0, 0.0], [72.0, -3.0, 1.0], [-86.0, -75.0, 0.0], [77.0, -6.0, 0.0], [31.0, 3.0, 0.0], [11.0, 11.0, 0.0], [-4.0, 47.0, 0.0], [-7.0, 23.0, 1.0], [-101.0, -43.0, 0.0], [86.0, 4.0, 1.0], [-40.0, -38.0, 0.0], [-11.0, 76.0, 1.0], [-226.0, 265.0, 0.0], [3.0, 12.0, 0.0], [-3.0, -48.0, 0.0], [13.0, -55.0, 0.0], [17.0, -23.0, 0.0], [13.0, -7.0, 0.0], [14.0, -2.0, 0.0], [40.0, 3.0, 0.0], [16.0, 9.0, 0.0], [13.0, 13.0, 0.0], [10.0, 20.0, 0.0], [2.0, 13.0, 0.0], [-6.0, 62.0, 1.0], [-62.0, -122.0, 0.0], [2.0, 91.0, 0.0], [-4.0, 47.0, 1.0], [26.0, -55.0, 0.0], [-2.0, 7.0, 0.0], [4.0, -11.0, 0.0], [-6.0, -3.0, 1.0], [-437.578125, 199.703125, 0.0], [-4.0, 46.0, 0.0], [-5.0, 7.0, 1.0], [1.0, -42.0, 0.0], [-1.0, 4.0, 0.0], [-6.0, -5.0, 0.0], [-5.0, -15.0, 0.0], [6.0, -7.0, 0.0], [2.0, -15.0, 0.0], [22.0, -21.0, 0.0], [7.0, 3.0, 0.0], [9.0, -1.0, 0.0], [2.0, 8.0, 0.0], [-7.0, 10.0, 0.0], [5.0, 16.0, 0.0], [-17.0, 19.0, 1.0], [-12.0, 11.0, 0.0], [7.0, -1.0, 0.0], [23.0, -17.0, 0.0], [-7.0, 17.0, 0.0], [-13.0, 8.0, 0.0], [-2.0, -4.0, 1.0], [-14.0, -6.0, 0.0], [-19.0, 6.0, 0.0], [-5.0, 6.0, 0.0], [17.0, 1.0, 0.0], [9.0, -4.0, 1.0], [5.0, -42.0, 0.0], [-2.0, 10.0, 0.0], [3.0, 2.0, 0.0], [6.0, -8.0, 0.0], [0.0, -3.0, 0.0], [-6.0, 1.0, 1.0]], "gt_class_names": ["chicken", "house", "flower"]}