{"img_id": "sceneid-110-userid-45", "img_w": 1100, "img_h": 770, "object_divisions": [0, 8, 9, 20], "scene_strokes": [[263.421875, 202.703125, 0.0], [-5.0, -8.0, 0.0], [-14.0, 1.0, 0.0], [-14.0, 9.0, 0.0], [-6.0, 8.0, 0.0], [-4.0, 12.0, 0.0], [0.0, 14.0, 0.0], [5.0, 14.0, 0.0], [8.0, 11.0, 0.0], [21.0, 12.0, 0.0], [23.0, -1.0, 0.0], [15.0, -10.0, 0.0], [12.0, -23.0, 0.0], [1.0, -27.0, 0.0], [-15.0, -27.0, 0.0], [-14.0, -9.0, 0.0], [-13.0, -3.0, 0.0], [-18.0, 6.0, 1.0], [30.0, 98.0, 0.0], [-3.0, -7.0, 0.0], [0.0, 82.0, 0.0], [-7.0, 92.0, 1.0], [-30.0, 49.0, 0.0], [29.0, -48.0, 0.0], [8.0, 3.0, 0.0], [22.0, 24.0, 1.0], [-43.0, -135.0, 0.0], [19.0, -26.0, 0.0], [21.0, 13.0, 0.0], [7.0, 1.0, 1.0], [-51.0, -113.0, 0.0], [-2.0, -16.0, 0.0], [-7.0, -18.0, 0.0], [-9.0, -10.0, 1.0], [36.0, 26.0, 0.0], [1.0, -15.0, 0.0], [-4.0, -20.0, 1.0], [22.0, 23.0, 0.0], [-6.0, -23.0, 1.0], [18.0, 34.0, 0.0], [1.0, -28.0, 1.0], [28.421875, 145.703125, 0.0], [-7.0, -4.0, 0.0], [-20.0, 8.0, 0.0], [-2.0, 4.0, 0.0], [2.0, 8.0, 0.0], [9.0, 10.0, 0.0], [16.0, 2.0, 0.0], [15.0, -8.0, 0.0], [6.0, -9.0, 0.0], [-4.0, -12.0, 0.0], [-11.0, -8.0, 0.0], [-18.0, 0.0, 0.0], [-20.0, 13.0, 0.0], [-3.0, 3.0, 0.0], [2.0, 2.0, 1.0], [104.421875, 180.703125, 0.0], [-16.0, -8.0, 0.0], [-11.0, 2.0, 0.0], [-13.0, 7.0, 0.0], [-10.0, 12.0, 0.0], [-4.0, 22.0, 0.0], [5.0, 11.0, 0.0], [13.0, 10.0, 0.0], [24.0, 0.0, 0.0], [20.0, -7.0, 0.0], [10.0, -7.0, 0.0], [15.0, -17.0, 0.0], [3.0, -20.0, 0.0], [-6.0, -12.0, 0.0], [-9.0, -6.0, 0.0], [-16.0, -4.0, 0.0], [-22.0, 1.0, 0.0], [-15.0, 6.0, 0.0], [-6.0, 7.0, 1.0], [75.0, -37.0, 0.0], [7.0, -8.0, 0.0], [-11.0, -1.0, 0.0], [-11.0, 4.0, 0.0], [-8.0, 7.0, 0.0], [-3.0, 18.0, 0.0], [9.0, 14.0, 0.0], [15.0, 6.0, 0.0], [19.0, -6.0, 0.0], [13.0, -14.0, 0.0], [4.0, -14.0, 0.0], [-2.0, -8.0, 0.0], [-17.0, -13.0, 0.0], [-18.0, 1.0, 0.0], [-8.0, 5.0, 1.0], [23.0, -1.0, 0.0], [11.0, -32.0, 0.0], [8.0, 20.0, 0.0], [0.0, 17.0, 1.0], [-51.0, 6.0, 0.0], [-1.0, -22.0, 0.0], [13.0, 3.0, 0.0], [4.0, 7.0, 1.0], [-63.0, 106.0, 0.0], [1.0, 54.0, 0.0], [4.0, 0.0, 0.0], [7.0, -19.0, 0.0], [-5.0, -31.0, 1.0], [16.0, -10.0, 0.0], [-1.0, 1.0, 1.0], [-13.0, 9.0, 0.0], [8.0, 39.0, 0.0], [10.0, 1.0, 0.0], [3.0, -14.0, 0.0], [-9.0, -44.0, 1.0], [30.0, 2.0, 0.0], [4.0, 12.0, 0.0], [14.0, 11.0, 0.0], [4.0, 0.0, 0.0], [-11.0, -33.0, 0.0], [-7.0, -6.0, 1.0], [7.0, 1.0, 0.0], [20.0, 23.0, 0.0], [6.0, 0.0, 0.0], [-3.0, -18.0, 0.0], [-11.0, -17.0, 0.0], [-6.0, -2.0, 1.0], [-82.0, 22.0, 0.0], [-7.0, 0.0, 0.0], [-36.0, 27.0, 0.0], [-22.0, 9.0, 0.0], [-24.0, 2.0, 0.0], [-2.0, -3.0, 1.0], [86.0, -32.0, 0.0], [-10.0, -9.0, 0.0], [-17.0, 1.0, 0.0], [-33.0, 26.0, 0.0], [-30.0, 13.0, 0.0], [-5.0, 8.0, 1.0]], "gt_class_names": ["yoga", "frisbee", "cat"]}