{"img_id": "sceneid-18-userid-3", "img_w": 1100, "img_h": 770, "object_divisions": [0, 2, 4, 6, 8, 10, 12, 15], "scene_strokes": [[12.0, 480.703125, 0.0], [30.0, -24.0, 0.0], [68.0, -38.0, 0.0], [47.0, -22.0, 0.0], [68.0, -21.0, 0.0], [84.0, -10.0, 0.0], [67.0, 3.0, 0.0], [76.0, 12.0, 0.0], [238.0, 57.0, 0.0], [72.0, 11.0, 0.0], [111.0, 3.0, 0.0], [139.0, -6.0, 0.0], [60.0, -7.0, 0.0], [38.0, -9.0, 0.0], [-1.0, -2.0, 1.0], [-1100.0, 141.0, 0.0], [165.0, -70.0, 0.0], [79.0, -18.0, 0.0], [68.0, -6.0, 0.0], [127.0, 5.0, 0.0], [171.0, 16.0, 0.0], [228.0, 34.0, 0.0], [196.0, 40.0, 0.0], [30.0, 1.0, 0.0], [12.0, -3.0, 1.0], [-493.0, -48.296875, 0.0], [-6.0, 69.0, 1.0], [15.0, -75.0, 0.0], [74.0, -13.0, 0.0], [8.0, 2.0, 0.0], [2.0, 30.0, 0.0], [-4.0, 33.0, 0.0], [1.0, 37.0, 0.0], [-2.0, -6.0, 1.0], [-30.0, -258.296875, 0.0], [-6.0, 29.0, 0.0], [-3.0, 50.0, 1.0], [14.0, -82.0, 0.0], [65.0, -7.0, 0.0], [18.0, 0.0, 0.0], [9.0, 5.0, 0.0], [3.0, 11.0, 0.0], [-1.0, 17.0, 0.0], [-12.0, 81.0, 0.0], [4.0, -2.0, 1.0], [131.0, -66.296875, 0.0], [-16.0, 70.0, 0.0], [1.0, 6.0, 1.0], [20.0, -91.0, 0.0], [71.0, -14.0, 0.0], [11.0, 2.0, 0.0], [6.0, 5.0, 0.0], [6.0, 15.0, 0.0], [1.0, 17.0, 0.0], [-6.0, 39.0, 0.0], [-8.0, 28.0, 1.0], [-789.0, -122.296875, 0.0], [12.0, 57.0, 1.0], [-5.0, -69.0, 0.0], [67.0, -30.0, 0.0], [18.0, -4.0, 0.0], [19.0, 1.0, 0.0], [7.0, 9.0, 0.0], [5.0, 14.0, 0.0], [9.0, 43.0, 0.0], [6.0, -1.0, 1.0], [-118.0, 193.703125, 0.0], [5.0, 57.0, 1.0], [-2.0, -53.0, 0.0], [29.0, -17.0, 0.0], [45.0, -2.0, 0.0], [12.0, -3.0, 0.0], [16.0, -12.0, 0.0], [7.0, -1.0, 0.0], [6.0, 11.0, 0.0], [2.0, 30.0, 0.0], [-4.0, 56.0, 1.0], [4.0, -512.296875, 0.0], [14.0, 0.0, 0.0], [103.0, -20.0, 0.0], [66.0, -8.0, 0.0], [26.0, 0.0, 0.0], [10.0, 2.0, 0.0], [14.0, 10.0, 0.0], [15.0, 3.0, 0.0], [13.0, 10.0, 0.0], [13.0, 5.0, 0.0], [0.0, 6.0, 0.0], [-5.0, 8.0, 0.0], [-9.0, 6.0, 0.0], [-44.0, -2.0, 0.0], [-76.0, 3.0, 0.0], [-100.0, 22.0, 0.0], [-59.0, 2.0, 0.0], [-33.0, -7.0, 0.0], [-18.0, 0.0, 0.0], [-5.0, -3.0, 0.0], [-21.0, -38.0, 0.0], [-13.0, -33.0, 0.0], [9.0, -5.0, 0.0], [8.0, 10.0, 0.0], [6.0, 16.0, 0.0], [8.0, 7.0, 0.0], [16.0, 7.0, 0.0], [38.0, 2.0, 0.0], [34.0, -6.0, 1.0], [116.0, 2.0, 0.0], [-18.0, 18.0, 0.0], [-36.0, 51.0, 0.0], [-12.0, 27.0, 0.0], [2.0, 16.0, 0.0], [8.0, 2.0, 0.0], [22.0, -18.0, 0.0], [68.0, -93.0, 0.0], [4.0, -11.0, 1.0], [-34.0, -27.0, 0.0], [18.0, -19.0, 0.0], [28.0, -19.0, 0.0], [42.0, -17.0, 0.0], [26.0, -3.0, 0.0], [7.0, 5.0, 0.0], [-1.0, 11.0, 0.0], [-6.0, 11.0, 0.0], [-35.0, 35.0, 0.0], [-18.0, 7.0, 1.0]], "gt_class_names": ["river", "house", "house", "house", "house", "house", "airplane"]}