{"img_id": "sceneid-28-userid-7", "img_w": 1100, "img_h": 770, "object_divisions": [0, 5, 14, 18, 29, 45], "scene_strokes": [[238.421875, 165.703125, 0.0], [5.0, 11.0, 0.0], [13.0, 14.0, 0.0], [11.0, 5.0, 0.0], [15.0, 1.0, 0.0], [23.0, -10.0, 0.0], [10.0, -12.0, 0.0], [5.0, -16.0, 0.0], [-3.0, -18.0, 0.0], [-16.0, -22.0, 0.0], [-15.0, -11.0, 0.0], [-12.0, -4.0, 0.0], [-16.0, 2.0, 0.0], [-19.0, 11.0, 0.0], [-9.0, 10.0, 0.0], [-4.0, 11.0, 0.0], [-3.0, 17.0, 0.0], [2.0, 12.0, 0.0], [9.0, 16.0, 1.0], [46.0, 15.0, 0.0], [-1.0, 76.0, 0.0], [-5.0, 46.0, 0.0], [14.0, 0.0, 0.0], [23.0, 24.0, 0.0], [20.0, 36.0, 0.0], [5.0, 19.0, 1.0], [-61.0, -89.0, 0.0], [-22.0, 29.0, 0.0], [-24.0, 70.0, 1.0], [62.0, -152.0, 0.0], [42.0, -31.0, 0.0], [12.0, -5.0, 1.0], [-64.0, 38.0, 0.0], [-58.0, -47.0, 1.0], [456.421875, -66.296875, 0.0], [0.0, 7.0, 0.0], [11.0, 25.0, 0.0], [24.0, 19.0, 0.0], [21.0, 2.0, 0.0], [8.0, -3.0, 0.0], [21.0, -22.0, 0.0], [6.0, -26.0, 0.0], [-13.0, -31.0, 0.0], [-24.0, -23.0, 0.0], [-19.0, -7.0, 0.0], [-25.0, 5.0, 0.0], [-11.0, 13.0, 0.0], [-10.0, 24.0, 0.0], [1.0, 32.0, 1.0], [63.0, 37.0, 0.0], [-6.0, 113.0, 0.0], [-5.0, 33.0, 0.0], [39.0, 22.0, 0.0], [18.0, 18.0, 0.0], [24.0, 47.0, 0.0], [9.0, 28.0, 0.0], [3.0, 21.0, 1.0], [-94.0, -136.0, 0.0], [-19.0, 31.0, 0.0], [-29.0, 89.0, 1.0], [59.0, -191.0, 0.0], [54.0, -42.0, 1.0], [-54.0, 39.0, 0.0], [-51.0, -41.0, 0.0], [-8.0, -12.0, 1.0], [67.0, -80.0, 0.0], [1.0, -12.0, 0.0], [-4.0, 2.0, 0.0], [0.0, 5.0, 0.0], [2.0, 3.0, 0.0], [3.0, -2.0, 0.0], [-2.0, -5.0, 0.0], [-5.0, 6.0, 0.0], [4.0, -3.0, 1.0], [-32.0, -5.0, 0.0], [1.0, 4.0, 0.0], [4.0, -2.0, 0.0], [0.0, -3.0, 0.0], [-4.0, -1.0, 0.0], [-2.0, 6.0, 0.0], [5.0, -1.0, 0.0], [-6.0, 2.0, 1.0], [24.0, 11.0, 0.0], [4.0, 7.0, 0.0], [-8.0, 7.0, 1.0], [-4.0, 15.0, 0.0], [5.0, 8.0, 0.0], [7.0, 1.0, 0.0], [5.0, -7.0, 0.0], [-1.0, -6.0, 1.0], [-451.578125, -28.296875, 0.0], [2.0, 2.0, 0.0], [1.0, -6.0, 0.0], [-3.0, 1.0, 0.0], [2.0, 5.0, 0.0], [0.0, -5.0, 0.0], [-3.0, 4.0, 1.0], [-16.0, -5.0, 0.0], [3.0, 0.0, 0.0], [-2.0, 2.0, 1.0], [12.0, 9.0, 0.0], [2.0, 5.0, 0.0], [-4.0, 3.0, 1.0], [-7.0, 12.0, 0.0], [4.0, 6.0, 0.0], [7.0, 3.0, 0.0], [7.0, -12.0, 1.0], [85.421875, -121.296875, 0.0], [-2.0, 214.0, 0.0], [71.0, -2.0, 0.0], [160.0, 8.0, 0.0], [-9.0, -27.0, 0.0], [-6.0, -53.0, 0.0], [-1.0, -113.0, 0.0], [5.0, -77.0, 1.0], [-217.0, 53.0, 0.0], [2.0, -53.0, 1.0], [23.0, 52.0, 0.0], [-2.0, 80.0, 0.0], [26.0, 1.0, 0.0], [45.0, 9.0, 0.0], [-2.0, -102.0, 0.0], [-31.0, -7.0, 0.0], [-45.0, -2.0, 1.0], [104.0, 16.0, 0.0], [4.0, 38.0, 0.0], [1.0, 66.0, 0.0], [22.0, 3.0, 0.0], [34.0, -4.0, 0.0], [20.0, 2.0, 0.0], [-1.0, -101.0, 0.0], [-11.0, -8.0, 0.0], [-12.0, -4.0, 0.0], [-59.0, -5.0, 0.0], [-2.0, 22.0, 1.0], [-27.0, 109.0, 0.0], [3.0, 110.0, 0.0], [2.0, 4.0, 0.0], [1.0, -4.0, 1.0], [-5.0, -113.0, 0.0], [24.0, 7.0, 0.0], [48.0, 2.0, 0.0], [0.0, 95.0, 1.0], [-101.0, -228.0, 0.0], [1.0, 56.0, 0.0], [5.0, 47.0, 1.0], [-38.0, -51.0, 0.0], [67.0, 4.0, 1.0], [67.0, -57.0, 0.0], [4.0, 55.0, 0.0], [-2.0, 65.0, 1.0], [-39.0, -67.0, 0.0], [30.0, 5.0, 0.0], [42.0, 0.0, 1.0], [-52.0, 128.0, 0.0], [0.0, 9.0, 0.0], [6.0, 0.0, 0.0], [3.0, -6.0, 0.0], [-3.0, -5.0, 0.0], [-5.0, 2.0, 0.0], [-1.0, 5.0, 0.0], [3.0, 1.0, 0.0], [-1.0, -3.0, 0.0], [-5.0, 3.0, 1.0], [-44.578125, 84.703125, 0.0], [-3.0, 8.0, 0.0], [1.0, 20.0, 0.0], [6.0, 13.0, 0.0], [11.0, 8.0, 0.0], [18.0, 4.0, 0.0], [17.0, -1.0, 0.0], [16.0, -8.0, 0.0], [8.0, -13.0, 0.0], [1.0, -15.0, 0.0], [-8.0, -21.0, 0.0], [-15.0, -16.0, 0.0], [-17.0, -6.0, 0.0], [-24.0, 3.0, 0.0], [-14.0, 8.0, 0.0], [-8.0, 20.0, 0.0], [5.0, 21.0, 1.0], [48.0, 30.0, 0.0], [-14.0, 0.0, 0.0], [-22.0, 18.0, 0.0], [-7.0, 20.0, 0.0], [1.0, 17.0, 0.0], [10.0, 23.0, 0.0], [17.0, 15.0, 0.0], [26.0, 11.0, 0.0], [26.0, 2.0, 0.0], [12.0, -5.0, 0.0], [9.0, -8.0, 0.0], [9.0, -20.0, 0.0], [0.0, -27.0, 0.0], [-11.0, -23.0, 0.0], [-15.0, -13.0, 0.0], [-30.0, -10.0, 0.0], [-23.0, -1.0, 0.0], [-18.0, 8.0, 1.0], [36.0, 93.0, 0.0], [-15.0, 8.0, 0.0], [-9.0, 10.0, 0.0], [-18.0, 30.0, 0.0], [-3.0, 23.0, 0.0], [7.0, 26.0, 0.0], [17.0, 21.0, 0.0], [32.0, 19.0, 0.0], [20.0, 5.0, 0.0], [25.0, 1.0, 0.0], [25.0, -9.0, 0.0], [14.0, -16.0, 0.0], [9.0, -33.0, 0.0], [-3.0, -25.0, 0.0], [-15.0, -28.0, 0.0], [-18.0, -17.0, 0.0], [-31.0, -11.0, 0.0], [-37.0, -3.0, 0.0], [-11.0, 3.0, 0.0], [-12.0, 9.0, 1.0], [8.0, -161.0, 0.0], [35.0, -1.0, 0.0], [4.0, 5.0, 0.0], [-42.0, 7.0, 1.0], [-17.0, -23.0, 0.0], [1.0, 5.0, 0.0], [4.0, -1.0, 0.0], [0.0, -5.0, 0.0], [-4.0, 0.0, 0.0], [-1.0, 4.0, 0.0], [4.0, 2.0, 0.0], [-1.0, -5.0, 0.0], [-3.0, 0.0, 0.0], [0.0, 3.0, 0.0], [2.0, 1.0, 0.0], [1.0, -4.0, 1.0], [25.0, -5.0, 0.0], [3.0, 6.0, 0.0], [2.0, -4.0, 0.0], [-5.0, -2.0, 0.0], [4.0, 4.0, 0.0], [1.0, -2.0, 0.0], [-4.0, -2.0, 0.0], [2.0, 8.0, 0.0], [3.0, -5.0, 0.0], [-5.0, 0.0, 1.0], [-38.0, 112.0, 0.0], [-50.0, -27.0, 0.0], [-1.0, -18.0, 1.0], [3.0, 13.0, 0.0], [-14.0, 23.0, 1.0], [170.0, 1.0, 0.0], [41.0, -36.0, 0.0], [-4.0, -25.0, 1.0], [5.0, 25.0, 0.0], [20.0, 6.0, 1.0], [-122.0, 19.0, 0.0], [1.0, 3.0, 0.0], [1.0, -5.0, 0.0], [-2.0, 3.0, 0.0], [3.0, 1.0, 1.0], [1.0, 25.0, 0.0], [1.0, 3.0, 0.0], [3.0, -2.0, 0.0], [-2.0, -1.0, 0.0], [-2.0, 6.0, 0.0], [4.0, -2.0, 0.0], [-5.0, 5.0, 1.0], [10.0, 24.0, 0.0], [-1.0, -4.0, 0.0], [-2.0, 4.0, 0.0], [5.0, -1.0, 0.0], [-3.0, -2.0, 0.0], [-1.0, 3.0, 1.0], [4.0, 45.0, 0.0], [3.0, 4.0, 0.0], [1.0, -3.0, 0.0], [-3.0, 0.0, 0.0], [0.0, 5.0, 0.0], [3.0, -2.0, 0.0], [-6.0, 6.0, 1.0], [5.0, 25.0, 0.0], [2.0, 2.0, 0.0], [2.0, -4.0, 0.0], [-3.0, 0.0, 0.0], [-1.0, 5.0, 0.0], [4.0, 0.0, 0.0], [-1.0, -3.0, 0.0], [-2.0, 3.0, 1.0], [8.0, 29.0, 0.0], [-3.0, 2.0, 1.0]], "gt_class_names": ["yoga", "yoga", "smiley face", "house", "snowman"]}