{"img_id": "sceneid-63-userid-29", "img_w": 1100, "img_h": 770, "object_divisions": [0, 1, 5, 21, 36, 45], "scene_strokes": [[-2.578125, 485.703125, 0.0], [60.0, -8.0, 0.0], [136.0, -2.0, 0.0], [180.0, -13.0, 0.0], [227.0, -10.0, 0.0], [157.0, -2.0, 0.0], [164.0, -8.0, 0.0], [76.0, 0.0, 0.0], [101.0, 7.0, 1.0], [-203.578125, -238.296875, 0.0], [-121.0, 226.0, 1.0], [123.0, -231.0, 0.0], [34.0, 55.0, 0.0], [38.0, 83.0, 0.0], [35.0, 59.0, 0.0], [14.0, 33.0, 1.0], [-144.0, 1.0, 0.0], [12.0, -36.0, 0.0], [8.0, -38.0, 0.0], [7.0, -72.0, 0.0], [36.0, 89.0, 0.0], [38.0, 57.0, 1.0], [-105.0, 0.0, 0.0], [-2.0, 11.0, 1.0], [-498.578125, 138.703125, 0.0], [-4.0, -13.0, 0.0], [6.0, -7.0, 0.0], [12.0, 1.0, 0.0], [2.0, 8.0, 0.0], [-7.0, 6.0, 0.0], [-10.0, -2.0, 0.0], [-1.0, -5.0, 0.0], [5.0, -9.0, 1.0], [17.0, -4.0, 0.0], [3.0, -6.0, 0.0], [6.0, 0.0, 0.0], [6.0, 7.0, 0.0], [-5.0, 9.0, 0.0], [-12.0, 0.0, 0.0], [-3.0, -7.0, 0.0], [17.0, -12.0, 1.0], [6.0, 12.0, 0.0], [7.0, -13.0, 0.0], [9.0, -1.0, 0.0], [4.0, 1.0, 0.0], [4.0, 7.0, 0.0], [-1.0, 6.0, 0.0], [-4.0, 3.0, 0.0], [-11.0, 4.0, 0.0], [-11.0, -2.0, 0.0], [-4.0, -4.0, 0.0], [4.0, -7.0, 0.0], [8.0, -4.0, 0.0], [14.0, -1.0, 1.0], [5.0, 21.0, 0.0], [1.0, -9.0, 0.0], [9.0, -3.0, 0.0], [9.0, 4.0, 0.0], [-1.0, 9.0, 0.0], [-9.0, 2.0, 0.0], [-9.0, -8.0, 0.0], [2.0, -5.0, 0.0], [13.0, -3.0, 1.0], [9.0, 28.0, 0.0], [-1.0, -5.0, 0.0], [5.0, -6.0, 0.0], [11.0, 6.0, 0.0], [-1.0, 5.0, 0.0], [-7.0, 6.0, 0.0], [-11.0, 0.0, 0.0], [-6.0, -11.0, 0.0], [1.0, -8.0, 0.0], [5.0, -2.0, 0.0], [15.0, 7.0, 1.0], [-20.0, 22.0, 0.0], [9.0, -4.0, 0.0], [4.0, 6.0, 0.0], [-4.0, 7.0, 0.0], [-12.0, 4.0, 0.0], [-9.0, -1.0, 0.0], [-3.0, -7.0, 0.0], [7.0, -6.0, 0.0], [12.0, -1.0, 0.0], [4.0, 7.0, 1.0], [-28.0, 20.0, 0.0], [0.0, -6.0, 0.0], [6.0, -9.0, 0.0], [7.0, -1.0, 0.0], [1.0, 4.0, 0.0], [-6.0, 7.0, 0.0], [-15.0, 5.0, 0.0], [-13.0, -2.0, 0.0], [-1.0, -4.0, 0.0], [5.0, -7.0, 0.0], [6.0, -1.0, 1.0], [-9.0, 8.0, 0.0], [-8.0, -4.0, 0.0], [4.0, -4.0, 0.0], [7.0, 2.0, 0.0], [-7.0, 9.0, 0.0], [-14.0, -2.0, 0.0], [-3.0, -9.0, 0.0], [2.0, -5.0, 0.0], [10.0, -1.0, 0.0], [1.0, 5.0, 1.0], [-27.0, -9.0, 0.0], [10.0, -1.0, 0.0], [-1.0, 5.0, 0.0], [-8.0, 2.0, 0.0], [-8.0, -6.0, 0.0], [-4.0, -8.0, 0.0], [6.0, -8.0, 0.0], [9.0, 0.0, 0.0], [4.0, 7.0, 0.0], [-5.0, 7.0, 0.0], [-8.0, 3.0, 0.0], [-4.0, -3.0, 1.0], [4.0, -14.0, 0.0], [0.0, -6.0, 1.0], [16.0, 17.0, 0.0], [-6.0, -7.0, 0.0], [0.0, -11.0, 0.0], [15.0, -24.0, 0.0], [-5.0, -11.0, 0.0], [-2.0, -21.0, 0.0], [9.0, -31.0, 0.0], [14.0, -14.0, 0.0], [5.0, -1.0, 0.0], [9.0, 3.0, 0.0], [-3.0, 19.0, 0.0], [11.0, 11.0, 0.0], [4.0, 31.0, 0.0], [13.0, 31.0, 0.0], [0.0, 10.0, 0.0], [6.0, 10.0, 0.0], [-2.0, 1.0, 1.0], [-48.0, -9.0, 0.0], [8.0, -27.0, 0.0], [-10.0, -31.0, 0.0], [6.0, -22.0, 0.0], [-3.0, -1.0, 1.0], [6.0, 3.0, 0.0], [7.0, 18.0, 0.0], [-1.0, 23.0, 0.0], [3.0, 9.0, 0.0], [8.0, 9.0, 0.0], [4.0, 14.0, 1.0], [-19.0, -70.0, 0.0], [-10.0, 32.0, 0.0], [5.0, 9.0, 0.0], [20.0, 14.0, 0.0], [0.0, 8.0, 0.0], [-7.0, 14.0, 0.0], [-2.0, -1.0, 1.0], [-14.0, -81.0, 0.0], [-10.0, 16.0, 0.0], [-1.0, 13.0, 0.0], [20.0, 21.0, 0.0], [2.0, 12.0, 0.0], [-14.0, 23.0, 1.0], [13.0, -67.0, 0.0], [8.0, 18.0, 0.0], [-3.0, 19.0, 0.0], [3.0, 7.0, 1.0], [-178.578125, -76.296875, 0.0], [-5.0, 4.0, 0.0], [-2.0, 11.0, 0.0], [3.0, 11.0, 0.0], [6.0, 6.0, 0.0], [8.0, 2.0, 0.0], [8.0, -4.0, 0.0], [6.0, -9.0, 0.0], [2.0, -12.0, 0.0], [-13.0, -12.0, 0.0], [-15.0, 2.0, 1.0], [6.0, 37.0, 0.0], [4.0, 15.0, 1.0], [5.0, -15.0, 0.0], [1.0, 12.0, 1.0], [2.0, -2.0, 0.0], [10.0, -8.0, 0.0], [16.0, -1.0, 0.0], [7.0, 6.0, 0.0], [8.0, 24.0, 1.0], [-56.0, -14.0, 0.0], [-13.0, 9.0, 0.0], [-4.0, 12.0, 0.0], [1.0, 26.0, 0.0], [3.0, 6.0, 0.0], [6.0, 5.0, 0.0], [32.0, 6.0, 0.0], [9.0, -2.0, 0.0], [3.0, -6.0, 0.0], [-2.0, -4.0, 0.0], [-22.0, -2.0, 0.0], [-11.0, -6.0, 0.0], [-4.0, -17.0, 0.0], [5.0, -5.0, 1.0], [35.0, -18.0, 0.0], [2.0, 15.0, 0.0], [9.0, 12.0, 0.0], [-5.0, 18.0, 0.0], [3.0, 3.0, 0.0], [16.0, -20.0, 0.0], [-7.0, -25.0, 1.0], [-54.0, 19.0, 0.0], [10.0, 25.0, 0.0], [3.0, -2.0, 1.0], [19.0, -40.0, 0.0], [5.0, 21.0, 0.0], [6.0, 6.0, 1.0], [-34.0, 30.0, 0.0], [-7.0, 17.0, 0.0], [1.0, 16.0, 0.0], [5.0, 6.0, 0.0], [7.0, 0.0, 0.0], [21.0, -13.0, 0.0], [12.0, -13.0, 0.0], [3.0, -9.0, 1.0], [7.0, -39.0, 0.0], [12.0, -5.0, 0.0], [10.0, 2.0, 0.0], [11.0, 8.0, 0.0], [1.0, 9.0, 0.0], [-3.0, 7.0, 0.0], [-22.0, 15.0, 0.0], [-26.0, 3.0, 0.0], [-2.0, 12.0, 0.0], [-5.0, -2.0, 0.0], [-2.0, -6.0, 0.0], [1.0, -8.0, 0.0], [3.0, -1.0, 1.0], [16.0, -7.0, 0.0], [-2.0, 1.0, 1.0], [-11.0, 6.0, 0.0], [1.0, -4.0, 0.0], [14.0, -5.0, 0.0], [19.0, -2.0, 0.0], [1.0, -4.0, 0.0], [-4.0, 0.0, 1.0], [-42.0, 20.0, 0.0], [1.0, 3.0, 0.0], [-8.0, 13.0, 1.0], [-13.0, -130.0, 0.0], [0.0, 1.0, 1.0], [-6.0, 13.0, 0.0], [6.0, 1.0, 0.0], [6.0, -6.0, 1.0], [276.421875, -8.296875, 0.0], [-2.0, -11.0, 0.0], [5.0, -9.0, 0.0], [12.0, -6.0, 0.0], [11.0, 0.0, 0.0], [6.0, 3.0, 0.0], [8.0, 15.0, 0.0], [-3.0, 13.0, 0.0], [-11.0, 8.0, 0.0], [-19.0, -2.0, 0.0], [-5.0, -4.0, 0.0], [0.0, -10.0, 0.0], [5.0, -7.0, 1.0], [6.0, 27.0, 0.0], [3.0, 13.0, 1.0], [12.0, -12.0, 0.0], [1.0, 9.0, 1.0], [-13.0, 7.0, 0.0], [-12.0, -1.0, 0.0], [-22.0, 4.0, 0.0], [-3.0, 31.0, 0.0], [-4.0, 11.0, 0.0], [6.0, 21.0, 0.0], [9.0, 1.0, 0.0], [12.0, 8.0, 0.0], [8.0, -1.0, 0.0], [2.0, -7.0, 0.0], [-21.0, -28.0, 0.0], [5.0, -15.0, 1.0], [0.0, -1.0, 0.0], [6.0, 20.0, 1.0], [31.0, -51.0, 0.0], [15.0, 1.0, 0.0], [24.0, 9.0, 0.0], [1.0, 24.0, 0.0], [-4.0, 21.0, 0.0], [-16.0, 23.0, 0.0], [-17.0, 4.0, 0.0], [-9.0, -11.0, 0.0], [0.0, -9.0, 0.0], [18.0, -15.0, 0.0], [4.0, -20.0, 1.0], [-5.0, 1.0, 0.0], [3.0, 27.0, 1.0], [-37.0, 26.0, 0.0], [-3.0, 10.0, 0.0], [-52.0, 13.0, 0.0], [-1.0, 11.0, 0.0], [5.0, 12.0, 0.0], [7.0, 8.0, 0.0], [10.0, 5.0, 0.0], [25.0, 4.0, 0.0], [21.0, -13.0, 0.0], [2.0, -12.0, 0.0], [-31.0, -1.0, 0.0], [-2.0, -3.0, 1.0], [62.0, -37.0, 0.0], [11.0, 8.0, 0.0], [6.0, 12.0, 0.0], [0.0, 21.0, 0.0], [-14.0, 15.0, 0.0], [-11.0, 3.0, 0.0], [-23.0, 0.0, 0.0], [-4.0, -3.0, 1.0]], "gt_class_names": ["floor", "tent", "campfire", "yoga", "yoga"]}