{"img_id": "sceneid-51-userid-20", "img_w": 1100, "img_h": 770, "object_divisions": [0, 8, 10, 11, 16, 24], "scene_strokes": [[128.421875, 292.703125, 0.0], [-3.0, 24.0, 0.0], [5.0, 17.0, 0.0], [1.0, 40.0, 0.0], [5.0, 7.0, 0.0], [24.0, 9.0, 0.0], [11.0, 12.0, 0.0], [3.0, 25.0, 0.0], [-8.0, 58.0, 0.0], [5.0, 7.0, 0.0], [7.0, 2.0, 1.0], [37.0, -1.0, 0.0], [7.0, 0.0, 0.0], [15.0, -8.0, 1.0], [-63.0, 4.0, 0.0], [-1.0, 15.0, 0.0], [-6.0, 18.0, 0.0], [-23.0, 23.0, 1.0], [64.0, -43.0, 0.0], [-1.0, 10.0, 0.0], [-8.0, 13.0, 0.0], [-8.0, 9.0, 0.0], [-9.0, 4.0, 1.0], [47.0, -59.0, 0.0], [6.0, -4.0, 0.0], [2.0, -11.0, 0.0], [-9.0, -34.0, 0.0], [-3.0, -33.0, 0.0], [3.0, -12.0, 0.0], [6.0, -4.0, 0.0], [11.0, 0.0, 0.0], [37.0, 11.0, 0.0], [15.0, 0.0, 0.0], [8.0, -7.0, 0.0], [0.0, -6.0, 0.0], [-7.0, -10.0, 0.0], [-48.0, -23.0, 0.0], [-21.0, -9.0, 0.0], [-27.0, -5.0, 0.0], [-29.0, 0.0, 0.0], [-27.0, 11.0, 0.0], [-12.0, 16.0, 0.0], [-1.0, 7.0, 0.0], [7.0, 10.0, 0.0], [9.0, 3.0, 0.0], [39.0, 0.0, 0.0], [39.0, -7.0, 0.0], [19.0, -7.0, 0.0], [-18.0, -16.0, 0.0], [-11.0, -5.0, 0.0], [-65.0, -4.0, 0.0], [-9.0, 6.0, 0.0], [-5.0, 9.0, 0.0], [0.0, 4.0, 0.0], [8.0, 8.0, 0.0], [17.0, 1.0, 0.0], [52.0, -6.0, 1.0], [-95.0, -80.0, 0.0], [7.0, -10.0, 0.0], [13.0, -7.0, 0.0], [9.0, 6.0, 0.0], [4.0, 69.0, 1.0], [17.0, 148.0, 0.0], [6.0, 3.0, 0.0], [33.0, 1.0, 0.0], [29.0, -12.0, 1.0], [-122.0, -207.0, 0.0], [4.0, 3.0, 0.0], [2.0, 28.0, 1.0], [-26.578125, -75.296875, 0.0], [-11.0, -48.0, 0.0], [10.0, -7.0, 0.0], [42.0, -16.0, 0.0], [9.0, 3.0, 0.0], [16.0, 49.0, 0.0], [0.0, 19.0, 0.0], [-16.0, 6.0, 0.0], [-40.0, 6.0, 0.0], [-13.0, -23.0, 0.0], [-2.0, 2.0, 1.0], [29.0, -29.0, 0.0], [-4.0, 0.0, 0.0], [-6.0, 9.0, 0.0], [4.0, 13.0, 0.0], [5.0, 3.0, 0.0], [11.0, -3.0, 0.0], [7.0, -7.0, 0.0], [2.0, -10.0, 0.0], [-13.0, -19.0, 0.0], [-5.0, 0.0, 0.0], [-4.0, 4.0, 0.0], [-2.0, 9.0, 1.0], [302.421875, -83.296875, 0.0], [9.0, 111.0, 0.0], [-10.0, 79.0, 0.0], [39.0, -12.0, 0.0], [46.0, -6.0, 0.0], [55.0, 0.0, 0.0], [50.0, 5.0, 0.0], [7.0, -17.0, 0.0], [1.0, -33.0, 0.0], [-12.0, -94.0, 0.0], [-2.0, -63.0, 0.0], [-142.0, 3.0, 0.0], [-33.0, 8.0, 0.0], [-22.0, 9.0, 0.0], [-3.0, 2.0, 0.0], [2.0, 2.0, 1.0], [380.421875, -40.296875, 0.0], [-5.0, 24.0, 0.0], [-6.0, 67.0, 0.0], [-10.0, 53.0, 0.0], [0.0, 127.0, 0.0], [-3.0, 36.0, 0.0], [2.0, 128.0, 0.0], [12.0, 10.0, 0.0], [36.0, 9.0, 0.0], [104.0, 7.0, 0.0], [78.0, 10.0, 0.0], [12.0, -4.0, 0.0], [9.0, -15.0, 0.0], [7.0, -16.0, 0.0], [5.0, -32.0, 0.0], [4.0, -122.0, 0.0], [12.0, -156.0, 0.0], [-2.0, -39.0, 0.0], [-13.0, -41.0, 0.0], [-18.0, -24.0, 0.0], [-38.0, -28.0, 0.0], [-34.0, -13.0, 0.0], [-31.0, -7.0, 0.0], [-38.0, -2.0, 0.0], [-36.0, 5.0, 0.0], [-55.0, 16.0, 0.0], [-6.0, 9.0, 1.0], [-8.0, 348.0, 0.0], [-3.0, -5.0, 0.0], [7.0, 5.0, 0.0], [22.0, 6.0, 0.0], [51.0, 6.0, 0.0], [105.0, 4.0, 0.0], [90.0, -1.0, 1.0], [-145.0, -394.0, 0.0], [3.0, 170.0, 0.0], [-6.0, 70.0, 0.0], [4.0, 53.0, 0.0], [-4.0, 59.0, 0.0], [0.0, 27.0, 0.0], [4.0, 13.0, 0.0], [-2.0, 1.0, 1.0], [-33.0, -197.0, 0.0], [-6.0, 4.0, 0.0], [-1.0, 9.0, 0.0], [5.0, 5.0, 0.0], [6.0, 0.0, 0.0], [4.0, -10.0, 0.0], [-3.0, -7.0, 0.0], [-8.0, 2.0, 0.0], [-3.0, 6.0, 1.0], [64.0, -9.0, 0.0], [-10.0, 4.0, 0.0], [-1.0, 8.0, 0.0], [5.0, 7.0, 0.0], [14.0, -2.0, 0.0], [8.0, -13.0, 0.0], [-2.0, -7.0, 0.0], [-5.0, -4.0, 0.0], [-21.0, 1.0, 1.0], [-619.578125, 31.703125, 0.0], [-11.0, 10.0, 0.0], [2.0, 9.0, 0.0], [7.0, 4.0, 0.0], [51.0, -1.0, 0.0], [19.0, -4.0, 0.0], [11.0, -7.0, 0.0], [-2.0, -10.0, 0.0], [-13.0, -9.0, 0.0], [-18.0, -3.0, 0.0], [-39.0, 0.0, 0.0], [-14.0, 8.0, 1.0], [11.0, 14.0, 0.0], [5.0, 27.0, 0.0], [1.0, 29.0, 1.0], [37.0, -24.0, 0.0], [-11.0, -7.0, 0.0], [-15.0, -1.0, 0.0], [-8.0, 4.0, 0.0], [-2.0, 13.0, 0.0], [18.0, 1.0, 0.0], [36.0, -8.0, 0.0], [-3.0, -7.0, 0.0], [-10.0, -4.0, 0.0], [-14.0, 1.0, 0.0], [-2.0, 2.0, 0.0], [3.0, 3.0, 1.0], [24.0, -12.0, 0.0], [-4.0, -4.0, 0.0], [-3.0, -13.0, 0.0], [0.0, -10.0, 0.0], [8.0, 37.0, 1.0], [-50.0, 18.0, 0.0], [12.0, 85.0, 1.0], [38.0, -81.0, 0.0], [3.0, 75.0, 0.0], [-29.0, -1.0, 0.0], [1.0, -3.0, 1.0], [-24.0, -34.0, 0.0], [48.0, -17.0, 0.0], [-1.0, 6.0, 1.0], [-2.0, -26.0, 0.0], [0.0, -18.0, 1.0]], "gt_class_names": ["toilet", "button", "mirror", "dresser", "toilet paper"]}