{"img_id": "sceneid-147-userid-87", "img_w": 1100, "img_h": 770, "object_divisions": [0, 4, 7, 13, 24, 31, 36, 50], "scene_strokes": [[103.421875, 113.703125, 0.0], [5.0, 69.0, 0.0], [0.0, 50.0, 0.0], [-8.0, 50.0, 0.0], [-2.0, 48.0, 0.0], [2.0, 160.0, 0.0], [-4.0, 64.0, 1.0], [8.0, -443.0, 0.0], [33.0, 1.0, 0.0], [37.0, 7.0, 0.0], [153.0, -6.0, 0.0], [28.0, 2.0, 0.0], [-2.0, -4.0, 1.0], [3.0, 2.0, 0.0], [-3.0, 32.0, 0.0], [-29.0, 154.0, 0.0], [-10.0, 79.0, 0.0], [-8.0, 92.0, 0.0], [-2.0, 77.0, 0.0], [-5.0, 37.0, 1.0], [-203.0, -27.0, 0.0], [45.0, 6.0, 0.0], [32.0, 0.0, 0.0], [21.0, 4.0, 0.0], [117.0, 8.0, 1.0], [-146.578125, -421.296875, 0.0], [-3.0, 53.0, 1.0], [7.0, -53.0, 0.0], [42.0, -1.0, 0.0], [31.0, 5.0, 0.0], [29.0, -2.0, 0.0], [-5.0, 26.0, 0.0], [1.0, 39.0, 1.0], [-108.0, -8.0, 0.0], [51.0, 6.0, 0.0], [57.0, -2.0, 1.0], [-59.578125, -23.296875, 0.0], [2.0, 3.0, 0.0], [8.0, 1.0, 0.0], [8.0, -6.0, 0.0], [0.0, -8.0, 0.0], [-9.0, -10.0, 0.0], [-8.0, 4.0, 0.0], [-4.0, 12.0, 0.0], [2.0, 4.0, 1.0], [13.0, 7.0, 0.0], [-4.0, 143.0, 1.0], [3.0, -1.0, 0.0], [-12.0, 24.0, 1.0], [14.0, -21.0, 0.0], [16.0, 23.0, 1.0], [-16.0, -169.0, 0.0], [-16.0, 39.0, 1.0], [19.0, -36.0, 0.0], [23.0, 26.0, 1.0], [209.421875, 8.703125, 0.0], [-46.0, 67.0, 1.0], [50.0, -67.0, 0.0], [34.0, 2.0, 0.0], [60.0, -5.0, 1.0], [4.0, 3.0, 0.0], [-17.0, 27.0, 0.0], [-52.0, 54.0, 1.0], [-80.0, -7.0, 0.0], [37.0, 7.0, 0.0], [49.0, -1.0, 1.0], [-85.0, 12.0, 0.0], [-5.0, 119.0, 1.0], [91.0, -135.0, 0.0], [-5.0, 137.0, 1.0], [71.0, -209.0, 0.0], [2.0, 86.0, 0.0], [-3.0, 54.0, 1.0], [-150.0, 67.0, 0.0], [31.0, 5.0, 0.0], [54.0, -4.0, 1.0], [7.0, 4.0, 0.0], [68.0, -81.0, 1.0], [-158.0, -18.0, 0.0], [49.0, 4.0, 0.0], [26.0, -1.0, 1.0], [-75.0, 27.0, 0.0], [66.0, 4.0, 0.0], [19.0, -2.0, 1.0], [-38.578125, -118.296875, 0.0], [-2.0, 12.0, 0.0], [8.0, 15.0, 0.0], [12.0, 3.0, 0.0], [13.0, -11.0, 0.0], [2.0, -13.0, 0.0], [-9.0, -13.0, 0.0], [-17.0, -1.0, 0.0], [-6.0, 3.0, 0.0], [-2.0, 7.0, 1.0], [11.0, 32.0, 0.0], [-5.0, 12.0, 1.0], [7.0, -13.0, 0.0], [9.0, 15.0, 1.0], [-16.0, -55.0, 0.0], [4.0, -10.0, 0.0], [11.0, -3.0, 0.0], [6.0, 4.0, 0.0], [1.0, 10.0, 1.0], [-8.0, -22.0, 0.0], [0.0, 12.0, 0.0], [-1.0, -10.0, 1.0], [0.0, 39.0, 0.0], [8.0, -8.0, 1.0], [-5.0, 11.0, 0.0], [5.0, 8.0, 1.0], [-51.578125, 235.703125, 0.0], [-1.0, 54.0, 1.0], [4.0, -53.0, 0.0], [74.0, -2.0, 0.0], [-5.0, 23.0, 0.0], [-1.0, 35.0, 1.0], [-64.0, 1.0, 0.0], [50.0, -2.0, 0.0], [20.0, -4.0, 1.0], [-52.0, -49.0, 0.0], [1.0, -13.0, 0.0], [13.0, -8.0, 0.0], [10.0, 1.0, 0.0], [7.0, 10.0, 0.0], [1.0, 7.0, 1.0], [-41.0, 2.0, 0.0], [4.0, -19.0, 0.0], [24.0, -13.0, 0.0], [20.0, 1.0, 0.0], [12.0, 26.0, 1.0], [204.421875, -285.296875, 0.0], [-1.0, 217.0, 0.0], [-5.0, 121.0, 0.0], [-6.0, 53.0, 1.0], [43.0, -15.0, 0.0], [-20.0, -9.0, 0.0], [-18.0, -1.0, 0.0], [-21.0, 5.0, 0.0], [-17.0, 9.0, 0.0], [-9.0, 11.0, 0.0], [-3.0, 9.0, 0.0], [3.0, 15.0, 0.0], [12.0, 10.0, 0.0], [18.0, 7.0, 0.0], [31.0, 0.0, 0.0], [29.0, -7.0, 0.0], [11.0, -11.0, 0.0], [5.0, -17.0, 0.0], [-1.0, -6.0, 0.0], [-18.0, -27.0, 0.0], [-8.0, -3.0, 1.0], [-21.0, -363.0, 0.0], [-3.0, 1.0, 0.0], [-8.0, -14.0, 0.0], [-1.0, -13.0, 0.0], [4.0, -5.0, 0.0], [11.0, 1.0, 0.0], [5.0, 4.0, 0.0], [1.0, 11.0, 0.0], [-8.0, 17.0, 1.0], [-42.0, 0.0, 0.0], [9.0, 10.0, 0.0], [26.0, 7.0, 0.0], [28.0, 2.0, 0.0], [17.0, -4.0, 0.0], [8.0, -9.0, 0.0], [-3.0, -8.0, 0.0], [-19.0, -6.0, 0.0], [-52.0, 3.0, 0.0], [-24.0, 10.0, 1.0], [2.0, 1.0, 0.0], [0.0, -14.0, 0.0], [12.0, -37.0, 0.0], [26.0, -33.0, 0.0], [24.0, -9.0, 0.0], [14.0, 6.0, 0.0], [16.0, 22.0, 0.0], [13.0, 49.0, 0.0], [1.0, 25.0, 1.0], [-89.0, 30.0, 0.0], [-30.0, 45.0, 1.0], [38.0, -25.0, 0.0], [-12.0, 29.0, 1.0], [65.0, -55.0, 0.0], [14.0, 33.0, 1.0], [29.0, -138.0, 0.0], [-17.0, 16.0, 1.0], [-14.0, -76.0, 0.0], [-20.0, 34.0, 1.0], [-32.0, -50.0, 0.0], [-2.0, 38.0, 1.0], [-47.0, -13.0, 0.0], [18.0, 35.0, 1.0], [-39.0, 9.0, 0.0], [21.0, 26.0, 1.0], [-18.0, 34.0, 0.0], [8.0, -4.0, 1.0]], "gt_class_names": ["bed", "pillow", "yoga", "dresser", "alarm clock", "purse", "floor lamp"]}