{"img_id": "sceneid-23-userid-7", "img_w": 1100, "img_h": 770, "object_divisions": [0, 9, 18], "scene_strokes": [[232.421875, 182.703125, 0.0], [1.0, -5.0, 0.0], [4.0, -2.0, 0.0], [3.0, 0.0, 0.0], [4.0, 7.0, 0.0], [0.0, 128.0, 0.0], [6.0, 36.0, 0.0], [13.0, 31.0, 0.0], [12.0, 12.0, 0.0], [16.0, 2.0, 0.0], [24.0, -21.0, 0.0], [15.0, -32.0, 1.0], [-91.0, -164.0, 0.0], [2.0, -6.0, 0.0], [13.0, -3.0, 0.0], [15.0, 10.0, 0.0], [11.0, 21.0, 0.0], [5.0, 45.0, 0.0], [-3.0, 72.0, 0.0], [4.0, 18.0, 0.0], [8.0, 9.0, 0.0], [9.0, -4.0, 0.0], [14.0, -19.0, 0.0], [7.0, -27.0, 0.0], [12.0, 26.0, 0.0], [1.0, 23.0, 0.0], [-3.0, 9.0, 1.0], [-5.0, -55.0, 0.0], [-4.0, 13.0, 0.0], [2.0, 18.0, 0.0], [7.0, 19.0, 0.0], [4.0, 2.0, 1.0], [-88.0, -183.0, 0.0], [-36.0, -13.0, 0.0], [32.0, 39.0, 1.0], [-29.0, -43.0, 0.0], [2.0, 4.0, 0.0], [3.0, -2.0, 0.0], [-1.0, -6.0, 0.0], [-5.0, 0.0, 0.0], [-2.0, 5.0, 0.0], [3.0, 5.0, 0.0], [3.0, -1.0, 0.0], [0.0, -5.0, 0.0], [-6.0, -4.0, 0.0], [-2.0, 7.0, 0.0], [4.0, 2.0, 1.0], [32.0, 48.0, 0.0], [-5.0, 0.0, 0.0], [-1.0, 5.0, 0.0], [1.0, 11.0, 0.0], [6.0, 1.0, 1.0], [-1.0, 24.0, 0.0], [-5.0, 0.0, 0.0], [-2.0, 11.0, 0.0], [3.0, 9.0, 0.0], [6.0, 2.0, 1.0], [3.0, 16.0, 0.0], [-6.0, 5.0, 0.0], [-2.0, 11.0, 0.0], [5.0, 13.0, 0.0], [3.0, 4.0, 0.0], [1.0, -2.0, 1.0], [25.0, -130.0, 0.0], [3.0, -1.0, 0.0], [3.0, 4.0, 0.0], [-4.0, 18.0, 0.0], [7.0, 14.0, 0.0], [-1.0, 27.0, 0.0], [6.0, 13.0, 0.0], [-5.0, 23.0, 0.0], [2.0, 18.0, 0.0], [-3.0, 13.0, 0.0], [4.0, 20.0, 0.0], [3.0, 6.0, 0.0], [5.0, 1.0, 1.0], [96.421875, -182.296875, 0.0], [14.0, 148.0, 0.0], [0.0, 91.0, 1.0], [-12.0, -242.0, 0.0], [4.0, -9.0, 0.0], [12.0, -10.0, 0.0], [14.0, -1.0, 0.0], [10.0, 4.0, 0.0], [12.0, 13.0, 0.0], [15.0, 42.0, 0.0], [14.0, 18.0, 0.0], [8.0, 5.0, 0.0], [16.0, 1.0, 0.0], [34.0, -19.0, 0.0], [-24.0, 147.0, 0.0], [-15.0, 49.0, 0.0], [-13.0, 31.0, 0.0], [-62.0, 53.0, 0.0], [-5.0, 5.0, 0.0], [-1.0, 2.0, 0.0], [3.0, -1.0, 1.0], [-7.0, -94.0, 0.0], [-1.0, 52.0, 0.0], [4.0, 51.0, 0.0], [19.0, -23.0, 1.0], [-35.0, -315.0, 0.0], [-7.0, 3.0, 0.0], [-2.0, 5.0, 0.0], [-1.0, 42.0, 0.0], [11.0, 145.0, 0.0], [5.0, 135.0, 0.0], [2.0, 5.0, 0.0], [11.0, -1.0, 0.0], [3.0, -4.0, 1.0], [1.0, -354.0, 0.0], [13.0, 146.0, 0.0], [8.0, 175.0, 0.0], [4.0, 21.0, 1.0], [16.0, -285.0, 0.0], [9.0, 91.0, 0.0], [1.0, 155.0, 0.0], [2.0, -2.0, 1.0], [24.0, -211.0, 0.0], [8.0, 105.0, 0.0], [0.0, 47.0, 0.0], [2.0, -7.0, 1.0], [12.0, -161.0, 0.0], [6.0, 75.0, 1.0], [-133.0, -126.0, 0.0], [1.0, -15.0, 0.0], [15.0, -26.0, 0.0], [13.0, -7.0, 0.0], [19.0, 4.0, 0.0], [7.0, 4.0, 0.0], [15.0, 21.0, 0.0], [28.0, 62.0, 0.0], [6.0, 4.0, 0.0], [13.0, 1.0, 0.0], [17.0, -3.0, 0.0], [13.0, -7.0, 0.0], [-6.0, 17.0, 1.0]], "gt_class_names": ["saxophone", "harp"]}