{"img_id": "sceneid-50-userid-85", "img_w": 1100, "img_h": 770, "object_divisions": [0, 10, 15, 27, 31, 32, 33, 35], "scene_strokes": [[256.0, 413.703125, 0.0], [183.0, 4.0, 0.0], [86.0, -4.0, 0.0], [150.0, -1.0, 0.0], [112.0, -7.0, 0.0], [107.0, 0.0, 1.0], [-641.0, 6.0, 0.0], [-37.0, 102.0, 0.0], [-27.0, 53.0, 0.0], [-4.0, 20.0, 0.0], [46.0, -13.0, 0.0], [46.0, -3.0, 0.0], [80.0, 11.0, 0.0], [82.0, 4.0, 0.0], [142.0, -2.0, 0.0], [120.0, 6.0, 0.0], [111.0, 0.0, 0.0], [106.0, -4.0, 0.0], [8.0, -55.0, 0.0], [11.0, -35.0, 0.0], [13.0, -64.0, 0.0], [8.0, -21.0, 0.0], [-7.0, -5.0, 0.0], [-22.0, -5.0, 0.0], [-60.0, 3.0, 1.0], [-619.0, -6.0, 0.0], [1.0, 1.0, 1.0], [2.0, 4.0, 0.0], [1.0, 11.0, 0.0], [7.0, -34.0, 0.0], [6.0, -109.0, 0.0], [-3.0, -42.0, 0.0], [103.0, -11.0, 0.0], [156.0, 3.0, 0.0], [134.0, -10.0, 0.0], [253.0, 0.0, 0.0], [32.0, 4.0, 0.0], [9.0, 3.0, 0.0], [3.0, 5.0, 0.0], [0.0, 201.0, 0.0], [-7.0, 2.0, 1.0], [-774.0, 161.0, 0.0], [2.0, 29.0, 0.0], [-6.0, 42.0, 0.0], [-3.0, 66.0, 0.0], [0.0, 35.0, 0.0], [7.0, -5.0, 1.0], [29.0, -165.0, 0.0], [-10.0, 193.0, 1.0], [46.0, -212.0, 0.0], [-8.0, 113.0, 0.0], [-5.0, 29.0, 0.0], [1.0, 4.0, 0.0], [5.0, 2.0, 0.0], [35.0, 0.0, 0.0], [4.0, -72.0, 0.0], [-8.0, -60.0, 0.0], [4.0, -19.0, 0.0], [6.0, -8.0, 1.0], [627.0, 33.0, 0.0], [-18.0, -1.0, 0.0], [1.0, 33.0, 0.0], [-10.0, 66.0, 0.0], [1.0, 78.0, 1.0], [42.0, -169.0, 0.0], [-2.0, -11.0, 0.0], [-1.0, 8.0, 0.0], [-10.0, 135.0, 0.0], [-2.0, 41.0, 0.0], [2.0, 8.0, 0.0], [2.0, -4.0, 1.0], [60.0, -350.0, 0.0], [0.0, -7.0, 0.0], [-4.0, -4.0, 0.0], [0.0, 25.0, 0.0], [-7.0, 44.0, 0.0], [1.0, 98.0, 0.0], [-3.0, 64.0, 0.0], [-22.0, 12.0, 0.0], [-2.0, -62.0, 0.0], [5.0, -40.0, 0.0], [-8.0, -13.0, 1.0], [-363.0, -87.296875, 0.0], [-3.0, -9.0, 0.0], [-1.0, -61.0, 0.0], [7.0, 0.0, 1.0], [26.0, 74.0, 0.0], [-3.0, -10.0, 0.0], [-2.0, -62.0, 1.0], [-25.0, -3.0, 0.0], [-88.0, 2.0, 0.0], [10.0, -39.0, 0.0], [-1.0, -15.0, 0.0], [-11.0, -28.0, 0.0], [2.0, -6.0, 0.0], [52.0, -5.0, 0.0], [71.0, 4.0, 0.0], [103.0, -1.0, 0.0], [5.0, 53.0, 0.0], [-3.0, 45.0, 0.0], [-111.0, 1.0, 0.0], [-30.0, -2.0, 0.0], [-9.0, -5.0, 1.0], [-54.0, -15.0, 0.0], [3.0, -22.0, 0.0], [-1.0, -28.0, 0.0], [4.0, -10.0, 0.0], [159.0, -2.0, 0.0], [7.0, 4.0, 0.0], [5.0, 10.0, 0.0], [3.0, 45.0, 0.0], [-1.0, 4.0, 0.0], [-8.0, 2.0, 0.0], [-109.0, 9.0, 0.0], [-75.0, -5.0, 0.0], [-6.0, -2.0, 0.0], [14.0, -24.0, 1.0], [68.0, 104.0, 0.0], [-8.0, -4.0, 0.0], [-31.0, 2.0, 0.0], [-8.0, 5.0, 0.0], [0.0, 5.0, 0.0], [7.0, 9.0, 0.0], [9.0, 5.0, 0.0], [17.0, 3.0, 0.0], [31.0, 3.0, 0.0], [33.0, -2.0, 0.0], [19.0, -10.0, 0.0], [4.0, -8.0, 0.0], [-15.0, -7.0, 0.0], [-23.0, 4.0, 1.0], [-123.0, 42.703125, 0.0], [-18.0, 46.0, 1.0], [17.0, -46.0, 0.0], [70.0, 11.0, 0.0], [79.0, -7.0, 0.0], [19.0, 1.0, 1.0], [-190.0, 50.0, 0.0], [40.0, -5.0, 0.0], [35.0, 0.0, 0.0], [81.0, 7.0, 0.0], [45.0, 0.0, 0.0], [5.0, -51.0, 0.0], [-17.0, -4.0, 1.0], [-152.0, 5.0, 0.0], [-9.0, 36.0, 0.0], [-8.0, 17.0, 1.0], [39.0, -50.0, 0.0], [0.0, 11.0, 0.0], [-9.0, 32.0, 1.0], [33.0, -44.0, 0.0], [-13.0, 47.0, 1.0], [37.0, -45.0, 0.0], [-11.0, 39.0, 1.0], [39.0, -37.0, 0.0], [-9.0, 41.0, 1.0], [49.0, -46.0, 0.0], [-9.0, 37.0, 1.0], [30.0, -37.0, 0.0], [-12.0, 48.0, 1.0], [-170.0, -36.0, 0.0], [185.0, 10.0, 1.0], [-183.0, 2.0, 0.0], [138.0, 15.0, 0.0], [54.0, -1.0, 1.0], [70.0, -22.296875, 0.0], [-5.0, -2.0, 0.0], [-4.0, 4.0, 0.0], [-10.0, 19.0, 0.0], [1.0, 16.0, 0.0], [13.0, 16.0, 0.0], [10.0, 1.0, 0.0], [15.0, -11.0, 0.0], [8.0, -12.0, 0.0], [1.0, -13.0, 0.0], [-3.0, -13.0, 0.0], [-11.0, -10.0, 0.0], [-12.0, -2.0, 0.0], [-11.0, 4.0, 1.0], [14.0, -1.0, 0.0], [-3.0, 30.0, 1.0], [-23.0, -4.0, 0.0], [20.0, 1.0, 0.0], [23.0, -4.0, 1.0], [-19.0, -31.0, 0.0], [-7.0, -15.0, 0.0], [-8.0, -6.0, 0.0], [-33.0, -4.0, 0.0], [-23.0, -7.0, 0.0], [-50.0, -41.0, 0.0], [-3.0, -8.0, 1.0], [-291.0, 4.703125, 0.0], [-12.0, 83.0, 0.0], [38.0, 1.0, 0.0], [23.0, -3.0, 0.0], [-6.0, -42.0, 0.0], [7.0, -31.0, 0.0], [-4.0, -9.0, 0.0], [-61.0, -3.0, 1.0], [37.0, 25.703125, 0.0], [-7.0, 25.0, 0.0], [-7.0, 47.0, 0.0], [-9.0, 22.0, 0.0], [74.0, 1.0, 0.0], [9.0, -2.0, 0.0], [1.0, -8.0, 0.0], [3.0, -68.0, 0.0], [-3.0, -9.0, 0.0], [-73.0, -7.0, 1.0], [29.0, 37.703125, 0.0], [-1.0, -4.0, 1.0], [-6.0, -3.0, 0.0], [-1.0, -3.0, 0.0], [64.0, 8.0, 0.0], [2.0, 39.0, 0.0], [-9.0, 62.0, 0.0], [-50.0, -3.0, 0.0], [-6.0, -4.0, 0.0], [-4.0, -13.0, 0.0], [-2.0, -37.0, 0.0], [1.0, -19.0, 0.0], [9.0, -23.0, 0.0], [1.0, -16.0, 1.0]], "gt_class_names": ["table", "computer", "keyboard", "mouse", "paper", "paper", "paper"]}