{"img_id": "sceneid-149-userid-89", "img_w": 1100, "img_h": 770, "object_divisions": [0, 7, 16, 22, 29], "scene_strokes": [[228.421875, 187.703125, 0.0], [-8.0, 126.0, 0.0], [-11.0, 67.0, 1.0], [26.0, -217.0, 0.0], [156.0, -3.0, 0.0], [203.0, -20.0, 0.0], [150.0, -6.0, 0.0], [12.0, 3.0, 0.0], [8.0, 6.0, 0.0], [10.0, 21.0, 0.0], [10.0, 53.0, 0.0], [7.0, 102.0, 0.0], [-1.0, 8.0, 0.0], [-9.0, 11.0, 0.0], [-23.0, 14.0, 0.0], [-75.0, 14.0, 0.0], [-48.0, 4.0, 0.0], [-74.0, 3.0, 0.0], [-95.0, -1.0, 0.0], [-77.0, 4.0, 0.0], [-99.0, 25.0, 1.0], [-85.0, -11.0, 0.0], [62.0, 4.0, 0.0], [69.0, -10.0, 0.0], [22.0, 4.0, 1.0], [-147.0, 2.0, 0.0], [-39.0, 104.0, 0.0], [-6.0, 31.0, 1.0], [603.0, -174.0, 0.0], [0.0, 16.0, 0.0], [-12.0, 44.0, 0.0], [-33.0, 76.0, 0.0], [-15.0, 22.0, 1.0], [-479.0, -352.0, 0.0], [-2.0, -5.0, 0.0], [-1.0, 2.0, 0.0], [-24.0, 76.0, 0.0], [-35.0, 72.0, 0.0], [-8.0, 41.0, 1.0], [536.0, 37.0, 0.0], [-34.0, 49.0, 1.0], [-381.578125, -198.296875, 0.0], [-5.0, 68.0, 1.0], [2.0, -65.0, 0.0], [2.0, -4.0, 0.0], [21.0, -1.0, 0.0], [23.0, 13.0, 0.0], [6.0, 26.0, 0.0], [-3.0, 32.0, 1.0], [-41.0, -13.0, 0.0], [4.0, 3.0, 0.0], [14.0, 1.0, 0.0], [26.0, -6.0, 1.0], [-53.0, 15.0, 0.0], [-3.0, 3.0, 0.0], [0.0, 14.0, 0.0], [6.0, 5.0, 0.0], [7.0, 1.0, 0.0], [43.0, -12.0, 0.0], [-3.0, -5.0, 0.0], [4.0, -7.0, 0.0], [-3.0, -2.0, 0.0], [-27.0, -3.0, 0.0], [-14.0, 2.0, 0.0], [-6.0, 2.0, 0.0], [-5.0, 8.0, 0.0], [4.0, 11.0, 0.0], [26.0, 0.0, 0.0], [28.0, -13.0, 0.0], [-3.0, -9.0, 0.0], [-15.0, -1.0, 0.0], [-25.0, 6.0, 0.0], [-2.0, 3.0, 0.0], [6.0, 2.0, 0.0], [20.0, -6.0, 0.0], [-10.0, -4.0, 0.0], [-26.0, 13.0, 0.0], [23.0, -5.0, 0.0], [9.0, 2.0, 0.0], [-21.0, 1.0, 0.0], [25.0, -10.0, 0.0], [-20.0, 13.0, 0.0], [15.0, 0.0, 0.0], [-20.0, 2.0, 0.0], [18.0, -3.0, 0.0], [19.0, -9.0, 0.0], [-37.0, 9.0, 0.0], [22.0, 1.0, 0.0], [-21.0, 0.0, 0.0], [-13.0, -4.0, 0.0], [5.0, -4.0, 0.0], [19.0, -2.0, 0.0], [-24.0, 10.0, 0.0], [35.0, -7.0, 0.0], [10.0, 9.0, 1.0], [-30.0, -67.0, 0.0], [-1.0, 31.0, 1.0], [16.0, -30.0, 0.0], [-3.0, 16.0, 0.0], [3.0, 22.0, 1.0], [14.0, -24.0, 0.0], [1.0, 26.0, 1.0], [-28.0, -43.0, 0.0], [0.0, 43.0, 1.0], [9.0, 13.0, 0.0], [-5.0, 0.0, 0.0], [-10.0, 10.0, 0.0], [10.0, 3.0, 0.0], [20.0, -3.0, 0.0], [-26.0, 4.0, 0.0], [20.0, -3.0, 0.0], [-13.0, 1.0, 0.0], [-12.0, -4.0, 0.0], [-5.0, -8.0, 0.0], [2.0, -7.0, 0.0], [-3.0, 0.0, 0.0], [45.0, 4.0, 0.0], [7.0, -5.0, 0.0], [-39.0, 11.0, 0.0], [3.0, 5.0, 0.0], [16.0, 0.0, 0.0], [-15.0, 4.0, 0.0], [25.0, -7.0, 1.0], [-61.578125, -96.296875, 0.0], [1.0, 156.0, 0.0], [4.0, 9.0, 0.0], [2.0, -3.0, 1.0], [-8.0, -171.0, 0.0], [87.0, 1.0, 0.0], [167.0, -21.0, 0.0], [9.0, 6.0, 0.0], [8.0, 44.0, 0.0], [1.0, 46.0, 0.0], [-4.0, 37.0, 0.0], [-2.0, 7.0, 0.0], [-11.0, 8.0, 0.0], [-96.0, 22.0, 0.0], [-138.0, 18.0, 1.0], [-28.0, -103.0, 0.0], [-4.0, 12.0, 0.0], [-3.0, 35.0, 0.0], [14.0, 10.0, 0.0], [8.0, -4.0, 0.0], [2.0, -11.0, 1.0], [254.0, -79.0, 0.0], [-3.0, -1.0, 0.0], [-7.0, 13.0, 0.0], [-5.0, 16.0, 0.0], [1.0, 14.0, 0.0], [8.0, 7.0, 0.0], [16.0, -1.0, 1.0], [-295.0, -10.0, 0.0], [11.0, -2.0, 0.0], [4.0, 4.0, 0.0], [2.0, -2.0, 0.0], [-2.0, 4.0, 0.0], [6.0, -8.0, 0.0], [-10.0, 21.0, 0.0], [-1.0, 7.0, 0.0], [4.0, 6.0, 1.0], [261.0, -55.0, 0.0], [7.0, 0.0, 0.0], [-7.0, 8.0, 0.0], [7.0, -15.0, 0.0], [3.0, -3.0, 0.0], [0.0, 7.0, 1.0], [-89.578125, -22.296875, 0.0], [-9.0, -4.0, 0.0], [-12.0, 10.0, 0.0], [-16.0, 23.0, 0.0], [-2.0, 14.0, 0.0], [18.0, 11.0, 0.0], [20.0, 1.0, 0.0], [12.0, -3.0, 0.0], [18.0, -12.0, 0.0], [3.0, -25.0, 0.0], [-4.0, -11.0, 0.0], [-6.0, -7.0, 0.0], [-15.0, -2.0, 0.0], [-32.0, 14.0, 1.0], [21.0, 54.0, 0.0], [3.0, 28.0, 0.0], [4.0, 9.0, 0.0], [2.0, -7.0, 1.0], [-4.0, -23.0, 0.0], [2.0, 37.0, 0.0], [2.0, -11.0, 0.0], [-6.0, -23.0, 0.0], [0.0, -12.0, 0.0], [4.0, 44.0, 1.0], [0.0, -100.0, 0.0], [-14.0, 2.0, 0.0], [-11.0, 8.0, 0.0], [-11.0, 18.0, 0.0], [3.0, 11.0, 0.0], [13.0, 4.0, 0.0], [13.0, -1.0, 0.0], [29.0, -13.0, 0.0], [1.0, -5.0, 0.0], [-5.0, -11.0, 0.0], [-11.0, -4.0, 0.0], [-22.0, 2.0, 0.0], [-8.0, 9.0, 1.0], [13.0, -1.0, 0.0], [-6.0, 0.0, 0.0], [-7.0, 5.0, 0.0], [0.0, 10.0, 0.0], [22.0, -2.0, 0.0], [17.0, -11.0, 0.0], [-1.0, -3.0, 0.0], [-8.0, -1.0, 0.0], [-20.0, 10.0, 1.0], [4.0, 0.0, 0.0], [-7.0, 3.0, 0.0], [3.0, 3.0, 0.0], [7.0, -7.0, 0.0], [-4.0, 2.0, 1.0], [4.0, -30.0, 0.0], [20.0, 4.0, 0.0], [17.0, 18.0, 1.0]], "gt_class_names": ["table", "sandwich", "tray", "lollipop"]}