{"img_id": "sceneid-150-userid-89", "img_w": 1100, "img_h": 770, "object_divisions": [0, 20, 33, 41, 53, 63], "scene_strokes": [[63.421875, 587.703125, 0.0], [28.0, 26.0, 0.0], [155.0, 100.0, 0.0], [124.0, 69.0, 0.0], [14.0, 5.0, 0.0], [18.0, -2.0, 1.0], [-334.0, -210.0, 0.0], [137.0, -56.0, 0.0], [68.0, -35.0, 1.0], [4.0, 0.0, 0.0], [73.0, 56.0, 0.0], [106.0, 100.0, 0.0], [61.0, 33.0, 1.0], [-228.0, -220.0, 0.0], [-2.0, 8.0, 0.0], [3.0, 5.0, 1.0], [0.0, 2.0, 0.0], [-11.0, 14.0, 0.0], [2.0, -6.0, 1.0], [-1.0, -1.0, 0.0], [6.0, 8.0, 0.0], [0.0, 5.0, 0.0], [-2.0, -2.0, 0.0], [-10.0, -28.0, 0.0], [-6.0, -29.0, 0.0], [-3.0, -55.0, 0.0], [3.0, -5.0, 1.0], [-6.0, -7.0, 0.0], [12.0, 2.0, 0.0], [39.0, 26.0, 0.0], [152.0, 71.0, 0.0], [57.0, 33.0, 1.0], [-4.0, 163.0, 0.0], [0.0, -44.0, 0.0], [-6.0, -52.0, 0.0], [6.0, -28.0, 1.0], [-5.0, 135.0, 0.0], [-138.0, 113.0, 0.0], [-16.0, 10.0, 1.0], [153.0, -276.0, 0.0], [4.0, 23.0, 0.0], [2.0, 52.0, 0.0], [10.0, -97.0, 0.0], [-8.0, 13.0, 1.0], [2.0, -16.0, 0.0], [-7.0, 8.0, 0.0], [5.0, 1.0, 0.0], [26.0, -13.0, 0.0], [150.0, -98.0, 0.0], [4.0, -3.0, 0.0], [-4.0, -3.0, 1.0], [-434.0, -29.0, 0.0], [0.0, 3.0, 0.0], [8.0, -2.0, 0.0], [46.0, -25.0, 0.0], [197.0, -125.0, 0.0], [27.0, -8.0, 1.0], [140.0, 205.0, 0.0], [-4.0, -5.0, 0.0], [7.0, -5.0, 0.0], [78.0, -40.0, 1.0], [4.0, -1.0, 0.0], [-44.0, -32.0, 0.0], [-59.0, -36.0, 0.0], [-48.0, -37.0, 0.0], [-70.0, -41.0, 0.0], [-26.0, -22.0, 1.0], [251.0, 164.0, 0.0], [-3.0, 5.0, 0.0], [-2.0, -1.0, 0.0], [-6.0, -73.0, 0.0], [-5.0, -23.0, 0.0], [-4.0, -6.0, 1.0], [-220.0, -81.0, 0.0], [-6.0, -49.0, 0.0], [2.0, -26.0, 1.0], [9.0, 30.0, 0.0], [-5.0, -13.0, 0.0], [7.0, 104.0, 1.0], [-18.0, -137.0, 0.0], [74.0, 45.0, 0.0], [75.0, 34.0, 0.0], [51.0, 36.0, 0.0], [32.0, 18.0, 0.0], [43.0, 38.0, 1.0], [-23.0, -3.0, 0.0], [5.0, -2.0, 1.0], [-7.0, 8.0, 0.0], [5.0, 72.0, 1.0], [-447.578125, -44.296875, 0.0], [-2.0, 4.0, 1.0], [-5.0, -7.0, 0.0], [19.0, 76.0, 0.0], [7.0, 13.0, 1.0], [-27.0, -96.0, 0.0], [-2.0, -1.0, 0.0], [116.0, -90.0, 1.0], [-1.0, -6.0, 0.0], [20.0, 52.0, 0.0], [18.0, 60.0, 1.0], [-122.0, 78.0, 0.0], [58.0, 43.0, 0.0], [65.0, 22.0, 0.0], [44.0, 24.0, 1.0], [-2.0, -6.0, 0.0], [36.0, -41.0, 0.0], [34.0, -47.0, 1.0], [16.0, 2.0, 0.0], [-44.0, -40.0, 0.0], [-52.0, -34.0, 0.0], [-11.0, -5.0, 0.0], [-25.0, -4.0, 1.0], [-149.0, -3.0, 0.0], [24.0, 17.0, 0.0], [79.0, 45.0, 0.0], [43.0, 36.0, 0.0], [14.0, 7.0, 1.0], [15.0, 13.0, 0.0], [12.0, 87.0, 1.0], [-25.0, -107.0, 0.0], [118.0, -75.0, 1.0], [-15.0, 31.0, 0.0], [-11.0, -17.0, 0.0], [0.0, -3.0, 0.0], [2.0, 1.0, 0.0], [3.0, 7.0, 0.0], [5.0, 70.0, 0.0], [1.0, 3.0, 0.0], [2.0, -2.0, 0.0], [1.0, -7.0, 1.0], [-4.0, -81.0, 0.0], [1.0, 4.0, 0.0], [-9.0, -7.0, 0.0], [-87.0, -73.0, 0.0], [-60.0, -36.0, 1.0], [-84.0, 166.0, 0.0], [38.0, -32.0, 0.0], [74.0, -52.0, 1.0], [-48.578125, -43.296875, 0.0], [0.0, -1.0, 1.0], [2.0, -9.0, 0.0], [-3.0, -2.0, 0.0], [-12.0, 7.0, 0.0], [-25.0, 27.0, 0.0], [-3.0, 9.0, 0.0], [2.0, 16.0, 0.0], [15.0, 24.0, 1.0], [30.0, -74.0, 0.0], [-34.0, 29.0, 0.0], [-1.0, 8.0, 0.0], [14.0, 33.0, 0.0], [-16.0, 13.0, 1.0], [15.0, -53.0, 0.0], [0.0, -3.0, 0.0], [5.0, 1.0, 0.0], [4.0, 11.0, 0.0], [-4.0, 12.0, 0.0], [-4.0, 1.0, 0.0], [-1.0, -5.0, 1.0], [-4.0, -8.0, 0.0], [0.0, 1.0, 1.0], [-18.0, -9.0, 0.0], [-9.0, 0.0, 0.0], [-4.0, 3.0, 0.0], [5.0, 13.0, 0.0], [3.0, 1.0, 0.0], [3.0, -7.0, 1.0], [13.0, 1.0, 0.0], [0.0, 7.0, 0.0], [5.0, 1.0, 0.0], [5.0, 6.0, 0.0], [3.0, -1.0, 0.0], [7.0, -21.0, 0.0], [-1.0, -9.0, 0.0], [-5.0, -5.0, 0.0], [2.0, -1.0, 1.0], [2.0, 9.0, 0.0], [1.0, 7.0, 1.0], [79.421875, -35.296875, 0.0], [4.0, -4.0, 1.0], [21.0, -20.0, 0.0], [-6.0, 5.0, 0.0], [-86.0, 130.0, 1.0], [87.0, -131.0, 0.0], [2.0, -1.0, 0.0], [-1.0, 4.0, 0.0], [-15.0, 29.0, 0.0], [6.0, 11.0, 0.0], [0.0, 9.0, 0.0], [-7.0, 18.0, 0.0], [-59.0, 78.0, 0.0], [-3.0, 3.0, 0.0], [1.0, -5.0, 1.0], [52.0, -93.0, 0.0], [-23.0, 35.0, 0.0], [-8.0, 9.0, 0.0], [0.0, -3.0, 1.0], [26.0, -21.0, 0.0], [-19.0, 35.0, 0.0], [-3.0, 1.0, 1.0], [38.0, -72.0, 0.0], [3.0, -2.0, 0.0], [9.0, -30.0, 0.0], [-10.0, 37.0, 0.0], [-2.0, 3.0, 0.0], [1.0, -8.0, 0.0], [11.0, -26.0, 0.0], [-11.0, 22.0, 0.0], [15.0, -26.0, 0.0], [-12.0, 31.0, 0.0], [1.0, -10.0, 0.0], [11.0, -23.0, 0.0], [-10.0, 31.0, 0.0], [5.0, -21.0, 1.0], [-12.0, 5.0, 0.0], [-13.0, 22.0, 0.0], [5.0, -7.0, 0.0], [3.0, -2.0, 0.0], [0.0, 3.0, 0.0], [-9.0, 9.0, 0.0], [9.0, -11.0, 0.0], [-1.0, 8.0, 0.0], [16.0, -22.0, 0.0], [-12.0, 21.0, 1.0], [-62.0, 102.0, 0.0], [0.0, -4.0, 0.0], [-7.0, 1.0, 0.0], [-8.0, 9.0, 0.0], [-5.0, 20.0, 0.0], [20.0, 13.0, 0.0], [6.0, -1.0, 1.0], [1.0, -38.0, 0.0], [-8.0, -11.0, 0.0], [-8.0, -1.0, 0.0], [11.0, 15.0, 1.0], [-1.0, -2.0, 0.0], [-6.0, 2.0, 0.0], [-8.0, 14.0, 0.0], [5.0, 6.0, 0.0], [17.0, 6.0, 0.0], [1.0, 11.0, 0.0], [-10.0, 1.0, 0.0], [-3.0, -6.0, 0.0], [-15.0, -11.0, 0.0], [-2.0, -11.0, 0.0], [2.0, -9.0, 0.0], [7.0, -9.0, 0.0], [8.0, 5.0, 0.0], [3.0, 9.0, 1.0], [64.0, -115.0, 0.0], [-1.0, -3.0, 0.0], [8.0, -1.0, 0.0], [-2.0, -1.0, 0.0], [5.0, -13.0, 0.0], [13.0, -18.0, 0.0], [-17.0, 41.0, 0.0], [11.0, -8.0, 0.0], [-6.0, 12.0, 1.0], [-30.0, 12.0, 0.0], [1.0, -11.0, 0.0], [16.0, -7.0, 0.0], [5.0, 7.0, 0.0], [-1.0, 15.0, 1.0], [21.421875, 37.703125, 0.0], [0.0, -5.0, 0.0], [-7.0, -1.0, 0.0], [-18.0, 13.0, 0.0], [-12.0, 18.0, 0.0], [1.0, 13.0, 0.0], [-18.0, 33.0, 0.0], [1.0, 11.0, 0.0], [7.0, 10.0, 0.0], [17.0, 4.0, 0.0], [19.0, -4.0, 0.0], [20.0, -23.0, 0.0], [10.0, -17.0, 0.0], [12.0, -41.0, 0.0], [-3.0, -8.0, 0.0], [-9.0, -7.0, 0.0], [-20.0, 0.0, 0.0], [-9.0, 10.0, 1.0], [13.0, -5.0, 0.0], [0.0, -14.0, 0.0], [10.0, -24.0, 0.0], [46.0, -68.0, 0.0], [-14.0, 59.0, 0.0], [-34.0, 43.0, 0.0], [-7.0, 4.0, 1.0], [36.0, -70.0, 0.0], [-27.0, 69.0, 0.0], [-3.0, 5.0, 0.0], [-3.0, 1.0, 0.0], [0.0, -4.0, 1.0], [34.0, -65.0, 0.0], [-21.0, 65.0, 1.0], [13.0, -44.0, 0.0], [-17.0, 48.0, 1.0], [-18.0, 14.0, 0.0], [-1.0, -4.0, 0.0], [-8.0, 8.0, 0.0], [-20.0, 42.0, 0.0], [2.0, 11.0, 0.0], [6.0, 3.0, 0.0], [9.0, -3.0, 0.0], [23.0, -24.0, 0.0], [7.0, -38.0, 0.0], [-2.0, -5.0, 0.0], [-19.0, 12.0, 1.0], [-21.0, 37.0, 0.0], [9.0, 17.0, 1.0], [2.0, -40.0, 0.0], [9.0, 25.0, 1.0], [2.0, -35.0, 0.0], [1.0, -5.0, 0.0], [3.0, 23.0, 0.0], [10.0, -31.0, 0.0], [5.0, -6.0, 0.0], [5.0, 28.0, 1.0], [-44.0, 11.0, 0.0], [-4.0, 30.0, 0.0], [16.0, -51.0, 0.0], [5.0, -6.0, 0.0], [4.0, -1.0, 0.0], [4.0, 4.0, 0.0], [1.0, 17.0, 0.0], [-4.0, 19.0, 0.0], [13.0, -12.0, 1.0]], "gt_class_names": ["stairs", "box", "rifle", "umbrella", "guitar"]}