{"img_id": "sceneid-39-userid-14", "img_w": 1100, "img_h": 770, "object_divisions": [0, 1, 9, 17, 27, 37, 40, 46], "scene_strokes": [[4.421875, 484.703125, 0.0], [10.0, -7.0, 0.0], [6.0, 0.0, 0.0], [20.0, 8.0, 0.0], [18.0, 0.0, 0.0], [47.0, -15.0, 0.0], [17.0, 1.0, 0.0], [20.0, 6.0, 0.0], [23.0, 1.0, 0.0], [49.0, -16.0, 0.0], [45.0, 4.0, 0.0], [69.0, -24.0, 0.0], [11.0, -1.0, 0.0], [47.0, 11.0, 0.0], [17.0, 0.0, 0.0], [73.0, -17.0, 0.0], [66.0, 17.0, 0.0], [18.0, -1.0, 0.0], [46.0, -12.0, 0.0], [25.0, -3.0, 0.0], [69.0, 14.0, 0.0], [74.0, -12.0, 0.0], [59.0, 11.0, 0.0], [54.0, -8.0, 0.0], [19.0, 0.0, 0.0], [41.0, 18.0, 0.0], [53.0, 0.0, 0.0], [43.0, 16.0, 0.0], [35.0, 5.0, 1.0], [-740.578125, -93.296875, 0.0], [-33.0, 27.0, 0.0], [-75.0, 91.0, 1.0], [105.0, -112.0, 0.0], [3.0, 3.0, 0.0], [10.0, 0.0, 0.0], [67.0, -8.0, 0.0], [356.0, -16.0, 0.0], [77.0, 1.0, 0.0], [38.0, 9.0, 0.0], [10.0, 8.0, 1.0], [-643.0, 145.0, 0.0], [78.0, 0.0, 0.0], [134.0, -9.0, 0.0], [178.0, -3.0, 0.0], [273.0, -18.0, 1.0], [-22.0, -138.0, 0.0], [14.0, 90.0, 0.0], [8.0, 28.0, 0.0], [0.0, -66.0, 0.0], [2.0, 93.0, 1.0], [-697.0, 4.0, 0.0], [1.0, 10.0, 0.0], [2.0, -2.0, 1.0], [7.0, -11.0, 0.0], [14.0, 102.0, 0.0], [2.0, 62.0, 0.0], [7.0, 12.0, 1.0], [672.0, -175.0, 0.0], [-5.0, -6.0, 0.0], [-8.0, 30.0, 0.0], [10.0, 138.0, 0.0], [0.0, 33.0, 0.0], [-5.0, 23.0, 1.0], [-682.0, -87.0, 0.0], [-2.0, 1.0, 0.0], [7.0, 6.0, 0.0], [7.0, 21.0, 0.0], [10.0, 95.0, 1.0], [134.421875, -350.296875, 0.0], [-7.0, -58.0, 0.0], [2.0, -39.0, 0.0], [8.0, -13.0, 0.0], [18.0, -8.0, 0.0], [13.0, 2.0, 0.0], [8.0, 10.0, 0.0], [-2.0, 42.0, 0.0], [5.0, 56.0, 1.0], [-47.0, 17.0, 0.0], [34.0, -2.0, 0.0], [17.0, -3.0, 0.0], [0.0, -3.0, 1.0], [-34.0, -8.0, 0.0], [-3.0, 5.0, 0.0], [0.0, 13.0, 0.0], [5.0, 18.0, 0.0], [7.0, -4.0, 0.0], [-2.0, -30.0, 1.0], [11.0, 1.0, 0.0], [1.0, 20.0, 0.0], [5.0, 7.0, 0.0], [3.0, -3.0, 0.0], [1.0, -26.0, 1.0], [-28.0, -108.0, 0.0], [-8.0, 8.0, 0.0], [-2.0, -2.0, 0.0], [0.0, -24.0, 0.0], [9.0, -14.0, 0.0], [8.0, -5.0, 0.0], [6.0, 0.0, 0.0], [9.0, 16.0, 0.0], [3.0, 29.0, 1.0], [-19.0, -24.0, 0.0], [27.0, 8.0, 0.0], [7.0, 6.0, 0.0], [-11.0, -1.0, 0.0], [-18.0, -8.0, 0.0], [0.0, -3.0, 1.0], [-29.0, 34.0, 0.0], [-20.0, 26.0, 0.0], [-7.0, 23.0, 0.0], [4.0, 4.0, 0.0], [4.0, -3.0, 0.0], [23.0, -38.0, 1.0], [38.0, -10.0, 0.0], [17.0, 48.0, 0.0], [6.0, 6.0, 0.0], [4.0, -13.0, 0.0], [-2.0, -19.0, 0.0], [-18.0, -31.0, 1.0], [77.421875, 101.703125, 0.0], [56.0, -2.0, 1.0], [-56.0, 0.0, 0.0], [3.0, -79.0, 0.0], [12.0, -25.0, 0.0], [4.0, -4.0, 0.0], [11.0, -2.0, 0.0], [9.0, 2.0, 0.0], [18.0, 11.0, 0.0], [12.0, 25.0, 0.0], [1.0, 12.0, 0.0], [-7.0, 37.0, 0.0], [-1.0, 25.0, 0.0], [-1.0, 6.0, 0.0], [-3.0, 0.0, 1.0], [-58.0, -7.0, 0.0], [4.0, 18.0, 0.0], [18.0, 17.0, 0.0], [10.0, 2.0, 0.0], [3.0, -6.0, 0.0], [-2.0, -14.0, 0.0], [-11.0, -21.0, 1.0], [18.0, 7.0, 0.0], [0.0, 13.0, 0.0], [5.0, 11.0, 0.0], [9.0, 11.0, 0.0], [10.0, 3.0, 0.0], [4.0, -12.0, 0.0], [-11.0, -32.0, 1.0], [-51.0, -87.0, 0.0], [-22.0, 29.0, 0.0], [-13.0, 28.0, 0.0], [-1.0, -23.0, 0.0], [11.0, -20.0, 0.0], [11.0, -9.0, 0.0], [20.0, -7.0, 1.0], [55.0, 7.0, 0.0], [5.0, 28.0, 0.0], [7.0, 15.0, 0.0], [6.0, 5.0, 0.0], [7.0, 0.0, 0.0], [7.0, -6.0, 0.0], [0.0, -9.0, 0.0], [-15.0, -24.0, 0.0], [-21.0, -22.0, 1.0], [-31.0, -10.0, 0.0], [-3.0, 1.0, 0.0], [-10.0, -9.0, 0.0], [-5.0, -11.0, 0.0], [0.0, -8.0, 0.0], [4.0, -12.0, 0.0], [8.0, -10.0, 0.0], [5.0, -3.0, 0.0], [9.0, 2.0, 0.0], [12.0, 23.0, 0.0], [-2.0, 36.0, 1.0], [-12.0, -25.0, 0.0], [10.0, 12.0, 0.0], [12.0, 6.0, 0.0], [5.0, -1.0, 0.0], [-23.0, -16.0, 0.0], [-5.0, -10.0, 1.0], [-7.0, -9.0, 0.0], [1.0, 0.0, 1.0], [-5.0, 16.0, 0.0], [16.0, 15.0, 1.0], [179.421875, 100.703125, 0.0], [-1.0, -26.0, 0.0], [3.0, -24.0, 0.0], [11.0, -52.0, 0.0], [13.0, -22.0, 0.0], [24.0, -15.0, 0.0], [15.0, 5.0, 0.0], [10.0, 22.0, 0.0], [1.0, 48.0, 0.0], [-6.0, 36.0, 0.0], [0.0, 24.0, 0.0], [-2.0, -1.0, 1.0], [-62.0, 14.0, 0.0], [68.0, -12.0, 1.0], [-72.0, 16.0, 0.0], [10.0, 19.0, 0.0], [8.0, 4.0, 0.0], [7.0, -1.0, 0.0], [5.0, -7.0, 0.0], [-5.0, -26.0, 1.0], [27.0, -2.0, 0.0], [3.0, 26.0, 0.0], [5.0, 5.0, 0.0], [5.0, -2.0, 0.0], [3.0, -9.0, 0.0], [0.0, -20.0, 1.0], [-59.0, -99.0, 0.0], [-17.0, 31.0, 0.0], [-20.0, 22.0, 0.0], [-5.0, 3.0, 0.0], [-12.0, 0.0, 0.0], [-2.0, -13.0, 0.0], [6.0, -13.0, 0.0], [13.0, -12.0, 0.0], [46.0, -30.0, 1.0], [54.0, 6.0, 0.0], [14.0, 26.0, 0.0], [15.0, 14.0, 0.0], [12.0, 1.0, 0.0], [1.0, -11.0, 0.0], [-9.0, -15.0, 0.0], [-29.0, -22.0, 1.0], [-23.0, -77.0, 0.0], [-13.0, 9.0, 0.0], [-9.0, 14.0, 0.0], [-2.0, 14.0, 0.0], [5.0, 12.0, 0.0], [9.0, 5.0, 0.0], [12.0, 0.0, 0.0], [8.0, -4.0, 0.0], [4.0, -6.0, 0.0], [3.0, -10.0, 0.0], [-2.0, -12.0, 0.0], [-5.0, -12.0, 0.0], [-5.0, -1.0, 1.0], [-12.0, 21.0, 0.0], [0.0, -3.0, 0.0], [20.0, 12.0, 0.0], [-1.0, -5.0, 0.0], [-17.0, -6.0, 1.0], [-3.0, 17.0, 0.0], [9.0, 3.0, 0.0], [6.0, -3.0, 1.0], [-5.0, -21.0, 0.0], [2.0, 0.0, 1.0], [-660.578125, -91.296875, 0.0], [74.0, -42.0, 1.0], [-23.0, 16.0, 0.0], [8.0, 11.0, 0.0], [1.0, 19.0, 0.0], [-24.0, 28.0, 1.0], [12.0, -67.0, 0.0], [-11.0, -11.0, 0.0], [-17.0, -2.0, 0.0], [-44.0, 14.0, 1.0], [916.421875, -75.296875, 0.0], [-4.0, -5.0, 0.0], [-14.0, -4.0, 0.0], [-25.0, 7.0, 0.0], [-12.0, 16.0, 0.0], [-10.0, 29.0, 0.0], [1.0, 27.0, 0.0], [14.0, 33.0, 0.0], [15.0, 13.0, 0.0], [12.0, 5.0, 0.0], [26.0, 0.0, 0.0], [19.0, -8.0, 0.0], [13.0, -14.0, 0.0], [8.0, -30.0, 0.0], [-2.0, -20.0, 0.0], [-6.0, -11.0, 0.0], [-42.0, -39.0, 1.0], [-54.0, 64.0, 0.0], [-18.0, 2.0, 0.0], [-11.0, 6.0, 1.0], [59.0, 37.0, 0.0], [-20.0, 35.0, 0.0], [4.0, 8.0, 1.0], [60.0, -31.0, 0.0], [23.0, 42.0, 0.0], [7.0, 10.0, 0.0], [5.0, 2.0, 1.0], [-6.0, -145.0, 0.0], [32.0, -14.0, 1.0], [-126.0, -32.0, 0.0], [-10.0, -13.0, 0.0], [-19.0, -9.0, 1.0]], "gt_class_names": ["ocean", "ice", "penguin", "penguin", "penguin", "seagull", "sun"]}