{"img_id": "sceneid-152-userid-72", "img_w": 1100, "img_h": 770, "object_divisions": [0, 4, 14, 19, 28], "scene_strokes": [[244.0, 313.703125, 0.0], [0.0, -39.0, 0.0], [3.0, -16.0, 0.0], [13.0, -14.0, 0.0], [40.0, -16.0, 0.0], [71.0, 0.0, 0.0], [48.0, 4.0, 0.0], [24.0, 9.0, 0.0], [8.0, 9.0, 0.0], [8.0, 64.0, 0.0], [-4.0, 0.0, 0.0], [-1.0, -3.0, 0.0], [-88.0, 3.0, 0.0], [-79.0, -2.0, 0.0], [-50.0, 4.0, 1.0], [-1.0, 2.0, 0.0], [7.0, 47.0, 0.0], [16.0, 16.0, 0.0], [162.0, 1.0, 0.0], [20.0, -3.0, 0.0], [14.0, -8.0, 0.0], [3.0, -14.0, 0.0], [0.0, -40.0, 0.0], [-4.0, -12.0, 1.0], [2.0, -7.0, 0.0], [7.0, -16.0, 0.0], [15.0, -12.0, 0.0], [8.0, 1.0, 0.0], [12.0, 10.0, 0.0], [5.0, 13.0, 0.0], [-2.0, 70.0, 0.0], [-1.0, 8.0, 0.0], [-26.0, 4.0, 0.0], [-22.0, -1.0, 0.0], [-4.0, -5.0, 1.0], [-203.0, -54.0, 0.0], [-6.0, -14.0, 0.0], [-16.0, -11.0, 0.0], [-17.0, -3.0, 0.0], [-8.0, 5.0, 0.0], [-14.0, 39.0, 0.0], [-4.0, 48.0, 0.0], [6.0, 16.0, 0.0], [7.0, 9.0, 0.0], [15.0, 3.0, 0.0], [30.0, -15.0, 0.0], [9.0, -9.0, 0.0], [2.0, -19.0, 1.0], [39.0, 129.703125, 0.0], [78.0, -20.0, 0.0], [66.0, -8.0, 0.0], [-3.0, 89.0, 0.0], [-5.0, 40.0, 0.0], [-131.0, 8.0, 0.0], [-17.0, -4.0, 0.0], [-5.0, -18.0, 0.0], [0.0, -77.0, 0.0], [4.0, -11.0, 1.0], [25.0, 22.0, 0.0], [9.0, 17.0, 0.0], [5.0, 23.0, 1.0], [87.0, -60.0, 0.0], [-5.0, 33.0, 0.0], [1.0, 15.0, 0.0], [-13.0, -9.0, 0.0], [-16.0, 0.0, 0.0], [-26.0, 5.0, 0.0], [-29.0, 11.0, 1.0], [-4.0, 0.0, 0.0], [-2.0, 18.0, 0.0], [3.0, 5.0, 0.0], [18.0, 5.0, 0.0], [62.0, -1.0, 0.0], [6.0, -1.0, 0.0], [0.0, -8.0, 0.0], [-7.0, -31.0, 1.0], [6.0, 35.0, 0.0], [25.0, 13.0, 1.0], [-109.0, -13.0, 0.0], [-24.0, 29.0, 0.0], [-2.0, -1.0, 1.0], [11.0, -90.0, 0.0], [21.0, -3.0, 0.0], [31.0, -10.0, 0.0], [67.0, -9.0, 1.0], [-4.0, 2.0, 0.0], [-3.0, 12.0, 0.0], [6.0, 52.0, 0.0], [-1.0, 26.0, 1.0], [-126.0, -70.0, 0.0], [2.0, 66.0, 0.0], [2.0, 18.0, 0.0], [5.0, -3.0, 1.0], [0.0, 0.0, 0.0], [83.0, 1.0, 0.0], [50.0, -3.0, 1.0], [-110.0, -109.296875, 0.0], [-1.0, -38.0, 0.0], [79.0, -1.0, 0.0], [-4.0, 18.0, 0.0], [-5.0, 4.0, 0.0], [2.0, 8.0, 0.0], [-24.0, 0.0, 0.0], [-21.0, 4.0, 0.0], [-30.0, -1.0, 1.0], [25.0, -32.0, 0.0], [4.0, 1.0, 0.0], [-1.0, -8.0, 0.0], [-12.0, -24.0, 1.0], [40.0, 33.0, 0.0], [-1.0, -7.0, 0.0], [5.0, -12.0, 0.0], [7.0, -9.0, 0.0], [12.0, -7.0, 0.0], [-2.0, -1.0, 1.0], [14.0, 4.0, 0.0], [-7.0, 1.0, 0.0], [-7.0, -8.0, 0.0], [5.0, -6.0, 0.0], [3.0, 4.0, 0.0], [-4.0, 5.0, 0.0], [-1.0, -2.0, 1.0], [-66.0, 8.0, 0.0], [0.0, -6.0, 0.0], [4.0, 2.0, 0.0], [0.0, 8.0, 0.0], [-4.0, 2.0, 0.0], [0.0, -12.0, 1.0], [240.0, 36.703125, 0.0], [-7.0, -5.0, 0.0], [42.0, -3.0, 0.0], [129.0, -5.0, 0.0], [36.0, 3.0, 0.0], [-1.0, -2.0, 1.0], [-214.0, 6.0, 0.0], [104.0, -86.0, 0.0], [43.0, -6.0, 0.0], [108.0, -4.0, 0.0], [32.0, 0.0, 0.0], [10.0, 6.0, 0.0], [4.0, -3.0, 1.0], [-80.0, 92.0, 0.0], [-6.0, 1.0, 0.0], [3.0, -3.0, 0.0], [87.0, -76.0, 1.0], [-86.0, 77.0, 0.0], [-2.0, 111.0, 0.0], [5.0, 20.0, 0.0], [-3.0, -8.0, 1.0], [-217.0, -121.0, 0.0], [4.0, 46.0, 0.0], [1.0, 77.0, 1.0], [305.0, -197.0, 0.0], [-5.0, 89.0, 0.0], [11.0, 69.0, 0.0], [-21.0, 2.0, 0.0], [-4.0, -64.0, 0.0], [4.0, -98.0, 0.0], [-3.0, -10.0, 1.0], [-76.0, 224.0, 0.0], [8.0, -1.0, 0.0], [11.0, -17.0, 0.0], [-9.0, -53.0, 0.0], [2.0, -57.0, 0.0], [-4.0, -25.0, 0.0], [-4.0, -8.0, 1.0], [-117.0, 23.0, 0.0], [2.0, -3.0, 0.0], [0.0, 71.0, 0.0], [6.0, 56.0, 0.0], [3.0, 12.0, 0.0], [16.0, -11.0, 0.0], [2.0, -6.0, 0.0], [-3.0, -29.0, 0.0], [-12.0, -98.0, 0.0], [-3.0, -2.0, 1.0], [-110.0, 140.0, 0.0], [0.0, 3.0, 0.0], [7.0, 1.0, 0.0], [16.0, -6.0, 0.0], [-7.0, -30.0, 0.0], [-2.0, -46.0, 0.0], [-7.0, -51.0, 1.0]], "gt_class_names": ["couch", "television", "tape player", "table"]}