{"img_id": "sceneid-157-userid-76", "img_w": 1100, "img_h": 770, "object_divisions": [0, 7, 12], "scene_strokes": [[715.0, 370.703125, 0.0], [247.0, -10.0, 1.0], [-251.0, 14.0, 0.0], [-7.0, 30.0, 0.0], [-1.0, 38.0, 0.0], [6.0, 13.0, 0.0], [11.0, 4.0, 0.0], [8.0, -6.0, 0.0], [4.0, -11.0, 0.0], [-1.0, -52.0, 0.0], [-6.0, -17.0, 1.0], [29.0, -3.0, 0.0], [-6.0, 28.0, 0.0], [1.0, 39.0, 0.0], [6.0, 20.0, 0.0], [8.0, 5.0, 0.0], [5.0, -3.0, 0.0], [6.0, -26.0, 0.0], [-2.0, -41.0, 0.0], [-9.0, -24.0, 1.0], [166.0, -6.0, 0.0], [-12.0, 95.0, 0.0], [2.0, 8.0, 0.0], [5.0, 5.0, 0.0], [10.0, -1.0, 0.0], [4.0, -5.0, 0.0], [4.0, -20.0, 0.0], [0.0, -39.0, 0.0], [-10.0, -45.0, 1.0], [21.0, 4.0, 0.0], [-6.0, 86.0, 0.0], [4.0, 17.0, 0.0], [12.0, 5.0, 0.0], [4.0, -9.0, 0.0], [2.0, -46.0, 0.0], [-5.0, -59.0, 1.0], [-252.0, 9.0, 0.0], [-6.0, -34.0, 0.0], [-10.0, 6.0, 0.0], [-14.0, 3.0, 0.0], [-9.0, -3.0, 0.0], [-7.0, -8.0, 0.0], [-1.0, -15.0, 0.0], [18.0, -10.0, 0.0], [44.0, -5.0, 0.0], [113.0, -3.0, 0.0], [141.0, -10.0, 0.0], [10.0, 1.0, 0.0], [6.0, 6.0, 0.0], [3.0, 13.0, 0.0], [-24.0, 3.0, 0.0], [-3.0, 47.0, 0.0], [-6.0, 16.0, 1.0], [-237.0, -75.0, 0.0], [-1.0, -36.0, 0.0], [13.0, -20.0, 0.0], [26.0, -9.0, 0.0], [42.0, -3.0, 0.0], [91.0, -1.0, 0.0], [64.0, 3.0, 0.0], [7.0, 3.0, 0.0], [4.0, 7.0, 0.0], [-9.0, 46.0, 1.0], [-404.0, 167.703125, 0.0], [-3.0, -45.0, 0.0], [0.0, -8.0, 0.0], [3.0, -2.0, 1.0], [26.0, 55.0, 0.0], [-9.0, -52.0, 1.0], [-21.0, -3.0, 0.0], [-36.0, 5.0, 0.0], [12.0, -22.0, 0.0], [5.0, -26.0, 0.0], [41.0, 1.0, 0.0], [19.0, -7.0, 0.0], [-15.0, -7.0, 0.0], [-43.0, 3.0, 0.0], [-6.0, 4.0, 1.0], [64.0, 0.0, 0.0], [12.0, 20.0, 0.0], [27.0, 28.0, 0.0], [-62.0, 1.0, 1.0], [-13.0, 59.0, 0.0], [30.0, 1.0, 1.0]], "gt_class_names": ["couch", "floor lamp"]}