{"img_id": "sceneid-130-userid-68", "img_w": 1100, "img_h": 770, "object_divisions": [0, 4, 13, 20, 27, 35, 43, 44], "scene_strokes": [[289.421875, 41.703125, 0.0], [-5.0, -11.0, 0.0], [-7.0, -6.0, 0.0], [-19.0, -7.0, 0.0], [-15.0, -1.0, 0.0], [-21.0, 6.0, 0.0], [-26.0, 36.0, 0.0], [-8.0, 30.0, 0.0], [-9.0, 68.0, 0.0], [2.0, 36.0, 0.0], [10.0, 16.0, 0.0], [1.0, -2.0, 1.0], [96.0, -168.0, 0.0], [3.0, 1.0, 0.0], [16.0, 35.0, 0.0], [7.0, 51.0, 0.0], [-1.0, 27.0, 0.0], [-5.0, 25.0, 0.0], [-12.0, 18.0, 0.0], [-24.0, 10.0, 0.0], [-20.0, 1.0, 0.0], [-1.0, -16.0, 0.0], [3.0, 51.0, 0.0], [5.0, 27.0, 0.0], [0.0, 30.0, 1.0], [-31.0, -104.0, 0.0], [-2.0, 73.0, 0.0], [-3.0, -3.0, 0.0], [48.0, -12.0, 0.0], [19.0, 9.0, 0.0], [2.0, 38.0, 0.0], [-3.0, 18.0, 0.0], [-44.0, 3.0, 0.0], [-17.0, -3.0, 0.0], [-39.0, 0.0, 0.0], [-5.0, -5.0, 0.0], [-3.0, -43.0, 0.0], [34.0, -9.0, 0.0], [19.0, -1.0, 1.0], [-46.0, -64.0, 0.0], [7.0, 15.0, 0.0], [8.0, 4.0, 0.0], [12.0, 1.0, 0.0], [26.0, -9.0, 0.0], [5.0, 1.0, 1.0], [-28.578125, 34.703125, 0.0], [-2.0, -5.0, 0.0], [-6.0, -1.0, 0.0], [-12.0, 9.0, 0.0], [0.0, 9.0, 0.0], [7.0, 6.0, 0.0], [10.0, -5.0, 0.0], [4.0, -17.0, 0.0], [-5.0, -3.0, 0.0], [-9.0, 7.0, 1.0], [3.0, 18.0, 0.0], [-1.0, 34.0, 0.0], [-9.0, 12.0, 1.0], [6.0, -16.0, 0.0], [14.0, 17.0, 1.0], [-10.0, -59.0, 0.0], [0.0, 4.0, 0.0], [-1.0, -3.0, 0.0], [-1.0, 2.0, 1.0], [5.0, -5.0, 0.0], [0.0, 2.0, 1.0], [-12.0, 33.0, 0.0], [5.0, -9.0, 0.0], [17.0, -3.0, 0.0], [3.0, 3.0, 0.0], [-3.0, -2.0, 1.0], [-15.0, -26.0, 0.0], [0.0, -1.0, 1.0], [-2.0, -6.0, 0.0], [-6.0, 13.0, 0.0], [-4.0, 30.0, 1.0], [10.0, -46.0, 0.0], [18.0, 2.0, 0.0], [12.0, 21.0, 1.0], [35.421875, -20.296875, 0.0], [-3.0, 2.0, 0.0], [2.0, 15.0, 0.0], [9.0, 4.0, 0.0], [6.0, -1.0, 0.0], [6.0, -6.0, 0.0], [2.0, -12.0, 0.0], [-1.0, -4.0, 0.0], [-11.0, -4.0, 0.0], [-8.0, 5.0, 0.0], [-1.0, 9.0, 1.0], [3.0, 12.0, 0.0], [-3.0, 27.0, 0.0], [-3.0, 5.0, 1.0], [-5.0, -3.0, 0.0], [-17.0, 22.0, 0.0], [1.0, 2.0, 0.0], [6.0, -8.0, 1.0], [23.0, -16.0, 0.0], [9.0, 24.0, 1.0], [-24.0, -43.0, 0.0], [4.0, -1.0, 0.0], [24.0, 10.0, 1.0], [-12.0, -34.0, 0.0], [3.0, 3.0, 1.0], [8.0, -1.0, 0.0], [-2.0, 1.0, 1.0], [324.421875, 459.703125, 0.0], [13.0, -61.0, 0.0], [6.0, -92.0, 0.0], [1.0, -85.0, 0.0], [-4.0, -63.0, 0.0], [4.0, -12.0, 0.0], [39.0, -6.0, 0.0], [43.0, 6.0, 0.0], [15.0, 5.0, 0.0], [4.0, 2.0, 0.0], [4.0, 10.0, 0.0], [2.0, 64.0, 0.0], [-10.0, 118.0, 0.0], [5.0, 115.0, 0.0], [-2.0, 13.0, 1.0], [-74.0, -286.0, 0.0], [2.0, -2.0, 0.0], [-3.0, 0.0, 0.0], [2.0, 3.0, 0.0], [10.0, -10.0, 0.0], [16.0, 1.0, 0.0], [4.0, 6.0, 0.0], [0.0, 14.0, 0.0], [3.0, 6.0, 0.0], [-2.0, 3.0, 0.0], [-27.0, -3.0, 0.0], [-2.0, -21.0, 0.0], [5.0, -3.0, 1.0], [41.0, -4.0, 0.0], [9.0, -1.0, 0.0], [4.0, 5.0, 0.0], [4.0, 22.0, 0.0], [-1.0, 18.0, 0.0], [-7.0, -2.0, 0.0], [-14.0, -17.0, 0.0], [3.0, -16.0, 0.0], [11.0, -9.0, 1.0], [-55.0, 70.0, 0.0], [-3.0, 34.0, 0.0], [10.0, -49.0, 0.0], [16.0, 0.0, 0.0], [7.0, 3.0, 0.0], [6.0, 16.0, 0.0], [0.0, 21.0, 0.0], [-3.0, 4.0, 0.0], [-40.0, 3.0, 1.0], [54.0, -34.0, 0.0], [3.0, 26.0, 0.0], [-2.0, -20.0, 0.0], [3.0, -11.0, 0.0], [12.0, -3.0, 0.0], [7.0, 10.0, 0.0], [0.0, 26.0, 0.0], [-18.0, 3.0, 1.0], [-71.0, 45.0, 0.0], [-1.0, 21.0, 0.0], [4.0, -29.0, 0.0], [5.0, -11.0, 0.0], [54.0, -2.0, 0.0], [-5.0, 19.0, 0.0], [-11.0, 19.0, 0.0], [1.0, 4.0, 0.0], [4.0, 1.0, 0.0], [-50.0, 0.0, 0.0], [5.0, -5.0, 1.0], [65.0, -26.0, 0.0], [-2.0, 20.0, 0.0], [4.0, -23.0, 0.0], [7.0, 0.0, 0.0], [8.0, 13.0, 0.0], [-15.0, 15.0, 1.0], [172.421875, -253.296875, 0.0], [-3.0, 38.0, 0.0], [3.0, 50.0, 0.0], [-3.0, 193.0, 0.0], [10.0, 97.0, 0.0], [-4.0, 12.0, 0.0], [2.0, 17.0, 1.0], [5.0, -417.0, 0.0], [3.0, -5.0, 0.0], [18.0, -3.0, 0.0], [47.0, -3.0, 0.0], [23.0, 40.0, 0.0], [6.0, 19.0, 0.0], [7.0, 51.0, 0.0], [3.0, 80.0, 0.0], [-9.0, 108.0, 0.0], [-2.0, 122.0, 0.0], [9.0, 34.0, 1.0], [-97.0, -411.0, 0.0], [-3.0, 17.0, 0.0], [2.0, 8.0, 0.0], [-4.0, -21.0, 0.0], [24.0, -6.0, 0.0], [7.0, 10.0, 0.0], [-6.0, 22.0, 0.0], [-18.0, 5.0, 0.0], [-5.0, -2.0, 1.0], [46.0, -30.0, 0.0], [4.0, -4.0, 0.0], [16.0, -3.0, 0.0], [2.0, 21.0, 0.0], [5.0, 13.0, 0.0], [-24.0, 4.0, 0.0], [-5.0, -2.0, 0.0], [-2.0, -5.0, 0.0], [9.0, -23.0, 1.0], [-43.0, 68.0, 0.0], [1.0, 23.0, 0.0], [-4.0, 13.0, 0.0], [2.0, -42.0, 0.0], [28.0, 3.0, 0.0], [3.0, 23.0, 0.0], [-4.0, 11.0, 0.0], [-30.0, 8.0, 1.0], [55.0, -30.0, 0.0], [1.0, 19.0, 0.0], [0.0, -33.0, 0.0], [20.0, 2.0, 0.0], [5.0, 5.0, 0.0], [-4.0, 25.0, 0.0], [-20.0, 6.0, 1.0], [-49.0, 63.0, 0.0], [0.0, 21.0, 0.0], [-3.0, -9.0, 0.0], [3.0, -27.0, 0.0], [13.0, 1.0, 0.0], [24.0, 10.0, 0.0], [-12.0, 32.0, 0.0], [-10.0, -4.0, 1.0], [44.0, -38.0, 0.0], [3.0, 22.0, 0.0], [-2.0, -26.0, 0.0], [11.0, -3.0, 0.0], [13.0, 7.0, 0.0], [-4.0, 22.0, 0.0], [-27.0, 0.0, 1.0], [-89.578125, -490.296875, 0.0], [-25.0, 12.0, 0.0], [-12.0, 12.0, 0.0], [-8.0, 48.0, 0.0], [1.0, 16.0, 0.0], [6.0, 17.0, 0.0], [12.0, 17.0, 0.0], [27.0, 17.0, 0.0], [29.0, 3.0, 0.0], [30.0, -9.0, 0.0], [17.0, -27.0, 0.0], [4.0, -30.0, 0.0], [-9.0, -26.0, 0.0], [-29.0, -39.0, 0.0], [-9.0, -7.0, 0.0], [-19.0, -7.0, 0.0], [-27.0, 0.0, 1.0], [-26.0, 36.0, 0.0], [-44.0, -28.0, 1.0], [27.0, 86.0, 0.0], [-10.0, 20.0, 0.0], [-2.0, 20.0, 1.0], [55.0, -1.0, 0.0], [-6.0, 25.0, 0.0], [0.0, 28.0, 1.0], [64.0, -26.0, 0.0], [10.0, 22.0, 0.0], [17.0, 15.0, 1.0], [16.0, -89.0, 0.0], [51.0, -6.0, 1.0], [-71.0, -65.0, 0.0], [14.0, -18.0, 0.0], [27.0, -19.0, 1.0], [-71.0, 8.0, 0.0], [21.0, -29.0, 1.0], [-442.578125, 153.703125, 0.0], [-2.0, -3.0, 0.0], [7.0, -18.0, 0.0], [9.0, -14.0, 0.0], [11.0, -10.0, 0.0], [18.0, -5.0, 0.0], [18.0, 5.0, 0.0], [9.0, -1.0, 0.0], [19.0, -18.0, 0.0], [12.0, -7.0, 0.0], [12.0, -3.0, 0.0], [15.0, 1.0, 0.0], [13.0, 12.0, 0.0], [34.0, 14.0, 0.0], [17.0, 15.0, 0.0], [28.0, 51.0, 0.0], [-2.0, 9.0, 0.0], [-5.0, 5.0, 0.0], [-18.0, 10.0, 0.0], [-23.0, 8.0, 0.0], [-23.0, 2.0, 0.0], [-50.0, -10.0, 0.0], [-56.0, -1.0, 0.0], [-28.0, -14.0, 0.0], [-11.0, -24.0, 0.0], [-7.0, -7.0, 0.0], [-11.0, -1.0, 1.0]], "gt_class_names": ["hot air balloon", "yoga", "yoga", "skyscraper", "skyscraper", "sun", "cloud"]}