{"img_id": "sceneid-104-userid-52", "img_w": 1100, "img_h": 770, "object_divisions": [0, 6, 9, 12, 15, 21, 27, 30, 33, 38, 47], "scene_strokes": [[6.421875, 92.703125, 0.0], [-3.0, -6.0, 0.0], [3.0, -6.0, 0.0], [39.0, -23.0, 0.0], [35.0, -11.0, 0.0], [25.0, 1.0, 0.0], [16.0, 10.0, 0.0], [14.0, 23.0, 0.0], [11.0, 25.0, 0.0], [10.0, 41.0, 0.0], [6.0, 88.0, 0.0], [-1.0, 70.0, 0.0], [-9.0, 93.0, 0.0], [-20.0, 119.0, 0.0], [2.0, 53.0, 0.0], [-6.0, 71.0, 0.0], [-1.0, 69.0, 0.0], [-10.0, 46.0, 1.0], [35.0, -604.0, 0.0], [46.0, 7.0, 0.0], [26.0, 10.0, 0.0], [8.0, 7.0, 0.0], [13.0, 21.0, 0.0], [11.0, 38.0, 0.0], [10.0, 368.0, 0.0], [-6.0, 81.0, 0.0], [-9.0, 40.0, 0.0], [-3.0, 32.0, 0.0], [-7.0, 12.0, 1.0], [-191.0, -665.0, 0.0], [16.0, -7.0, 0.0], [12.0, 3.0, 0.0], [6.0, 11.0, 0.0], [1.0, 27.0, 0.0], [-9.0, 134.0, 0.0], [-2.0, 19.0, 0.0], [-4.0, 5.0, 0.0], [-34.0, -35.0, 0.0], [-10.0, -21.0, 0.0], [0.0, -30.0, 0.0], [13.0, -112.0, 1.0], [136.0, 105.0, 0.0], [11.0, -7.0, 0.0], [19.0, -5.0, 0.0], [22.0, 2.0, 0.0], [10.0, 14.0, 0.0], [0.0, 59.0, 0.0], [-17.0, 142.0, 0.0], [-3.0, 60.0, 0.0], [-13.0, -21.0, 0.0], [-15.0, -12.0, 0.0], [-19.0, -5.0, 0.0], [-3.0, -4.0, 0.0], [12.0, -126.0, 0.0], [1.0, -59.0, 0.0], [6.0, -40.0, 0.0], [5.0, -14.0, 1.0], [-154.0, 177.0, 0.0], [46.0, -29.0, 0.0], [19.0, -1.0, 0.0], [4.0, 6.0, 0.0], [2.0, 24.0, 0.0], [-18.0, 150.0, 0.0], [-10.0, 29.0, 0.0], [-17.0, 24.0, 0.0], [-11.0, 6.0, 0.0], [-7.0, -8.0, 0.0], [-13.0, -115.0, 0.0], [-1.0, -27.0, 0.0], [4.0, -47.0, 1.0], [138.0, 124.0, 0.0], [9.0, -10.0, 0.0], [17.0, -6.0, 0.0], [9.0, 0.0, 0.0], [11.0, 6.0, 0.0], [7.0, 10.0, 0.0], [2.0, 11.0, 0.0], [0.0, 33.0, 0.0], [-15.0, 101.0, 0.0], [-15.0, 43.0, 0.0], [-7.0, 2.0, 0.0], [-19.0, -3.0, 0.0], [-7.0, 6.0, 0.0], [-1.0, -3.0, 0.0], [-4.0, -39.0, 0.0], [-2.0, -132.0, 1.0], [937.421875, -427.296875, 0.0], [0.0, -3.0, 0.0], [-7.0, -2.0, 0.0], [-40.0, -4.0, 0.0], [-32.0, 1.0, 0.0], [-32.0, 6.0, 0.0], [-19.0, 11.0, 0.0], [-11.0, 12.0, 0.0], [-14.0, 23.0, 0.0], [-8.0, 22.0, 0.0], [-6.0, 34.0, 0.0], [-3.0, 51.0, 0.0], [-2.0, 163.0, 0.0], [0.0, 83.0, 0.0], [11.0, 201.0, 0.0], [-3.0, 98.0, 1.0], [74.0, -637.0, 0.0], [21.0, -15.0, 0.0], [24.0, -4.0, 0.0], [11.0, 9.0, 0.0], [5.0, 13.0, 0.0], [2.0, 52.0, 0.0], [-7.0, 110.0, 0.0], [-9.0, 61.0, 0.0], [-12.0, 34.0, 0.0], [-18.0, 28.0, 0.0], [-9.0, 3.0, 0.0], [-4.0, -2.0, 0.0], [-10.0, -13.0, 0.0], [-11.0, -49.0, 0.0], [-3.0, -46.0, 0.0], [1.0, -55.0, 0.0], [5.0, -75.0, 0.0], [4.0, -29.0, 0.0], [5.0, -11.0, 1.0], [-21.0, 386.0, 0.0], [39.0, -21.0, 0.0], [24.0, -4.0, 0.0], [7.0, 3.0, 0.0], [8.0, 11.0, 0.0], [4.0, 27.0, 0.0], [-14.0, 88.0, 0.0], [-3.0, 60.0, 0.0], [-3.0, 3.0, 0.0], [-35.0, 0.0, 0.0], [-9.0, 4.0, 0.0], [-23.0, 19.0, 0.0], [-5.0, -141.0, 0.0], [-7.0, -57.0, 1.0], [121.421875, -516.296875, 0.0], [-66.0, 6.0, 0.0], [-38.0, 7.0, 0.0], [-82.0, 28.0, 0.0], [-48.0, 25.0, 0.0], [-16.0, 19.0, 0.0], [-9.0, 20.0, 0.0], [-5.0, 33.0, 0.0], [-3.0, 60.0, 0.0], [-2.0, 170.0, 0.0], [5.0, 106.0, 0.0], [-3.0, 106.0, 0.0], [-8.0, 88.0, 0.0], [2.0, 54.0, 1.0], [39.0, -581.0, 0.0], [20.0, 1.0, 0.0], [9.0, 5.0, 0.0], [6.0, 7.0, 0.0], [8.0, 21.0, 0.0], [1.0, 20.0, 0.0], [-11.0, 98.0, 0.0], [-17.0, 103.0, 0.0], [-11.0, 19.0, 0.0], [-4.0, -9.0, 0.0], [-23.0, -119.0, 0.0], [-2.0, -41.0, 0.0], [5.0, -35.0, 0.0], [29.0, -99.0, 1.0], [-6.0, 390.0, 0.0], [30.0, -13.0, 0.0], [23.0, -5.0, 0.0], [13.0, 1.0, 0.0], [7.0, 12.0, 0.0], [-15.0, 69.0, 0.0], [-9.0, 118.0, 0.0], [-6.0, 33.0, 0.0], [-12.0, 21.0, 0.0], [-10.0, 3.0, 0.0], [-14.0, -3.0, 0.0], [-10.0, -32.0, 0.0], [-3.0, -25.0, 0.0], [-3.0, -192.0, 1.0], [-108.578125, -471.296875, 0.0], [0.0, 142.0, 1.0], [-5.0, -162.0, 0.0], [-2.0, -4.0, 0.0], [-13.0, -6.0, 0.0], [-17.0, 0.0, 0.0], [-12.0, 11.0, 0.0], [-7.0, 18.0, 0.0], [-2.0, 18.0, 0.0], [4.0, 13.0, 0.0], [8.0, 12.0, 0.0], [11.0, 7.0, 0.0], [15.0, 0.0, 0.0], [5.0, -4.0, 0.0], [7.0, -14.0, 0.0], [2.0, -13.0, 0.0], [5.0, -4.0, 0.0], [-40.0, 29.0, 0.0], [-15.0, 20.0, 0.0], [-8.0, 35.0, 0.0], [14.0, 15.0, 0.0], [16.0, -2.0, 0.0], [29.0, -21.0, 0.0], [-43.0, 31.0, 0.0], [-12.0, 16.0, 0.0], [-4.0, 21.0, 0.0], [5.0, 9.0, 0.0], [14.0, 3.0, 0.0], [24.0, -8.0, 0.0], [9.0, -7.0, 0.0], [9.0, -13.0, 0.0], [5.0, -33.0, 1.0], [-30.0, -59.0, 0.0], [1.0, -6.0, 0.0], [-6.0, 1.0, 0.0], [-9.0, 7.0, 0.0], [-10.0, 15.0, 0.0], [-1.0, 10.0, 0.0], [3.0, 4.0, 0.0], [11.0, 0.0, 0.0], [12.0, -14.0, 0.0], [2.0, -16.0, 0.0], [-17.0, 23.0, 0.0], [-6.0, 11.0, 0.0], [1.0, 4.0, 0.0], [16.0, -3.0, 0.0], [16.0, -18.0, 0.0], [2.0, -13.0, 0.0], [-3.0, -3.0, 0.0], [-13.0, 5.0, 0.0], [-18.0, 20.0, 0.0], [0.0, 8.0, 0.0], [16.0, -4.0, 0.0], [18.0, -20.0, 0.0], [5.0, -13.0, 0.0], [-4.0, -2.0, 0.0], [-17.0, 9.0, 0.0], [-25.0, 27.0, 0.0], [-2.0, 8.0, 0.0], [6.0, 7.0, 0.0], [16.0, -4.0, 0.0], [16.0, -19.0, 0.0], [4.0, -15.0, 0.0], [-2.0, -4.0, 0.0], [-6.0, -2.0, 0.0], [-7.0, 4.0, 0.0], [-19.0, 22.0, 0.0], [-2.0, 8.0, 0.0], [5.0, 6.0, 0.0], [15.0, -4.0, 0.0], [21.0, -23.0, 0.0], [5.0, -16.0, 0.0], [-1.0, -7.0, 0.0], [-4.0, -3.0, 0.0], [-7.0, 0.0, 0.0], [-17.0, 9.0, 0.0], [-24.0, 32.0, 0.0], [0.0, 9.0, 0.0], [4.0, 5.0, 0.0], [7.0, 1.0, 0.0], [14.0, -6.0, 0.0], [15.0, -21.0, 0.0], [4.0, -26.0, 0.0], [-4.0, -4.0, 0.0], [-10.0, 0.0, 0.0], [-19.0, 18.0, 0.0], [-8.0, 13.0, 0.0], [-4.0, 16.0, 0.0], [4.0, 5.0, 0.0], [7.0, 1.0, 0.0], [14.0, -9.0, 0.0], [8.0, -11.0, 0.0], [9.0, -18.0, 0.0], [2.0, -17.0, 0.0], [-7.0, -4.0, 0.0], [-12.0, 6.0, 0.0], [-18.0, 26.0, 0.0], [-4.0, 12.0, 0.0], [0.0, 9.0, 0.0], [8.0, 6.0, 0.0], [8.0, -2.0, 0.0], [10.0, -8.0, 0.0], [10.0, -11.0, 0.0], [11.0, -21.0, 0.0], [3.0, -10.0, 0.0], [-2.0, -10.0, 0.0], [-13.0, 4.0, 0.0], [-26.0, 32.0, 0.0], [-6.0, 13.0, 0.0], [0.0, 11.0, 0.0], [15.0, -1.0, 0.0], [12.0, -8.0, 0.0], [24.0, -31.0, 0.0], [3.0, -14.0, 0.0], [-5.0, -6.0, 0.0], [-8.0, 3.0, 0.0], [-16.0, 14.0, 0.0], [-18.0, 28.0, 0.0], [-4.0, 16.0, 0.0], [3.0, 4.0, 0.0], [6.0, 1.0, 0.0], [12.0, -9.0, 0.0], [23.0, -35.0, 0.0], [3.0, -16.0, 0.0], [-4.0, 0.0, 0.0], [-23.0, 17.0, 0.0], [-10.0, 13.0, 0.0], [-7.0, 17.0, 0.0], [-1.0, 7.0, 0.0], [6.0, 3.0, 0.0], [16.0, -10.0, 0.0], [20.0, -26.0, 0.0], [2.0, -8.0, 0.0], [-4.0, -4.0, 0.0], [-21.0, 9.0, 0.0], [-14.0, 12.0, 0.0], [-15.0, 20.0, 0.0], [-4.0, 10.0, 0.0], [1.0, 7.0, 0.0], [11.0, 2.0, 0.0], [12.0, -4.0, 0.0], [25.0, -22.0, 0.0], [5.0, -19.0, 0.0], [-7.0, -6.0, 0.0], [-20.0, 4.0, 0.0], [-11.0, 7.0, 0.0], [-8.0, 12.0, 0.0], [-1.0, 7.0, 0.0], [7.0, 8.0, 0.0], [19.0, -1.0, 0.0], [15.0, -8.0, 0.0], [6.0, -8.0, 0.0], [3.0, -9.0, 0.0], [-3.0, -9.0, 0.0], [-7.0, -3.0, 0.0], [-10.0, 3.0, 0.0], [-18.0, 11.0, 0.0], [-9.0, 11.0, 0.0], [-5.0, 9.0, 0.0], [1.0, 10.0, 0.0], [6.0, 3.0, 0.0], [9.0, -1.0, 0.0], [11.0, -4.0, 0.0], [15.0, -11.0, 0.0], [7.0, -8.0, 0.0], [3.0, -13.0, 0.0], [-7.0, -4.0, 0.0], [-8.0, 1.0, 0.0], [-22.0, 18.0, 0.0], [-4.0, 11.0, 0.0], [2.0, 5.0, 0.0], [20.0, -3.0, 0.0], [19.0, -18.0, 0.0], [1.0, -14.0, 0.0], [-6.0, -2.0, 0.0], [-9.0, 1.0, 0.0], [-20.0, 10.0, 0.0], [-18.0, 20.0, 0.0], [-2.0, 11.0, 0.0], [4.0, 3.0, 0.0], [7.0, 0.0, 0.0], [14.0, -7.0, 0.0], [16.0, -17.0, 0.0], [5.0, -14.0, 0.0], [-2.0, -7.0, 0.0], [-5.0, -4.0, 0.0], [-15.0, 3.0, 0.0], [-22.0, 18.0, 0.0], [-7.0, 14.0, 0.0], [1.0, 7.0, 0.0], [5.0, 2.0, 0.0], [14.0, -3.0, 0.0], [12.0, -7.0, 0.0], [9.0, -10.0, 0.0], [7.0, -11.0, 0.0], [4.0, -16.0, 0.0], [-5.0, -12.0, 0.0], [-10.0, 1.0, 0.0], [-18.0, 15.0, 0.0], [-7.0, 17.0, 0.0], [2.0, 9.0, 0.0], [6.0, 6.0, 0.0], [16.0, 1.0, 0.0], [11.0, -4.0, 0.0], [10.0, -5.0, 0.0], [11.0, -12.0, 0.0], [-36.0, 27.0, 0.0], [-19.0, 5.0, 0.0], [-7.0, -5.0, 0.0], [0.0, -13.0, 0.0], [14.0, -23.0, 0.0], [21.0, -14.0, 0.0], [9.0, -1.0, 0.0], [7.0, 5.0, 0.0], [-7.0, 16.0, 0.0], [-10.0, 9.0, 0.0], [-17.0, 10.0, 0.0], [-18.0, 3.0, 0.0], [-3.0, -7.0, 0.0], [1.0, -11.0, 0.0], [8.0, -18.0, 0.0], [9.0, -10.0, 0.0], [10.0, -5.0, 0.0], [15.0, -1.0, 0.0], [8.0, 5.0, 0.0], [3.0, 8.0, 0.0], [-1.0, 16.0, 0.0], [-14.0, 19.0, 0.0], [-13.0, 8.0, 0.0], [-13.0, -1.0, 0.0], [-3.0, -6.0, 0.0], [2.0, -12.0, 0.0], [15.0, 