{"img_id": "sceneid-157-userid-72", "img_w": 1100, "img_h": 770, "object_divisions": [0, 8, 16, 24, 25, 26], "scene_strokes": [[789.0, 438.703125, 0.0], [-4.0, -52.0, 0.0], [0.0, -73.0, 0.0], [-4.0, -36.0, 0.0], [4.0, -95.0, 1.0], [16.0, 2.0, 0.0], [5.0, 121.0, 0.0], [6.0, 19.0, 0.0], [3.0, 29.0, 0.0], [1.0, 47.0, 0.0], [-5.0, 42.0, 1.0], [-25.0, -258.0, 0.0], [-1.0, 0.0, 1.0], [1.0, -1.0, 0.0], [-21.0, 13.0, 0.0], [-17.0, 1.0, 0.0], [-10.0, -5.0, 0.0], [-6.0, -7.0, 0.0], [0.0, -10.0, 0.0], [5.0, -10.0, 0.0], [11.0, -8.0, 0.0], [50.0, -16.0, 0.0], [26.0, -3.0, 0.0], [32.0, 1.0, 0.0], [17.0, 4.0, 0.0], [4.0, 4.0, 0.0], [1.0, 8.0, 0.0], [-8.0, 13.0, 0.0], [-30.0, 14.0, 0.0], [-35.0, 4.0, 1.0], [33.0, 19.0, 0.0], [11.0, 32.0, 1.0], [18.0, -37.0, 0.0], [11.0, 17.0, 1.0], [-131.0, -2.0, 0.0], [-11.0, 19.0, 1.0], [-15.0, -28.0, 0.0], [-8.0, 11.0, 1.0], [-128.0, -9.296875, 0.0], [-9.0, -74.0, 0.0], [11.0, 1.0, 0.0], [26.0, -7.0, 0.0], [57.0, -6.0, 0.0], [9.0, 5.0, 0.0], [0.0, 80.0, 0.0], [-10.0, -4.0, 0.0], [-14.0, 0.0, 0.0], [-76.0, 13.0, 1.0], [24.0, -55.0, 0.0], [-5.0, -24.0, 0.0], [24.0, 2.0, 0.0], [32.0, -5.0, 0.0], [3.0, 12.0, 0.0], [-1.0, 13.0, 0.0], [-11.0, -2.0, 0.0], [-16.0, 4.0, 0.0], [-30.0, -1.0, 1.0], [-21.0, 28.0, 0.0], [106.0, -17.0, 1.0], [-92.0, 23.0, 0.0], [99.0, -11.0, 1.0], [-107.0, 21.0, 0.0], [72.0, -6.0, 0.0], [39.0, 0.0, 1.0], [-97.0, -8.0, 0.0], [5.0, 24.0, 1.0], [26.0, -30.0, 0.0], [3.0, 25.0, 1.0], [24.0, -33.0, 0.0], [2.0, 26.0, 0.0], [4.0, 3.0, 1.0], [-488.0, 231.703125, 0.0], [-6.0, -21.0, 0.0], [-5.0, -38.0, 0.0], [6.0, -39.0, 0.0], [13.0, -29.0, 0.0], [12.0, -11.0, 0.0], [23.0, -3.0, 0.0], [20.0, 9.0, 0.0], [16.0, 22.0, 0.0], [-5.0, -72.0, 0.0], [1.0, -34.0, 0.0], [4.0, -10.0, 0.0], [3.0, -3.0, 0.0], [17.0, -2.0, 0.0], [104.0, -6.0, 0.0], [89.0, 3.0, 0.0], [25.0, 8.0, 0.0], [19.0, 2.0, 0.0], [4.0, 11.0, 0.0], [-5.0, 27.0, 0.0], [-3.0, 51.0, 0.0], [3.0, -15.0, 0.0], [20.0, -21.0, 0.0], [24.0, -7.0, 0.0], [21.0, 10.0, 0.0], [14.0, 24.0, 0.0], [2.0, 29.0, 0.0], [-17.0, 125.0, 0.0], [-39.0, -4.0, 0.0], [-24.0, -7.0, 0.0], [2.0, -64.0, 0.0], [-6.0, -22.0, 0.0], [-3.0, -66.0, 1.0], [-335.0, 140.0, 0.0], [17.0, 21.0, 0.0], [14.0, 8.0, 0.0], [10.0, 1.0, 0.0], [18.0, -13.0, 0.0], [13.0, -18.0, 0.0], [7.0, -19.0, 0.0], [6.0, -48.0, 0.0], [-6.0, -27.0, 0.0], [4.0, -10.0, 1.0], [8.0, 7.0, 0.0], [92.0, 0.0, 0.0], [91.0, -7.0, 0.0], [63.0, 2.0, 0.0], [5.0, -3.0, 1.0], [-268.0, 78.0, 0.0], [7.0, -9.0, 1.0], [6.0, -2.0, 0.0], [10.0, 3.0, 0.0], [21.0, -1.0, 0.0], [87.0, -13.0, 0.0], [56.0, -5.0, 0.0], [98.0, -1.0, 1.0], [-218.0, -153.0, 0.0], [6.0, 75.0, 0.0], [-4.0, 29.0, 0.0], [2.0, 4.0, 0.0], [4.0, -2.0, 1.0], [65.0, -99.0, 0.0], [0.0, 62.0, 0.0], [3.0, 20.0, 0.0], [4.0, 1.0, 1.0], [69.0, -93.0, 0.0], [-10.0, 67.0, 0.0], [2.0, 43.0, 1.0], [-206.0, 282.703125, 0.0], [-4.0, -6.0, 0.0], [10.0, -60.0, 0.0], [-6.0, -56.0, 0.0], [-5.0, -7.0, 0.0], [14.0, 2.0, 0.0], [94.0, -16.0, 0.0], [64.0, 1.0, 0.0], [101.0, -7.0, 0.0], [3.0, 70.0, 0.0], [-5.0, 66.0, 0.0], [3.0, 18.0, 0.0], [-28.0, -11.0, 0.0], [-35.0, -4.0, 0.0], [-81.0, 3.0, 0.0], [-54.0, 8.0, 0.0], [-98.0, 0.0, 1.0], [289.0, -6.296875, 0.0], [80.0, -7.0, 0.0], [-1.0, 69.0, 0.0], [4.0, 16.0, 0.0], [-13.0, -8.0, 0.0], [-25.0, -5.0, 0.0], [-94.0, -1.0, 0.0], [-145.0, 6.0, 0.0], [-69.0, 0.0, 0.0], [-77.0, -5.0, 0.0], [-12.0, -6.0, 0.0], [6.0, -42.0, 0.0], [21.0, -9.0, 0.0], [79.0, -15.0, 0.0], [8.0, 0.0, 0.0], [-20.0, 13.0, 0.0], [-1.0, -2.0, 1.0]], "gt_class_names": ["floor lamp", "calendar", "couch", "television", "dresser"]}