{"img_id": "sceneid-15-userid-3", "img_w": 1100, "img_h": 770, "object_divisions": [0, 1, 5, 9, 13], "scene_strokes": [[22.0, 494.703125, 0.0], [16.0, -20.0, 0.0], [26.0, -23.0, 0.0], [52.0, -31.0, 0.0], [67.0, -27.0, 0.0], [50.0, -9.0, 0.0], [33.0, 1.0, 0.0], [14.0, 4.0, 0.0], [73.0, 29.0, 0.0], [81.0, 24.0, 0.0], [80.0, 11.0, 0.0], [61.0, -3.0, 0.0], [54.0, -10.0, 0.0], [132.0, -32.0, 0.0], [111.0, -15.0, 0.0], [138.0, -4.0, 0.0], [51.0, 8.0, 0.0], [20.0, 8.0, 0.0], [11.0, 0.0, 0.0], [4.0, -3.0, 1.0], [-666.0, -28.296875, 0.0], [-2.0, 80.0, 0.0], [3.0, -3.0, 1.0], [1.0, -74.0, 0.0], [81.0, -1.0, 0.0], [87.0, 6.0, 0.0], [-3.0, 68.0, 0.0], [-3.0, 9.0, 0.0], [-5.0, 4.0, 0.0], [-59.0, 1.0, 0.0], [-97.0, -12.0, 1.0], [53.0, -129.0, 0.0], [7.0, 46.0, 0.0], [1.0, 26.0, 0.0], [-3.0, 19.0, 0.0], [3.0, 3.0, 1.0], [-31.0, -100.0, 0.0], [52.0, 0.0, 0.0], [42.0, 24.0, 0.0], [12.0, 10.0, 0.0], [-67.0, 23.0, 0.0], [-69.0, 10.0, 0.0], [42.0, -79.0, 1.0], [63.0, 83.703125, 0.0], [6.0, 4.0, 0.0], [5.0, -5.0, 0.0], [1.0, -5.0, 0.0], [-6.0, -5.0, 0.0], [-4.0, 1.0, 0.0], [0.0, 6.0, 1.0], [2.0, 11.0, 0.0], [-1.0, 25.0, 1.0], [12.0, -18.0, 0.0], [-10.0, 8.0, 1.0], [-7.0, -9.0, 0.0], [5.0, 10.0, 1.0], [-86.0, -7.296875, 0.0], [-2.0, 8.0, 0.0], [4.0, 6.0, 0.0], [7.0, -6.0, 0.0], [-3.0, -14.0, 0.0], [-3.0, -2.0, 0.0], [-7.0, 7.0, 1.0], [7.0, 17.0, 0.0], [5.0, 26.0, 1.0], [11.0, -34.0, 0.0], [-11.0, 14.0, 1.0], [-10.0, -1.0, 0.0], [5.0, 4.0, 0.0], [13.0, 2.0, 1.0]], "gt_class_names": ["ocean", "sailboat", "yoga", "yoga"]}