{"img_id": "sceneid-75-userid-34", "img_w": 1100, "img_h": 770, "object_divisions": [0, 2, 3, 4, 5, 6, 7, 8, 9, 10, 11, 12, 13, 14, 15, 16, 21, 25, 28, 31, 34, 37, 41, 44, 47, 50, 53, 56, 59, 62, 66], "scene_strokes": [[462.0, 753.703125, 0.0], [1.0, -66.0, 0.0], [-11.0, -84.0, 0.0], [6.0, -155.0, 0.0], [-17.0, -121.0, 0.0], [4.0, -185.0, 0.0], [-14.0, -159.0, 1.0], [134.0, 757.0, 0.0], [-5.0, -135.0, 0.0], [5.0, -46.0, 0.0], [15.0, -81.0, 0.0], [2.0, -45.0, 0.0], [-4.0, -48.0, 0.0], [-32.0, -150.0, 0.0], [-7.0, -100.0, 0.0], [-15.0, -102.0, 0.0], [-1.0, -53.0, 1.0], [-200.0, 51.703125, 0.0], [-4.0, -2.0, 0.0], [-6.0, 7.0, 0.0], [1.0, 18.0, 0.0], [4.0, 2.0, 0.0], [21.0, -9.0, 0.0], [10.0, -14.0, 0.0], [2.0, -16.0, 0.0], [-3.0, -7.0, 0.0], [-12.0, -4.0, 0.0], [-20.0, 7.0, 0.0], [-13.0, 18.0, 0.0], [3.0, 9.0, 1.0], [27.0, 98.703125, 0.0], [-12.0, 1.0, 0.0], [-8.0, 14.0, 0.0], [0.0, 16.0, 0.0], [9.0, 11.0, 0.0], [24.0, -7.0, 0.0], [7.0, -12.0, 0.0], [4.0, -20.0, 0.0], [-2.0, -8.0, 0.0], [-9.0, -6.0, 0.0], [-17.0, 0.0, 0.0], [-12.0, 7.0, 1.0], [14.0, 125.703125, 0.0], [-5.0, 3.0, 0.0], [-4.0, 10.0, 0.0], [0.0, 22.0, 0.0], [5.0, 0.0, 0.0], [19.0, -11.0, 0.0], [10.0, 4.0, 0.0], [15.0, -11.0, 0.0], [5.0, -11.0, 0.0], [-9.0, -9.0, 0.0], [-15.0, -6.0, 0.0], [-25.0, 0.0, 0.0], [-12.0, 6.0, 1.0], [9.0, 119.703125, 0.0], [-6.0, 18.0, 0.0], [2.0, 17.0, 0.0], [5.0, 7.0, 0.0], [8.0, 0.0, 0.0], [7.0, -5.0, 0.0], [13.0, -17.0, 0.0], [4.0, 15.0, 0.0], [5.0, 1.0, 0.0], [11.0, -14.0, 0.0], [9.0, -23.0, 0.0], [-2.0, -17.0, 0.0], [-12.0, -14.0, 0.0], [-17.0, -2.0, 0.0], [-15.0, 5.0, 0.0], [-14.0, 13.0, 0.0], [-5.0, 13.0, 1.0], [27.0, 118.703125, 0.0], [-5.0, 0.0, 0.0], [-5.0, 11.0, 0.0], [-1.0, 18.0, 0.0], [8.0, 7.0, 0.0], [27.0, 3.0, 0.0], [10.0, -8.0, 0.0], [10.0, -15.0, 0.0], [13.0, -4.0, 0.0], [7.0, -9.0, 0.0], [5.0, -17.0, 0.0], [0.0, -13.0, 0.0], [-4.0, -5.0, 0.0], [-25.0, -4.0, 0.0], [-21.0, 6.0, 0.0], [-12.0, 7.0, 0.0], [-16.0, 25.0, 1.0], [-7.0, 110.703125, 0.0], [-8.0, 17.0, 0.0], [0.0, 5.0, 0.0], [4.0, 3.0, 0.0], [14.0, -4.0, 0.0], [16.0, -12.0, 0.0], [11.0, 2.0, 0.0], [24.0, -54.0, 0.0], [-2.0, -8.0, 0.0], [-18.0, -7.0, 0.0], [-23.0, 5.0, 0.0], [-14.0, 12.0, 0.0], [-12.0, 24.0, 0.0], [2.0, 23.0, 1.0], [14.0, 75.703125, 0.0], [2.0, -5.0, 0.0], [10.0, -6.0, 0.0], [15.0, -2.0, 0.0], [6.0, 17.0, 0.0], [23.0, 2.0, 0.0], [12.0, 34.0, 0.0], [-14.0, 11.0, 0.0], [-23.0, 9.0, 0.0], [-20.0, 3.0, 0.0], [-18.0, -2.0, 0.0], [-13.0, -8.0, 0.0], [-6.0, -22.0, 0.0], [5.0, -19.0, 0.0], [13.0, -15.0, 1.0], [328.0, 16.703125, 0.0], [-5.0, -5.0, 0.0], [-14.0, 7.0, 0.0], [-5.0, 8.0, 0.0], [2.0, 9.0, 0.0], [20.0, 0.0, 0.0], [27.0, 7.0, 0.0], [8.0, -1.0, 0.0], [15.0, -10.0, 0.0], [9.0, -16.0, 0.0], [-2.0, -10.0, 0.0], [-10.0, -7.0, 0.0], [-36.0, 0.0, 0.0], [-27.0, 13.0, 1.0], [28.0, -105.296875, 0.0], [-5.0, -4.0, 0.0], [-6.0, 1.0, 0.0], [-17.0, 11.0, 0.0], [-9.0, 18.0, 0.0], [4.0, 5.0, 0.0], [13.0, 0.0, 0.0], [18.0, -6.0, 0.0], [7.0, 11.0, 0.0], [22.0, 0.0, 0.0], [21.0, -12.0, 0.0], [5.0, -7.0, 0.0], [4.0, -14.0, 0.0], [-4.0, -12.0, 0.0], [-5.0, -3.0, 0.0], [-39.0, -5.0, 0.0], [-27.0, 8.0, 1.0], [21.0, -132.296875, 0.0], [-10.0, 0.0, 0.0], [-16.0, 9.0, 0.0], [-12.0, 11.0, 0.0], [-7.0, 13.0, 0.0], [4.0, 7.0, 0.0], [23.0, 4.0, 0.0], [5.0, 23.0, 0.0], [10.0, 5.0, 0.0], [28.0, -4.0, 0.0], [16.0, -10.0, 0.0], [9.0, -10.0, 0.0], [2.0, -14.0, 0.0], [-12.0, -19.0, 0.0], [-21.0, -12.0, 0.0], [-25.0, -9.0, 0.0], [-19.0, 4.0, 1.0], [28.0, -119.296875, 0.0], [-14.0, 0.0, 0.0], [-7.0, 5.0, 0.0], [-13.0, 21.0, 0.0], [0.0, 15.0, 0.0], [7.0, 7.0, 0.0], [28.0, 1.0, 0.0], [26.0, 6.0, 0.0], [17.0, -5.0, 0.0], [20.0, -15.0, 0.0], [0.0, -14.0, 0.0], [-8.0, -13.0, 0.0], [-24.0, -14.0, 0.0], [-16.0, -3.0, 0.0], [-22.0, 2.0, 0.0], [-27.0, 9.0, 1.0], [-3.0, -105.296875, 0.0], [11.0, -3.0, 0.0], [15.0, 4.0, 0.0], [18.0, 15.0, 0.0], [34.0, 10.0, 0.0], [8.0, 13.0, 0.0], [-6.0, 16.0, 0.0], [-23.0, 19.0, 0.0], [-17.0, 7.0, 0.0], [-26.0, -1.0, 0.0], [-20.0, -12.0, 0.0], [-11.0, -17.0, 0.0], [4.0, -26.0, 0.0], [12.0, -17.0, 0.0], [3.0, 0.0, 0.0], [0.0, 3.0, 1.0], [-3.0, -68.296875, 0.0], [-7.0, 16.0, 0.0], [4.0, 8.0, 0.0], [11.0, 1.0, 0.0], [36.0, -10.0, 0.0], [8.0, 0.0, 0.0], [6.0, 5.0, 0.0], [10.0, 2.0, 0.0], [27.0, -15.0, 0.0], [6.0, -6.0, 0.0], [2.0, -10.0, 0.0], [-16.0, -10.0, 0.0], [-38.0, -6.0, 0.0], [-35.0, 2.0, 0.0], [-27.0, 7.0, 1.0], [25.0, -84.296875, 0.0], [5.0, -18.0, 0.0], [20.0, 0.0, 0.0], [17.0, 10.0, 0.0], [8.0, 15.0, 0.0], [11.0, 9.0, 0.0], [1.0, 9.0, 0.0], [-10.0, 15.0, 0.0], [-17.0, 9.0, 0.0], [-19.0, 0.0, 0.0], [-27.0, -7.0, 0.0], [-10.0, -9.0, 0.0], [-5.0, -17.0, 0.0], [3.0, -15.0, 0.0], [7.0, -8.0, 1.0], [-68.0, 685.703125, 0.0], [12.0, -26.0, 0.0], [8.0, -9.0, 1.0], [-20.0, -11.0, 0.0], [11.0, -16.0, 0.0], [12.0, -8.0, 1.0], [-8.0, -4.0, 0.0], [2.0, 13.0, 0.0], [-7.0, 33.0, 0.0], [4.0, 1.0, 0.0], [26.0, -5.0, 0.0], [15.0, -9.0, 0.0], [4.0, -50.0, 0.0], [-14.0, -1.0, 0.0], [-15.0, 4.0, 0.0], [-20.0, 11.0, 0.0], [0.0, 3.0, 1.0], [40.0, 42.0, 0.0], [-7.0, 24.0, 1.0], [16.0, -74.0, 0.0], [-1.0, 21.0, 1.0], [-52.0, -121.296875, 0.0], [30.0, -30.0, 1.0], [-23.0, 58.0, 0.0], [21.0, -30.0, 1.0], [0.0, -36.0, 0.0], [1.0, 49.0, 0.0], [3.0, 14.0, 0.0], [21.0, -9.0, 0.0], [18.0, -16.0, 0.0], [3.0, -25.0, 0.0], [0.0, -22.0, 0.0], [-3.0, -7.0, 0.0], [-22.0, -7.0, 0.0], [-11.0, 0.0, 0.0], [-9.0, 6.0, 1.0], [35.0, 56.0, 0.0], [-8.0, 42.0, 1.0], [-36.0, -152.296875, 0.0], [22.0, -10.0, 0.0], [7.0, -8.0, 1.0], [-37.0, -31.0, 0.0], [21.0, -2.0, 0.0], [12.0, 3.0, 1.0], [-3.0, -14.0, 0.0], [0.0, 38.0, 0.0], [5.0, 22.0, 0.0], [5.0, 7.0, 0.0], [20.0, -3.0, 0.0], [13.0, -12.0, 0.0], [4.0, -13.0, 0.0], [-5.0, -24.0, 0.0], [-11.0, -28.0, 0.0], [-8.0, -6.0, 0.0], [-22.0, -2.0, 0.0], [-10.0, 2.0, 0.0], [-3.0, 7.0, 1.0], [-40.0, -90.296875, 0.0], [36.0, -17.0, 1.0], [-15.0, 40.0, 0.0], [13.0, -7.0, 0.0], [5.0, -8.0, 1.0], [-15.0, -52.0, 0.0], [4.0, 51.0, 0.0], [6.0, 22.0, 0.0], [12.0, 0.0, 0.0], [17.0, -10.0, 0.0], [0.0, -4.0, 0.0], [-8.0, -7.0, 0.0], [-3.0, -8.0, 0.0], [2.0, -27.0, 0.0], [8.0, -37.0, 0.0], [-12.0, -6.0, 0.0], [-22.0, 0.0, 0.0], [-19.0, 14.0, 1.0], [-41.0, -94.296875, 0.0], [12.0, -11.0, 0.0], [21.0, -12.0, 1.0], [-21.0, 60.0, 0.0], [36.0, -23.0, 1.0], [-11.0, -59.0, 0.0], [2.0, 65.0, 0.0], [5.0, 22.0, 0.0], [13.0, 0.0, 0.0], [22.0, -8.0, 0.0], [4.0, -4.0, 0.0], [2.0, -14.0, 0.0], [2.0, -82.0, 0.0], [-5.0, -4.0, 0.0], [-21.0, -2.0, 0.0], [-30.0, 16.0, 1.0], [-133.0, -10.296875, 0.0], [-33.0, -18.0, 1.0], [41.0, 49.0, 0.0], [-33.0, -22.0, 1.0], [-22.0, -42.0, 0.0], [3.0, 44.0, 0.0], [-5.0, 44.0, 0.0], [-29.0, -6.0, 0.0], [-2.0, -16.0, 0.0], [6.0, -68.0, 0.0], [5.0, -3.0, 0.0], [14.0, 0.0, 1.0], [69.0, 187.703125, 0.0], [-32.0, -30.0, 1.0], [32.0, 47.0, 0.0], [-39.0, -40.0, 1.0], [1.0, -54.0, 0.0], [3.0, 72.0, 0.0], [-44.0, 12.0, 0.0], [-7.0, -1.0, 0.0], [-2.0, -10.0, 0.0], [14.0, -70.0, 0.0], [28.0, -1.0, 0.0], [13.0, 3.0, 1.0], [-13.0, 5.0, 0.0], [21.0, 5.0, 0.0], [30.0, 1.0, 1.0], [-10.0, 174.703125, 0.0], [-22.0, -11.0, 0.0], [-5.0, -8.0, 1.0], [37.0, -38.0, 0.0], [-17.0, 0.0, 0.0], [-29.0, 12.0, 1.0], [9.0, -14.0, 0.0], [1.0, 44.0, 0.0], [-4.0, 22.0, 0.0], [-16.0, 2.0, 0.0], [-25.0, -5.0, 0.0], [-4.0, -6.0, 0.0], [2.0, -50.0, 0.0], [7.0, -19.0, 0.0], [11.0, -6.0, 0.0], [26.0, 11.0, 1.0], [39.0, 134.703125, 0.0], [-33.0, -24.0, 1.0], [32.0, 53.0, 0.0], [-3.0, -1.0, 0.0], [-28.0, 15.0, 1.0], [-5.0, -83.0, 0.0], [3.0, 85.0, 0.0], [-30.0, 3.0, 0.0], [-3.0, -2.0, 0.0], [3.0, -59.0, 0.0], [8.0, -37.0, 0.0], [19.0, 4.0, 1.0], [33.0, 177.703125, 0.0], [-23.0, -14.0, 1.0], [27.0, 53.0, 0.0], [-26.0, -14.0, 1.0], [-5.0, -58.0, 0.0], [3.0, 68.0, 0.0], [-9.0, 6.0, 0.0], [-19.0, -1.0, 0.0], [-7.0, -4.0, 0.0], [-2.0, -30.0, 0.0], [4.0, -41.0, 0.0], [7.0, -11.0, 0.0], [8.0, 0.0, 0.0], [7.0, 4.0, 0.0], [2.0, 5.0, 1.0], [40.0, 139.703125, 0.0], [-28.0, -7.0, 1.0], [26.0, 46.0, 0.0], [-28.0, -6.0, 0.0], [-9.0, -7.0, 1.0], [0.0, -54.0, 0.0], [4.0, 34.0, 0.0], [0.0, 18.0, 0.0], [-3.0, 7.0, 0.0], [-36.0, 6.0, 0.0], 