{"img_id": "sceneid-30-userid-7", "img_w": 1100, "img_h": 770, "object_divisions": [0, 29, 39, 48], "scene_strokes": [[480.421875, 217.703125, 0.0], [-7.0, 8.0, 0.0], [-5.0, 16.0, 0.0], [1.0, 12.0, 0.0], [9.0, 18.0, 0.0], [10.0, 9.0, 0.0], [12.0, 2.0, 0.0], [13.0, -5.0, 0.0], [13.0, -14.0, 0.0], [0.0, -36.0, 0.0], [-8.0, -19.0, 0.0], [-10.0, -7.0, 0.0], [-15.0, 0.0, 0.0], [-12.0, 8.0, 0.0], [-7.0, 15.0, 0.0], [1.0, 16.0, 1.0], [32.0, 36.0, 0.0], [0.0, 2.0, 1.0], [0.0, 2.0, 0.0], [-3.0, 73.0, 1.0], [6.0, -14.0, 0.0], [-3.0, 45.0, 0.0], [9.0, 3.0, 0.0], [18.0, 22.0, 0.0], [7.0, 14.0, 0.0], [2.0, 13.0, 1.0], [-34.0, -57.0, 0.0], [-7.0, 2.0, 0.0], [-13.0, 16.0, 0.0], [-6.0, 25.0, 0.0], [1.0, 24.0, 1.0], [28.0, -122.0, 0.0], [31.0, -24.0, 1.0], [-36.0, 17.0, 0.0], [-25.0, -17.0, 0.0], [-16.0, -19.0, 1.0], [43.0, 96.0, 0.0], [65.0, 43.0, 1.0], [-65.0, -46.0, 0.0], [-20.0, 16.0, 0.0], [-20.0, 22.0, 0.0], [-5.0, 10.0, 0.0], [40.0, 3.0, 0.0], [67.0, -2.0, 1.0], [-89.0, -17.0, 0.0], [-8.0, 18.0, 0.0], [20.0, -30.0, 0.0], [-10.0, 20.0, 0.0], [17.0, -22.0, 0.0], [-14.0, 27.0, 0.0], [19.0, -26.0, 0.0], [-14.0, 28.0, 0.0], [22.0, -29.0, 0.0], [-16.0, 30.0, 0.0], [21.0, -29.0, 0.0], [-18.0, 30.0, 0.0], [20.0, -24.0, 0.0], [-15.0, 27.0, 0.0], [21.0, -28.0, 0.0], [-13.0, 23.0, 0.0], [17.0, -21.0, 0.0], [-13.0, 18.0, 0.0], [8.0, -6.0, 0.0], [-9.0, 15.0, 0.0], [17.0, -18.0, 0.0], [-13.0, 18.0, 0.0], [19.0, -19.0, 0.0], [-15.0, 18.0, 0.0], [25.0, -16.0, 0.0], [-19.0, 14.0, 0.0], [23.0, -6.0, 0.0], [4.0, 2.0, 0.0], [-15.0, 4.0, 0.0], [-8.0, -3.0, 0.0], [27.0, 3.0, 0.0], [-10.0, -5.0, 0.0], [-36.0, -7.0, 0.0], [14.0, -3.0, 0.0], [9.0, 5.0, 0.0], [-8.0, -1.0, 1.0], [-44.0, 12.0, 0.0], [0.0, 65.0, 1.0], [57.0, -67.0, 0.0], [-3.0, 64.0, 1.0], [-34.0, -256.0, 0.0], [2.0, 6.0, 0.0], [3.0, -3.0, 0.0], [-4.0, -4.0, 0.0], [0.0, 7.0, 0.0], [3.0, -1.0, 0.0], [0.0, -4.0, 0.0], [-4.0, 0.0, 1.0], [-15.0, -1.0, 0.0], [-1.0, 4.0, 0.0], [3.0, 0.0, 0.0], [-1.0, -3.0, 0.0], [-2.0, 3.0, 0.0], [2.0, -4.0, 0.0], [-3.0, 5.0, 1.0], [13.0, 5.0, 0.0], [1.0, 4.0, 0.0], [-4.0, 4.0, 1.0], [-5.0, 7.0, 0.0], [3.0, 8.0, 0.0], [6.0, -4.0, 0.0], [4.0, 6.0, 0.0], [10.0, -7.0, 0.0], [-1.0, -3.0, 1.0], [-1.0, -62.0, 0.0], [3.0, -2.0, 0.0], [7.0, 9.0, 0.0], [11.0, 24.0, 0.0], [6.0, 28.0, 0.0], [24.0, 51.0, 1.0], [-46.0, -113.0, 0.0], [-30.0, 1.0, 0.0], [-10.0, 8.0, 0.0], [0.0, 14.0, 0.0], [-6.0, -4.0, 0.0], [-11.0, 4.0, 0.0], [-8.0, 15.0, 0.0], [-2.0, 22.0, 0.0], [-15.0, 54.0, 0.0], [1.0, 11.0, 1.0], [73.0, -123.0, 0.0], [11.0, 0.0, 0.0], [5.0, 4.0, 0.0], [1.0, 26.0, 0.0], [10.0, 7.0, 0.0], [10.0, 44.0, 0.0], [11.0, 25.0, 1.0], [-74.0, -103.0, 0.0], [-11.0, 2.0, 0.0], [-6.0, 12.0, 0.0], [1.0, 11.0, 0.0], [-6.0, 1.0, 0.0], [-10.0, 8.0, 0.0], [-14.0, 25.0, 0.0], [-10.0, 35.0, 0.0], [-1.0, 23.0, 0.0], [3.0, 13.0, 1.0], [68.0, -129.0, 0.0], [14.0, -1.0, 0.0], [8.0, 13.0, 0.0], [7.0, 1.0, 0.0], [19.0, 48.0, 0.0], [7.0, 32.0, 0.0], [18.0, 38.0, 1.0], [-92.0, -118.0, 0.0], [-9.0, 14.0, 0.0], [0.0, 10.0, 0.0], [5.0, 6.0, 0.0], [-7.0, 15.0, 0.0], [3.0, 32.0, 1.0], [46.0, -15.0, 0.0], [3.0, 28.0, 0.0], [-4.0, 10.0, 1.0], [12.0, -90.0, 0.0], [4.0, 7.0, 0.0], [3.0, 27.0, 0.0], [-6.0, 27.0, 0.0], [5.0, 18.0, 1.0], [2.0, -76.0, 0.0], [-4.0, 19.0, 0.0], [1.0, 12.0, 0.0], [9.0, 13.0, 0.0], [4.0, 13.0, 0.0], [-1.0, 16.0, 0.0], [-6.0, 17.0, 1.0], [-71.0, -86.0, 0.0], [-6.0, 6.0, 0.0], [-1.0, 7.0, 0.0], [7.0, 32.0, 0.0], [-12.0, 25.0, 0.0], [1.0, 20.0, 0.0], [4.0, 12.0, 1.0], [19.0, -54.0, 0.0], [-4.0, 3.0, 0.0], [-1.0, 12.0, 0.0], [6.0, 26.0, 0.0], [-8.0, 13.0, 1.0], [17.0, -48.0, 0.0], [-2.0, 16.0, 0.0], [6.0, 30.0, 0.0], [-5.0, 10.0, 1.0], [27.0, -11.0, 0.0], [51.0, -35.0, 0.0], [18.0, -9.0, 1.0], [-133.578125, -73.296875, 0.0], [10.0, 11.0, 0.0], [27.0, 6.0, 0.0], [35.0, -4.0, 0.0], [25.0, -9.0, 1.0], [6.0, 1.0, 0.0], [2.0, -49.0, 0.0], [-13.0, 20.0, 1.0], [2.0, -2.0, 0.0], [-16.0, -12.0, 0.0], [-14.0, -16.0, 0.0], [-8.0, -2.0, 0.0], [-20.0, 32.0, 1.0], [0.0, 0.0, 0.0], [-22.0, -11.0, 0.0], [-18.0, 46.0, 1.0], [62.0, -67.0, 0.0], [4.0, 3.0, 0.0], [3.0, -2.0, 0.0], [0.0, -7.0, 0.0], [-7.0, -5.0, 0.0], [0.0, 12.0, 0.0], [5.0, -3.0, 0.0], [-1.0, -4.0, 0.0], [-4.0, -1.0, 0.0], [-1.0, 7.0, 0.0], [4.0, -1.0, 0.0], [-1.0, -5.0, 0.0], [-5.0, 6.0, 0.0], [2.0, 2.0, 0.0], [4.0, -3.0, 1.0], [-48.0, 16.0, 0.0], [0.0, 5.0, 1.0], [50.0, -23.0, 0.0], [5.0, -11.0, 0.0], [-8.0, 12.0, 0.0], [5.0, -9.0, 1.0], [3.0, -7.0, 0.0], [-9.0, -11.0, 0.0], [9.0, 11.0, 0.0], [-9.0, -11.0, 0.0], [-8.0, 14.0, 0.0], [2.0, -1.0, 0.0], [6.0, 10.0, 0.0], [-6.0, -5.0, 0.0], [8.0, 9.0, 0.0], [-2.0, -10.0, 0.0], [2.0, 8.0, 0.0], [1.0, -13.0, 0.0], [-2.0, 14.0, 0.0], [10.0, -13.0, 0.0], [-8.0, -3.0, 0.0], [1.0, 3.0, 0.0], [-1.0, -9.0, 0.0], [-4.0, 10.0, 0.0], [2.0, -11.0, 0.0], [-5.0, 12.0, 0.0], [5.0, -8.0, 0.0], [-1.0, -2.0, 0.0], [-4.0, 4.0, 0.0], [-1.0, 5.0, 0.0], [4.0, -5.0, 1.0], [-39.0, 39.0, 0.0], [14.0, -12.0, 0.0], [9.0, -1.0, 1.0], [59.0, 11.0, 0.0], [-10.0, -8.0, 0.0], [-24.0, -7.0, 1.0], [72.421875, 105.703125, 0.0], [1.0, 28.0, 0.0], [10.0, 19.0, 1.0], [-9.0, -54.0, 0.0], [1.0, -4.0, 0.0], [5.0, -2.0, 0.0], [4.0, 4.0, 0.0], [0.0, 5.0, 1.0], [5.0, -8.0, 0.0], [4.0, -6.0, 0.0], [2.0, 2.0, 0.0], [1.0, 17.0, 0.0], [12.0, 36.0, 0.0], [14.0, 9.0, 1.0], [-40.0, -16.0, 0.0], [1.0, 10.0, 0.0], [6.0, 12.0, 0.0], [12.0, 11.0, 0.0], [12.0, 4.0, 0.0], [18.0, -1.0, 0.0], [4.0, -3.0, 1.0], [-7.0, -17.0, 0.0], [4.0, 3.0, 0.0], [-1.0, 9.0, 0.0], [9.0, 0.0, 0.0], [2.0, 4.0, 0.0], [-2.0, 5.0, 0.0], [-6.0, 3.0, 1.0], [-49.0, -69.0, 0.0], [2.0, 16.0, 0.0], [15.0, 32.0, 0.0], [9.0, 9.0, 0.0], [12.0, 3.0, 1.0], [-31.0, -68.0, 0.0], [14.0, 46.0, 0.0], [22.0, 26.0, 0.0], [8.0, 1.0, 1.0], [-50.0, -68.0, 0.0], [-1.0, 14.0, 0.0], [4.0, 27.0, 0.0], [14.0, 15.0, 0.0], [25.0, 11.0, 1.0], [-35.0, -67.0, 0.0], [4.0, 1.0, 0.0], [-3.0, 17.0, 0.0], [3.0, 4.0, 0.0], [6.0, -1.0, 0.0], [1.0, 17.0, 0.0], [12.0, 4.0, 0.0], [-3.0, 15.0, 0.0], [11.0, 7.0, 1.0]], "gt_class_names": ["yoga", "crown", "hot dog"]}