{"img_id": "sceneid-40-userid-11", "img_w": 1100, "img_h": 770, "object_divisions": [0, 8, 20, 24], "scene_strokes": [[93.421875, 323.703125, 0.0], [29.0, 0.0, 0.0], [96.0, -10.0, 0.0], [136.0, 1.0, 0.0], [48.0, -8.0, 0.0], [65.0, -4.0, 0.0], [185.0, -3.0, 0.0], [5.0, 6.0, 0.0], [-3.0, 15.0, 0.0], [-78.0, 116.0, 0.0], [-72.0, 85.0, 0.0], [-10.0, 11.0, 0.0], [-46.0, 1.0, 0.0], [-16.0, 0.0, 0.0], [-6.0, -3.0, 0.0], [53.0, -111.0, 0.0], [14.0, -34.0, 0.0], [-1.0, -8.0, 0.0], [-59.0, -1.0, 0.0], [-85.0, 10.0, 0.0], [-180.0, 14.0, 0.0], [-77.0, -1.0, 0.0], [-10.0, -2.0, 0.0], [-1.0, -17.0, 0.0], [7.0, -41.0, 0.0], [7.0, -18.0, 0.0], [3.0, -4.0, 0.0], [0.0, 6.0, 1.0], [330.0, 212.0, 0.0], [-11.0, 129.0, 0.0], [-1.0, 39.0, 0.0], [2.0, -1.0, 1.0], [82.0, -171.0, 0.0], [-9.0, 163.0, 1.0], [176.0, -385.0, 0.0], [-8.0, 44.0, 0.0], [-3.0, 45.0, 0.0], [-14.0, 98.0, 0.0], [-51.0, 82.0, 0.0], [-53.0, 70.0, 0.0], [-38.0, 65.0, 0.0], [-9.0, 10.0, 0.0], [-3.0, -2.0, 1.0], [-77.0, -1.0, 0.0], [20.0, -4.0, 0.0], [50.0, 0.0, 0.0], [14.0, -1.0, 0.0], [-3.0, -2.0, 1.0], [-75.0, -13.0, 0.0], [1.0, 20.0, 0.0], [-3.0, 7.0, 1.0], [-336.0, -328.0, 0.0], [0.0, 116.0, 1.0], [-4.0, -2.0, 0.0], [27.0, 1.0, 0.0], [39.0, -8.0, 0.0], [46.0, -5.0, 0.0], [73.0, -5.0, 0.0], [149.0, -17.0, 0.0], [49.0, -2.0, 1.0], [61.421875, -146.296875, 0.0], [-5.0, 50.0, 1.0], [1.0, -50.0, 0.0], [22.0, 0.0, 0.0], [63.0, -9.0, 0.0], [-3.0, 50.0, 0.0], [-21.0, 0.0, 0.0], [-61.0, 9.0, 0.0], [-4.0, 0.0, 0.0], [4.0, -4.0, 1.0], [88.0, -57.0, 0.0], [8.0, -6.0, 0.0], [-1.0, -4.0, 1.0], [-98.0, 22.0, 0.0], [25.0, -17.0, 1.0], [7.0, -1.0, 0.0], [74.0, -8.0, 0.0], [-5.0, 21.0, 0.0], [2.0, 21.0, 0.0], [-16.0, 25.0, 1.0], [-29.0, -44.0, 0.0], [3.0, -1.0, 0.0], [-1.0, 51.0, 1.0], [9.0, -23.0, 0.0], [2.0, -4.0, 1.0], [5.0, 3.0, 0.0], [-1.0, 1.0, 1.0], [-7.0, 8.0, 0.0], [1.0, 0.0, 1.0], [9.0, 1.0, 0.0], [-3.0, 1.0, 1.0], [-4.0, -25.0, 0.0], [0.0, -1.0, 1.0], [-3.0, -9.0, 0.0], [20.0, 0.0, 0.0], [0.0, 13.0, 0.0], [-4.0, -3.0, 0.0], [-14.0, 3.0, 1.0], [-364.578125, -7.296875, 0.0], [-23.0, 38.0, 1.0], [23.0, -41.0, 0.0], [77.0, -4.0, 0.0], [-17.0, 42.0, 0.0], [-37.0, 9.0, 0.0], [-53.0, -1.0, 1.0], [51.0, -16.0, 0.0], [8.0, 1.0, 0.0], [3.0, -5.0, 0.0], [-1.0, -11.0, 0.0], [-6.0, 0.0, 0.0], [-8.0, 10.0, 0.0], [3.0, 8.0, 1.0], [46.0, -39.0, 0.0], [-10.0, -30.0, 0.0], [-4.0, -4.0, 0.0], [-13.0, 22.0, 0.0], [-14.0, 34.0, 0.0], [-8.0, 3.0, 0.0], [-8.0, -3.0, 0.0], [22.0, -39.0, 0.0], [16.0, -21.0, 0.0], [12.0, 5.0, 0.0], [16.0, 33.0, 1.0]], "gt_class_names": ["counter", "microwave", "sink"]}