{"img_id": "sceneid-53-userid-21", "img_w": 1100, "img_h": 770, "object_divisions": [0, 2, 9, 11, 14, 15, 16, 17, 18, 20, 21, 22, 23], "scene_strokes": [[3.421875, 424.703125, 0.0], [9.0, -8.0, 0.0], [20.0, -9.0, 0.0], [41.0, -12.0, 0.0], [25.0, -6.0, 0.0], [67.0, -6.0, 0.0], [67.0, 2.0, 0.0], [28.0, 4.0, 0.0], [19.0, 8.0, 0.0], [4.0, 5.0, 0.0], [-3.0, 6.0, 0.0], [-17.0, 7.0, 0.0], [-2.0, -6.0, 0.0], [17.0, -12.0, 0.0], [24.0, -9.0, 0.0], [71.0, -17.0, 0.0], [101.0, -13.0, 0.0], [80.0, -3.0, 0.0], [84.0, 3.0, 0.0], [21.0, 2.0, 0.0], [15.0, 5.0, 0.0], [48.0, -7.0, 0.0], [25.0, 1.0, 0.0], [27.0, 8.0, 0.0], [37.0, 22.0, 0.0], [24.0, 10.0, 0.0], [67.0, 15.0, 0.0], [73.0, 2.0, 0.0], [106.0, -14.0, 1.0], [-1045.0, 202.0, 0.0], [27.0, -29.0, 0.0], [30.0, -23.0, 0.0], [30.0, -17.0, 0.0], [28.0, -9.0, 0.0], [36.0, -5.0, 0.0], [27.0, 1.0, 0.0], [79.0, 22.0, 0.0], [41.0, 2.0, 0.0], [59.0, -14.0, 0.0], [100.0, -37.0, 0.0], [33.0, -8.0, 0.0], [43.0, -1.0, 0.0], [95.0, 21.0, 0.0], [55.0, 8.0, 0.0], [157.0, 0.0, 0.0], [104.0, 14.0, 1.0], [-210.578125, 61.703125, 0.0], [-4.0, -8.0, 0.0], [-24.0, -9.0, 0.0], [-39.0, -4.0, 0.0], [-21.0, 3.0, 0.0], [-19.0, 7.0, 0.0], [-15.0, 12.0, 0.0], [-4.0, 11.0, 0.0], [4.0, 9.0, 0.0], [5.0, 5.0, 0.0], [10.0, 3.0, 0.0], [30.0, 3.0, 0.0], [28.0, 1.0, 0.0], [33.0, -5.0, 0.0], [17.0, -7.0, 0.0], [6.0, -9.0, 0.0], [0.0, -14.0, 0.0], [-8.0, -8.0, 0.0], [-5.0, 1.0, 1.0], [-105.0, 38.0, 0.0], [-16.0, 22.0, 0.0], [0.0, 8.0, 0.0], [8.0, 0.0, 0.0], [9.0, -9.0, 0.0], [6.0, -11.0, 0.0], [-2.0, -7.0, 1.0], [69.0, 1.0, 0.0], [-7.0, 3.0, 0.0], [-5.0, 16.0, 0.0], [1.0, 9.0, 0.0], [7.0, 5.0, 0.0], [6.0, -3.0, 0.0], [7.0, -16.0, 0.0], [-1.0, -16.0, 0.0], [-5.0, -2.0, 0.0], [-5.0, 4.0, 1.0], [-55.0, -52.0, 0.0], [-4.0, 2.0, 0.0], [-4.0, -6.0, 0.0], [9.0, -2.0, 0.0], [2.0, 4.0, 1.0], [58.0, 1.0, 0.0], [-4.0, -2.0, 0.0], [1.0, -4.0, 0.0], [9.0, 1.0, 1.0], [35.0, 24.0, 0.0], [13.0, -4.0, 0.0], [14.0, 0.0, 0.0], [10.0, 7.0, 0.0], [0.0, 3.0, 0.0], [-7.0, 4.0, 0.0], [-29.0, -1.0, 1.0], [20.0, -13.0, 0.0], [6.0, 5.0, 0.0], [8.0, -2.0, 1.0], [-772.578125, -268.296875, 0.0], [15.0, -28.0, 0.0], [19.0, -18.0, 0.0], [17.0, -9.0, 0.0], [22.0, -2.0, 0.0], [14.0, 3.0, 0.0], [36.0, 15.0, 0.0], [17.0, -6.0, 0.0], [11.0, -16.0, 0.0], [14.0, -34.0, 1.0], [26.0, 56.0, 0.0], [29.0, -34.0, 0.0], [16.0, -11.0, 0.0], [20.0, -7.0, 0.0], [17.0, 4.0, 0.0], [28.0, 19.0, 0.0], [21.0, 6.0, 0.0], [20.0, -4.0, 0.0], [21.0, -12.0, 1.0], [110.421875, 29.703125, 0.0], [24.0, -29.0, 0.0], [46.0, -23.0, 0.0], [37.0, -2.0, 0.0], [11.0, 5.0, 0.0], [5.0, 9.0, 0.0], [-1.0, 10.0, 0.0], [-10.0, 16.0, 0.0], [-19.0, 14.0, 0.0], [-43.0, 13.0, 0.0], [-26.0, 1.0, 0.0], [-23.0, -6.0, 0.0], [-4.0, -3.0, 0.0], [1.0, -7.0, 0.0], [6.0, -8.0, 1.0], [-6.0, 1.0, 0.0], [-31.0, -2.0, 0.0], [-18.0, 5.0, 0.0], [-8.0, 7.0, 0.0], [1.0, 6.0, 0.0], [16.0, 6.0, 0.0], [24.0, 2.0, 0.0], [11.0, -5.0, 0.0], [-7.0, -1.0, 0.0], [-21.0, 15.0, 0.0], [-4.0, 9.0, 0.0], [3.0, 7.0, 0.0], [8.0, 2.0, 0.0], [16.0, -4.0, 0.0], [17.0, -11.0, 0.0], [13.0, -13.0, 1.0], [76.0, -52.0, 0.0], [2.0, -4.0, 0.0], [9.0, -2.0, 0.0], [4.0, 5.0, 0.0], [-2.0, 2.0, 0.0], [-5.0, 1.0, 0.0], [-3.0, -4.0, 1.0], [120.421875, 394.703125, 0.0], [-6.0, -18.0, 0.0], [-15.0, -26.0, 0.0], [-25.0, -18.0, 0.0], [-20.0, -2.0, 0.0], [-23.0, 6.0, 0.0], [-15.0, 10.0, 0.0], [-4.0, 12.0, 0.0], [4.0, 10.0, 0.0], [17.0, 12.0, 0.0], [34.0, 7.0, 0.0], [16.0, -1.0, 0.0], [18.0, -12.0, 0.0], [4.0, -8.0, 0.0], [-1.0, -10.0, 0.0], [-13.0, -15.0, 0.0], [-23.0, -9.0, 0.0], [-24.0, 3.0, 0.0], [-18.0, 7.0, 0.0], [-27.0, 24.0, 0.0], [-1.0, 5.0, 0.0], [15.0, 9.0, 0.0], [20.0, 3.0, 0.0], [19.0, -3.0, 0.0], [18.0, -7.0, 0.0], [5.0, -7.0, 0.0], [-6.0, -8.0, 0.0], [-10.0, -6.0, 0.0], [-18.0, -5.0, 0.0], [-28.0, 0.0, 0.0], [-26.0, 6.0, 0.0], [-31.0, 16.0, 0.0], [-3.0, 6.0, 0.0], [7.0, 8.0, 0.0], [15.0, 6.0, 0.0], [15.0, 1.0, 0.0], [25.0, -6.0, 0.0], [13.0, -12.0, 0.0], [1.0, -8.0, 0.0], [-5.0, -13.0, 0.0], [-21.0, -12.0, 0.0], [-59.0, -6.0, 0.0], [-31.0, 6.0, 0.0], [-24.0, 13.0, 0.0], [-12.0, 11.0, 0.0], [-3.0, 9.0, 0.0], [6.0, 16.0, 0.0], [20.0, 10.0, 0.0], [30.0, 4.0, 0.0], [41.0, -13.0, 0.0], [19.0, -16.0, 0.0], [5.0, -15.0, 0.0], [-2.0, -8.0, 0.0], [-8.0, -8.0, 0.0], [-21.0, -4.0, 0.0], [-20.0, 2.0, 0.0], [-26.0, 11.0, 0.0], [-15.0, 12.0, 0.0], [-9.0, 12.0, 0.0], [0.0, 8.0, 0.0], [4.0, 5.0, 0.0], [19.0, 11.0, 0.0], [25.0, 5.0, 0.0], [35.0, -5.0, 0.0], [84.0, -28.0, 0.0], [7.0, -5.0, 0.0], [-1.0, 7.0, 0.0], [11.0, 2.0, 0.0], [5.0, -4.0, 0.0], [0.0, -4.0, 0.0], [-7.0, -16.0, 0.0], [-19.0, -9.0, 0.0], [-21.0, -4.0, 0.0], [-51.0, 0.0, 0.0], [-23.0, 8.0, 0.0], [-14.0, 9.0, 0.0], [0.0, 3.0, 1.0], [-38.578125, 25.703125, 0.0], [6.0, -7.0, 0.0], [8.0, -3.0, 0.0], [5.0, 0.0, 0.0], [4.0, 9.0, 0.0], [-18.0, 5.0, 0.0], [-8.0, -2.0, 0.0], [-1.0, -15.0, 0.0], [2.0, -1.0, 0.0], [3.0, 11.0, 0.0], [1.0, -19.0, 0.0], [3.0, 12.0, 0.0], [3.0, -16.0, 0.0], [3.0, 10.0, 0.0], [4.0, -12.0, 0.0], [6.0, 26.0, 0.0], [-1.0, 3.0, 0.0], [-11.0, 1.0, 0.0], [-9.0, -5.0, 0.0], [-4.0, -8.0, 0.0], [7.0, -13.0, 1.0], [38.421875, 36.703125, 0.0], [-3.0, -5.0, 0.0], [9.0, -8.0, 0.0], [6.0, 9.0, 0.0], [-8.0, 8.0, 0.0], [-6.0, -1.0, 0.0], [-1.0, -6.0, 0.0], [5.0, -6.0, 0.0], [6.0, 1.0, 0.0], [-1.0, 8.0, 0.0], [-5.0, 1.0, 0.0], [2.0, -8.0, 0.0], [-2.0, 12.0, 0.0], [1.0, -13.0, 0.0], [-5.0, 11.0, 0.0], [8.0, -12.0, 0.0], [-2.0, 12.0, 0.0], [3.0, -14.0, 0.0], [-3.0, 11.0, 0.0], [6.0, -10.0, 0.0], [-3.0, 12.0, 0.0], [2.0, 1.0, 0.0], [4.0, -14.0, 0.0], [-3.0, 10.0, 1.0], [-18.578125, -43.296875, 0.0], [-2.0, -2.0, 0.0], [4.0, -4.0, 0.0], [4.0, 0.0, 0.0], [2.0, 5.0, 0.0], [-9.0, 8.0, 0.0], [-1.0, -8.0, 0.0], [6.0, -5.0, 0.0], [1.0, 3.0, 0.0], [-4.0, 7.0, 0.0], [-4.0, 0.0, 0.0], [3.0, -12.0, 0.0], [0.0, 6.0, 0.0], [-5.0, 7.0, 0.0], [8.0, -14.0, 0.0], [-2.0, 13.0, 0.0], [6.0, -12.0, 0.0], [-5.0, 17.0, 0.0], [7.0, -17.0, 0.0], [-6.0, 15.0, 0.0], [5.0, -13.0, 0.0], [-2.0, 4.0, 0.0], [5.0, 3.0, 0.0], [-7.0, 5.0, 0.0], [-2.0, -3.0, 0.0], [4.0, -6.0, 0.0], [3.0, 1.0, 0.0], [0.0, 5.0, 0.0], [-8.0, 4.0, 0.0], [4.0, -13.0, 0.0], [2.0, 6.0, 0.0], [-2.0, 5.0, 0.0], [-3.0, 0.0, 0.0], [3.0, -12.0, 1.0], [17.421875, 18.703125, 0.0], [1.0, 2.0, 1.0], [0.0, 4.0, 0.0], [2.0, -11.0, 0.0], [7.0, -5.0, 0.0], [1.0, 7.0, 0.0], [-4.0, 2.0, 0.0], [5.0, -4.0, 0.0], [4.0, 7.0, 0.0], [-6.0, 3.0, 0.0], [6.0, -1.0, 0.0], [2.0, 6.0, 0.0], [-8.0, 6.0, 0.0], [-7.0, 0.0, 0.0], [-6.0, -10.0, 0.0], [-5.0, 5.0, 0.0], [-2.0, -5.0, 0.0], [13.0, -7.0, 1.0], [33.421875, 1.703125, 0.0], [6.0, -7.0, 0.0], [-12.0, 17.0, 0.0], [12.0, -23.0, 0.0], [-2.0, 17.0, 0.0], [-4.0, -12.0, 0.0], [-8.0, -11.0, 0.0], [17.0, 18.0, 0.0], [8.0, -12.0, 0.0], [-5.0, 6.0, 0.0], [-22.0, 9.0, 0.0], [21.0, 7.0, 0.0], [3.0, 7.0, 0.0], [-21.0, -19.0, 0.0], [2.0, 6.0, 0.0], [-5.0, 12.0, 1.0], [-86.578125, -4.296875, 0.0], [-52.0, -15.0, 0.0], [-17.0, -1.0, 0.0], [-15.0, 3.0, 0.0], [-30.0, 17.0, 0.0], [3.0, 11.0, 0.0], [12.0, 2.0, 0.0], [5.0, -3.0, 0.0], [-4.0, -1.0, 0.0], [-10.0, 9.0, 0.0], [3.0, 13.0, 0.0], [11.0, -4.0, 0.0], [-8.0, 4.0, 0.0], [-7.0, -1.0, 0.0], [0.0, -12.0, 0.0], [2.0, -4.0, 0.0], [7.0, -2.0, 1.0], [2.421875, 11.703125, 0.0], [11.0, -3.0, 0.0], [4.0, 4.0, 0.0], [2.0, 8.0, 0.0], [-5.0, 7.0, 0.0], [-9.0, -2.0, 0.0], [-5.0, -8.0, 0.0], [6.0, -4.0, 0.0], [6.0, 6.0, 0.0], [1.0, -9.0, 0.0], [-7.0, 7.0, 0.0], [0.0, 6.0, 0.0], [3.0, 2.0, 0.0], [6.0, -3.0, 0.0], [0.0, 7.0, 0.0], [-3.0, 2.0, 0.0], [-1.0, -3.0, 0.0], [8.0, -13.0, 0.0], [-4.0, -3.0, 0.0], [-5.0, 1.0, 0.0], [0.0, 8.0, 0.0], [7.0, 8.0, 0.0], [-7.0, 10.0, 0.0], [-3.0, 0.0, 0.0], [-8.0, -14.0, 0.0], [0.0, -7.0, 0.0], [8.0, -2.0, 1.0]], "gt_class_names": ["beach", "sea turtle", "ocean", "fish", "net", "sea shell", "coral", "coral", "coral", "fish", "hook", "coral"]}