{"img_id": "sceneid-126-userid-70", "img_w": 1100, "img_h": 770, "object_divisions": [0, 16, 24, 30, 33, 36, 40, 43, 46], "scene_strokes": [[180.421875, 196.703125, 0.0], [-8.0, 120.0, 0.0], [0.0, 19.0, 0.0], [4.0, 12.0, 0.0], [21.0, 5.0, 0.0], [170.0, 6.0, 0.0], [92.0, -5.0, 0.0], [34.0, -5.0, 0.0], [12.0, -6.0, 0.0], [-9.0, -103.0, 0.0], [-5.0, -28.0, 0.0], [-11.0, -24.0, 0.0], [-9.0, -10.0, 0.0], [-21.0, -7.0, 0.0], [-73.0, -7.0, 0.0], [-51.0, 0.0, 0.0], [-58.0, 5.0, 0.0], [-96.0, 17.0, 1.0], [328.0, 45.0, 0.0], [42.0, -10.0, 0.0], [23.0, -1.0, 0.0], [10.0, 42.0, 0.0], [3.0, 42.0, 1.0], [-3.0, -7.0, 0.0], [3.0, 1.0, 0.0], [3.0, 13.0, 0.0], [0.0, 37.0, 0.0], [-4.0, -5.0, 0.0], [-46.0, 5.0, 0.0], [-32.0, 0.0, 1.0], [-293.0, 53.0, 0.0], [6.0, 11.0, 0.0], [13.0, 4.0, 0.0], [24.0, -7.0, 0.0], [10.0, -10.0, 0.0], [3.0, -9.0, 0.0], [-1.0, -11.0, 0.0], [-6.0, -16.0, 0.0], [-8.0, -5.0, 0.0], [-10.0, 1.0, 0.0], [-10.0, 7.0, 0.0], [-10.0, 14.0, 1.0], [179.0, -5.0, 0.0], [-5.0, 13.0, 0.0], [1.0, 20.0, 0.0], [4.0, 9.0, 0.0], [7.0, 6.0, 0.0], [16.0, 4.0, 0.0], [23.0, -9.0, 0.0], [14.0, -18.0, 0.0], [4.0, -15.0, 0.0], [-1.0, -13.0, 0.0], [-12.0, -11.0, 0.0], [-12.0, 3.0, 0.0], [-17.0, 16.0, 1.0], [101.0, -156.0, 0.0], [3.0, -22.0, 0.0], [8.0, -13.0, 0.0], [11.0, 29.0, 1.0], [-12.0, -24.0, 0.0], [1.0, -4.0, 0.0], [7.0, 2.0, 0.0], [5.0, 14.0, 0.0], [0.0, 13.0, 0.0], [3.0, 1.0, 0.0], [1.0, -8.0, 0.0], [-9.0, -20.0, 0.0], [-2.0, -4.0, 0.0], [-5.0, 0.0, 0.0], [-9.0, 15.0, 0.0], [-1.0, 20.0, 1.0], [-314.0, 49.0, 0.0], [-1.0, 13.0, 0.0], [4.0, -12.0, 0.0], [12.0, -14.0, 0.0], [0.0, 24.0, 1.0], [-11.0, -5.0, 0.0], [14.0, -1.0, 1.0], [11.0, 6.0, 0.0], [-3.0, -12.0, 0.0], [2.0, -4.0, 0.0], [8.0, 17.0, 0.0], [7.0, -18.0, 0.0], [5.0, 15.0, 1.0], [8.0, -19.0, 0.0], [-1.0, 20.0, 0.0], [6.0, -9.0, 0.0], [6.0, -4.0, 0.0], [2.0, 2.0, 0.0], [-3.0, 8.0, 0.0], [-9.0, 3.0, 1.0], [19.0, -4.0, 0.0], [4.0, 0.0, 0.0], [4.0, -16.0, 1.0], [6.0, -5.0, 0.0], [0.0, 25.0, 1.0], [17.0, -17.0, 0.0], [-7.0, 3.0, 0.0], [0.0, 9.0, 0.0], [3.0, 2.0, 0.0], [5.0, -6.0, 0.0], [0.0, 7.0, 0.0], [12.0, -13.0, 0.0], [2.0, 15.0, 1.0], [16.0, -21.0, 0.0], [-9.0, 10.0, 0.0], [2.0, 10.0, 0.0], [6.0, -1.0, 1.0], [11.0, -6.0, 0.0], [7.0, -12.0, 0.0], [-10.0, 3.0, 0.0], [-1.0, 12.0, 0.0], [6.0, 5.0, 0.0], [10.0, 1.0, 1.0], [338.421875, -15.296875, 0.0], [87.0, 2.0, 0.0], [28.0, -49.0, 0.0], [12.0, -13.0, 0.0], [17.0, -4.0, 0.0], [71.0, -2.0, 0.0], [40.0, 43.0, 0.0], [15.0, 23.0, 0.0], [61.0, 8.0, 0.0], [13.0, -1.0, 1.0], [-349.0, -7.0, 0.0], [-6.0, 10.0, 0.0], [-6.0, 23.0, 0.0], [4.0, 29.0, 0.0], [8.0, 24.0, 0.0], [7.0, 6.0, 0.0], [16.0, 5.0, 0.0], [70.0, -1.0, 1.0], [-2.0, -8.0, 0.0], [-2.0, 13.0, 0.0], [5.0, 10.0, 0.0], [14.0, 12.0, 0.0], [9.0, 3.0, 0.0], [22.0, 0.0, 0.0], [8.0, -4.0, 0.0], [8.0, -6.0, 0.0], [7.0, -11.0, 0.0], [1.0, -8.0, 0.0], [-8.0, -18.0, 0.0], [-17.0, -11.0, 0.0], [-28.0, -2.0, 0.0], [-18.0, 9.0, 1.0], [85.0, 26.0, 0.0], [59.0, -2.0, 1.0], [6.0, -31.0, 0.0], [-7.0, 12.0, 0.0], [0.0, 20.0, 0.0], [16.0, 18.0, 0.0], [10.0, 4.0, 0.0], [22.0, 0.0, 0.0], [15.0, -8.0, 0.0], [6.0, -8.0, 0.0], [3.0, -14.0, 0.0], [-4.0, -9.0, 0.0], [-8.0, -7.0, 0.0], [-16.0, -6.0, 0.0], [-21.0, 2.0, 0.0], [-7.0, 5.0, 1.0], [109.0, -73.0, 0.0], [13.0, 2.0, 0.0], [7.0, 7.0, 0.0], [3.0, 14.0, 0.0], [0.0, 39.0, 0.0], [-6.0, 28.0, 0.0], [-8.0, 6.0, 0.0], [-16.0, 2.0, 0.0], [-76.0, 3.0, 1.0], [-117.0, -174.0, 0.0], [1.0, -18.0, 0.0], [8.0, -17.0, 0.0], [10.0, -10.0, 0.0], [10.0, -2.0, 0.0], [9.0, 9.0, 0.0], [7.0, 14.0, 0.0], [3.0, 10.0, 0.0], [-1.0, 19.0, 1.0], [-47.0, -14.0, 0.0], [2.0, 9.0, 1.0], [-829.578125, 335.703125, 0.0], [145.0, -13.0, 0.0], [148.0, -20.0, 0.0], [192.0, -9.0, 0.0], [129.0, 0.0, 0.0], [134.0, 6.0, 0.0], [304.0, 28.0, 0.0], [35.0, 0.0, 1.0], [-1111.0, -268.0, 0.0], [155.0, -18.0, 1.0], [466.0, -25.0, 0.0], [98.0, -7.0, 0.0], [57.0, 0.0, 1.0], [201.0, 10.0, 0.0], [70.0, 9.0, 0.0], [45.0, 11.0, 1.0], [-1059.0, 133.0, 0.0], [100.0, -15.0, 1.0], [486.0, -25.0, 0.0], [34.0, -3.0, 1.0], [18.421875, -116.296875, 0.0], [6.0, -60.0, 1.0], [53.0, 55.0, 0.0], [10.0, -61.0, 0.0], [0.0, -20.0, 1.0], [-62.0, 24.0, 0.0], [-39.0, -24.0, 0.0], [-8.0, -13.0, 0.0], [-2.0, -11.0, 0.0], [2.0, -18.0, 0.0], [12.0, -9.0, 0.0], [8.0, 4.0, 0.0], [-1.0, 2.0, 0.0], [-6.0, -3.0, 0.0], [0.0, -20.0, 0.0], [4.0, -11.0, 0.0], [19.0, -24.0, 0.0], [9.0, -5.0, 0.0], [16.0, -1.0, 0.0], [6.0, 6.0, 0.0], [4.0, 12.0, 0.0], [16.0, -16.0, 0.0], [27.0, -13.0, 0.0], [18.0, 1.0, 0.0], [5.0, 7.0, 0.0], [-7.0, 31.0, 0.0], [22.0, 26.0, 0.0], [-1.0, 13.0, 0.0], [-7.0, 10.0, 0.0], [-26.0, 22.0, 0.0], [-19.0, 4.0, 0.0], [-1.0, -2.0, 1.0], [-642.578125, 116.703125, 0.0], [-2.0, -22.0, 0.0], [4.0, -51.0, 1.0], [39.0, 90.0, 0.0], [8.0, -93.0, 0.0], [-2.0, -9.0, 1.0], [-57.0, 11.0, 0.0], [-9.0, -27.0, 0.0], [3.0, -44.0, 0.0], [8.0, -14.0, 0.0], [7.0, -1.0, 0.0], [3.0, 10.0, 0.0], [-2.0, 12.0, 0.0], [6.0, -27.0, 0.0], [15.0, -22.0, 0.0], [12.0, -11.0, 0.0], [12.0, -3.0, 0.0], [5.0, 5.0, 0.0], [4.0, 20.0, 0.0], [36.0, -3.0, 0.0], [6.0, 3.0, 0.0], [3.0, 6.0, 0.0], [-2.0, 15.0, 0.0], [-11.0, 22.0, 0.0], [-24.0, 23.0, 0.0], [-9.0, 3.0, 1.0], [90.421875, 525.703125, 0.0], [8.0, -71.0, 1.0], [-12.0, -4.0, 0.0], [5.0, 7.0, 0.0], [13.0, 3.0, 0.0], [8.0, -3.0, 0.0], [7.0, -16.0, 0.0], [-1.0, -5.0, 0.0], [-5.0, -11.0, 0.0], [-8.0, -7.0, 0.0], [-9.0, -1.0, 0.0], [-7.0, 7.0, 0.0], [-5.0, 17.0, 1.0], [-4.0, 2.0, 0.0], [-7.0, -20.0, 0.0], [0.0, -9.0, 0.0], [8.0, -24.0, 0.0], [7.0, 4.0, 0.0], [4.0, 11.0, 0.0], [-1.0, 24.0, 0.0], [18.0, -27.0, 0.0], [11.0, -9.0, 0.0], [12.0, -3.0, 0.0], [5.0, 6.0, 0.0], [0.0, 6.0, 0.0], [-7.0, 16.0, 0.0], [-13.0, 13.0, 0.0], [7.0, -5.0, 0.0], [16.0, -4.0, 0.0], [5.0, 2.0, 0.0], [3.0, 7.0, 0.0], [-2.0, 7.0, 0.0], [-18.0, 17.0, 0.0], [-8.0, 4.0, 0.0], [-13.0, 0.0, 1.0], [-26.0, -12.0, 0.0], [-7.0, 20.0, 0.0], [2.0, 12.0, 0.0], [7.0, 6.0, 0.0], [7.0, 0.0, 0.0], [8.0, -8.0, 0.0], [4.0, -15.0, 0.0], [-3.0, 15.0, 0.0], [2.0, 13.0, 0.0], [6.0, 8.0, 0.0], [6.0, -5.0, 0.0], [2.0, -20.0, 0.0], [-3.0, -25.0, 0.0], [-4.0, -6.0, 1.0], [483.421875, 114.703125, 0.0], [5.0, -30.0, 0.0], [17.0, -54.0, 0.0], [1.0, -20.0, 1.0], [-15.0, -7.0, 0.0], [-6.0, 14.0, 0.0], [2.0, 20.0, 0.0], [5.0, 4.0, 0.0], [13.0, -1.0, 0.0], [8.0, -7.0, 0.0], [8.0, -17.0, 0.0], [1.0, -13.0, 0.0], [-3.0, -10.0, 0.0], [-5.0, -6.0, 0.0], [-10.0, -1.0, 0.0], [-6.0, 5.0, 1.0], [0.0, 13.0, 0.0], [-4.0, -5.0, 0.0], [-5.0, -20.0, 0.0], [1.0, -13.0, 0.0], [12.0, -18.0, 0.0], [10.0, 0.0, 0.0], [1.0, 30.0, 0.0], [23.0, -8.0, 0.0], [12.0, -1.0, 0.0], [7.0, 4.0, 0.0], [-9.0, 17.0, 0.0], [-27.0, 20.0, 0.0], [19.0, 5.0, 0.0], [7.0, 6.0, 0.0], [2.0, 11.0, 0.0], [-11.0, 15.0, 0.0], [-15.0, 6.0, 0.0], [12.0, 0.0, 0.0], [5.0, 4.0, 0.0], [0.0, 9.0, 0.0], [-9.0, 10.0, 0.0], [-17.0, 8.0, 0.0], [-13.0, -1.0, 0.0], [-14.0, -12.0, 0.0], [-9.0, -27.0, 0.0], [3.0, -15.0, 0.0], [6.0, -5.0, 0.0], [-1.0, 10.0, 0.0], [-5.0, 4.0, 0.0], [-7.0, -1.0, 0.0], [-1.0, -5.0, 0.0], [5.0, -35.0, 0.0], [10.0, -12.0, 0.0], [8.0, 1.0, 0.0], [1.0, 3.0, 1.0], [-283.578125, 130.703125, 0.0], [3.0, -59.0, 0.0], [10.0, -43.0, 1.0], [27.0, 94.0, 0.0], [7.0, -74.0, 1.0], [-34.0, -19.0, 0.0], [-5.0, 6.0, 0.0], [-24.0, -6.0, 0.0], [-13.0, -16.0, 0.0], [-8.0, -28.0, 0.0], [3.0, -25.0, 0.0], [7.0, -8.0, 0.0], [4.0, 0.0, 0.0], [1.0, 6.0, 0.0], [-5.0, 4.0, 0.0], [-2.0, -3.0, 0.0], [-1.0, -23.0, 0.0], [3.0, -13.0, 0.0], [18.0, -32.0, 0.0], [18.0, -17.0, 0.0], [14.0, -2.0, 0.0], [15.0, 9.0, 0.0], [14.0, 15.0, 0.0], [13.0, 6.0, 0.0], [43.0, -15.0, 0.0], [22.0, 4.0, 0.0], [5.0, 8.0, 0.0], [1.0, 10.0, 0.0], [-8.0, 49.0, 0.0], [15.0, 17.0, 0.0], [4.0, 12.0, 0.0], [-14.0, 23.0, 0.0], [-32.0, 29.0, 0.0], [8.0, 4.0, 0.0], [-45.0, 14.0, 1.0]], "gt_class_names": ["ambulance", "police car", "road", "tree", "tree", "flower", "flower", "tree"]}