{"img_id": "sceneid-122-userid-67", "img_w": 1100, "img_h": 770, "object_divisions": [0, 1, 2, 3, 9, 10, 13], "scene_strokes": [[586.421875, 455.703125, 0.0], [-25.0, -6.0, 0.0], [-63.0, 5.0, 0.0], [-44.0, 18.0, 0.0], [-31.0, 22.0, 0.0], [-16.0, 21.0, 0.0], [-5.0, 11.0, 0.0], [-1.0, 15.0, 0.0], [7.0, 17.0, 0.0], [13.0, 12.0, 0.0], [23.0, 14.0, 0.0], [29.0, 11.0, 0.0], [27.0, 6.0, 0.0], [38.0, 4.0, 0.0], [75.0, -2.0, 0.0], [55.0, -9.0, 0.0], [43.0, -16.0, 0.0], [18.0, -13.0, 0.0], [6.0, -15.0, 0.0], [-3.0, -14.0, 0.0], [-19.0, -26.0, 0.0], [-21.0, -17.0, 0.0], [-44.0, -25.0, 0.0], [-27.0, -9.0, 0.0], [-47.0, -10.0, 1.0], [-84.578125, 73.703125, 0.0], [-26.0, 9.0, 0.0], [-12.0, 11.0, 0.0], [0.0, 4.0, 0.0], [7.0, 3.0, 0.0], [23.0, -2.0, 0.0], [16.0, -5.0, 0.0], [-6.0, -11.0, 0.0], [2.0, -10.0, 1.0], [84.421875, 43.703125, 0.0], [26.0, 0.0, 0.0], [35.0, -11.0, 0.0], [3.0, -4.0, 0.0], [-9.0, -8.0, 0.0], [-16.0, -5.0, 0.0], [-15.0, 0.0, 0.0], [-30.0, 16.0, 0.0], [4.0, 5.0, 0.0], [10.0, 1.0, 1.0], [-32.578125, -91.296875, 0.0], [-2.0, 13.0, 0.0], [-13.0, 4.0, 0.0], [-7.0, 7.0, 1.0], [23.0, -13.0, 0.0], [4.0, 16.0, 1.0], [1.0, -17.0, 0.0], [24.0, 8.0, 1.0], [-55.0, 8.0, 0.0], [-8.0, 3.0, 0.0], [-5.0, 14.0, 0.0], [7.0, 2.0, 0.0], [9.0, -6.0, 0.0], [4.0, -8.0, 0.0], [-5.0, -1.0, 1.0], [20.0, 6.0, 0.0], [4.0, 5.0, 0.0], [6.0, -2.0, 0.0], [3.0, -3.0, 0.0], [-1.0, -4.0, 0.0], [-7.0, -1.0, 1.0], [33.0, -4.0, 0.0], [3.0, 3.0, 0.0], [3.0, -2.0, 0.0], [-4.0, -9.0, 0.0], [-6.0, -1.0, 0.0], [-4.0, 3.0, 0.0], [2.0, 1.0, 1.0], [91.421875, 81.703125, 0.0], [-6.0, -34.0, 0.0], [4.0, 5.0, 0.0], [5.0, -3.0, 0.0], [-3.0, -18.0, 0.0], [-8.0, -10.0, 0.0], [-8.0, -1.0, 0.0], [-4.0, 12.0, 0.0], [6.0, 11.0, 0.0], [6.0, 3.0, 0.0], [7.0, -1.0, 1.0], [30.421875, 26.703125, 0.0], [-4.0, -12.0, 0.0], [0.0, -31.0, 0.0], [-13.0, -6.0, 1.0], [13.0, 6.0, 0.0], [1.0, -10.0, 1.0], [3.0, 11.0, 0.0], [7.0, -6.0, 1.0]], "gt_class_names": ["plate", "cake", "cookie", "grapes", "spoon", "fork"]}