{"img_id": "sceneid-180-userid-93", "img_w": 1100, "img_h": 770, "object_divisions": [0, 6, 17, 25, 34], "scene_strokes": [[122.0, 274.703125, 0.0], [1.0, 115.0, 0.0], [12.0, 186.0, 0.0], [-3.0, 17.0, 1.0], [-6.0, -327.0, 0.0], [32.0, -61.0, 0.0], [27.0, -39.0, 0.0], [51.0, -3.0, 0.0], [63.0, -11.0, 0.0], [104.0, -11.0, 0.0], [293.0, -13.0, 0.0], [68.0, -1.0, 0.0], [53.0, 7.0, 0.0], [-1.0, 10.0, 0.0], [-24.0, 46.0, 0.0], [-5.0, 21.0, 0.0], [-12.0, 8.0, 0.0], [-18.0, 6.0, 1.0], [-42.0, 9.0, 0.0], [-79.0, 7.0, 0.0], [-223.0, 7.0, 0.0], [-178.0, 10.0, 0.0], [-66.0, 0.0, 0.0], [-19.0, 3.0, 1.0], [626.0, -42.0, 0.0], [7.0, 23.0, 0.0], [8.0, 48.0, 0.0], [19.0, 226.0, 1.0], [17.0, -370.0, 0.0], [11.0, 26.0, 0.0], [11.0, 59.0, 0.0], [9.0, 27.0, 1.0], [-669.0, -1.0, 0.0], [15.0, 102.0, 0.0], [0.0, 26.0, 1.0], [12.0, -185.296875, 0.0], [-3.0, -83.0, 0.0], [-6.0, -26.0, 0.0], [20.0, 0.0, 0.0], [91.0, -12.0, 0.0], [118.0, -10.0, 0.0], [18.0, 1.0, 0.0], [4.0, 2.0, 0.0], [1.0, 44.0, 0.0], [13.0, 53.0, 0.0], [-2.0, 11.0, 0.0], [-22.0, 9.0, 0.0], [-182.0, 14.0, 0.0], [-27.0, 0.0, 0.0], [-19.0, -4.0, 1.0], [-16.0, -116.0, 0.0], [13.0, -23.0, 0.0], [33.0, -8.0, 0.0], [45.0, -6.0, 0.0], [201.0, -7.0, 0.0], [-16.0, 19.0, 0.0], [-18.0, 11.0, 1.0], [29.0, -26.0, 0.0], [1.0, 51.0, 0.0], [4.0, 32.0, 0.0], [6.0, 25.0, 0.0], [10.0, 11.0, 0.0], [-32.0, 10.0, 1.0], [-72.0, -81.0, 0.0], [8.0, 49.0, 0.0], [0.0, 28.0, 0.0], [2.0, 5.0, 0.0], [3.0, -2.0, 1.0], [27.0, -18.0, 0.0], [-12.0, 1.0, 0.0], [-5.0, 18.0, 0.0], [7.0, 8.0, 0.0], [12.0, 1.0, 0.0], [7.0, -4.0, 0.0], [3.0, -6.0, 0.0], [-1.0, -12.0, 0.0], [-9.0, -6.0, 0.0], [-10.0, 1.0, 1.0], [-19.0, -66.0, 0.0], [4.0, 37.0, 0.0], [7.0, 13.0, 0.0], [9.0, -5.0, 0.0], [19.0, -4.0, 0.0], [-7.0, -43.0, 0.0], [-8.0, -5.0, 0.0], [-27.0, 2.0, 1.0], [16.0, -3.0, 0.0], [16.0, 57.0, 1.0], [-26.0, -36.0, 0.0], [23.0, -2.0, 1.0], [-20.0, 15.0, 0.0], [23.0, -7.0, 1.0], [-28.0, 19.0, 0.0], [26.0, -4.0, 1.0], [-207.0, -14.0, 0.0], [-4.0, 37.0, 0.0], [4.0, 24.0, 0.0], [9.0, 16.0, 0.0], [10.0, 1.0, 0.0], [112.0, -15.0, 0.0], [23.0, 0.0, 0.0], [2.0, -19.0, 0.0], [-15.0, -56.0, 0.0], [-59.0, 8.0, 0.0], [-38.0, -1.0, 0.0], [-20.0, 5.0, 0.0], [-22.0, -3.0, 1.0], [-16.0, 193.703125, 0.0], [-2.0, -7.0, 0.0], [-9.0, 118.0, 0.0], [-1.0, 133.0, 0.0], [92.0, -6.0, 0.0], [116.0, 7.0, 0.0], [4.0, -8.0, 0.0], [1.0, -53.0, 0.0], [-5.0, -72.0, 0.0], [-1.0, -111.0, 0.0], [-4.0, -14.0, 0.0], [-8.0, -6.0, 0.0], [-21.0, 0.0, 0.0], [-128.0, 12.0, 0.0], [-42.0, -1.0, 0.0], [23.0, -45.0, 1.0], [181.0, 33.0, 0.0], [25.0, -30.0, 1.0], [-180.0, 53.0, 0.0], [-6.0, 3.0, 0.0], [-4.0, 8.0, 0.0], [4.0, 20.0, 0.0], [8.0, 8.0, 0.0], [11.0, 1.0, 0.0], [8.0, -3.0, 0.0], [8.0, -8.0, 0.0], [2.0, -9.0, 0.0], [-7.0, -10.0, 0.0], [-5.0, -4.0, 0.0], [-17.0, -3.0, 1.0], [86.0, -14.0, 0.0], [-9.0, 1.0, 0.0], [-9.0, 12.0, 0.0], [-1.0, 15.0, 0.0], [5.0, 6.0, 0.0], [11.0, 3.0, 0.0], [15.0, -9.0, 0.0], [4.0, -15.0, 0.0], [-9.0, -7.0, 1.0], [-156.0, 57.0, 0.0], [61.0, 1.0, 0.0], [127.0, -9.0, 0.0], [33.0, 2.0, 0.0], [3.0, 1.0, 0.0], [-4.0, 1.0, 1.0], [-56.0, -54.0, 0.0], [12.0, -8.0, 1.0], [-8.0, 32.0, 0.0], [15.0, -2.0, 1.0], [-26.0, 4.0, 0.0], [17.0, 13.0, 1.0], [156.0, -107.296875, 0.0], [28.0, -79.0, 0.0], [8.0, -10.0, 0.0], [50.0, 3.0, 0.0], [120.0, -3.0, 0.0], [4.0, 3.0, 0.0], [1.0, 8.0, 0.0], [-2.0, 57.0, 0.0], [-12.0, 7.0, 0.0], [-39.0, 5.0, 0.0], [-74.0, 4.0, 0.0], [-38.0, 0.0, 0.0], [-30.0, -4.0, 0.0], [-13.0, 3.0, 1.0], [48.0, -46.0, 0.0], [-11.0, 1.0, 0.0], [-7.0, 12.0, 0.0], [4.0, 18.0, 0.0], [8.0, 2.0, 0.0], [7.0, -3.0, 0.0], [5.0, -7.0, 0.0], [2.0, -13.0, 0.0], [-3.0, -6.0, 0.0], [-5.0, -2.0, 1.0], [57.0, 5.0, 0.0], [-8.0, -1.0, 0.0], [-14.0, 10.0, 0.0], [-3.0, 8.0, 0.0], [1.0, 9.0, 0.0], [10.0, 7.0, 0.0], [14.0, -1.0, 0.0], [9.0, -13.0, 0.0], [-4.0, -11.0, 1.0], [-54.0, -52.0, 0.0], [-6.0, 17.0, 0.0], [4.0, 12.0, 0.0], [11.0, 0.0, 0.0], [3.0, -15.0, 0.0], [-6.0, -7.0, 0.0], [-5.0, -1.0, 1.0], [53.0, 0.0, 0.0], [-9.0, 1.0, 0.0], [-8.0, 9.0, 0.0], [1.0, 7.0, 0.0], [8.0, 2.0, 0.0], [6.0, -3.0, 0.0], [2.0, -8.0, 1.0], [79.0, -11.0, 0.0], [-6.0, 0.0, 0.0], [-8.0, 7.0, 0.0], [0.0, 4.0, 0.0], [7.0, 1.0, 0.0], [7.0, -6.0, 1.0], [-12.0, 16.0, 0.0], [-8.0, 9.0, 0.0], [9.0, 3.0, 0.0], [7.0, -4.0, 1.0], [-11.0, 16.0, 0.0], [-9.0, 0.0, 0.0], [-4.0, 8.0, 0.0], [2.0, 3.0, 0.0], [12.0, 3.0, 0.0], [8.0, -4.0, 1.0], [-17.0, 7.0, 0.0], [-5.0, -1.0, 0.0], [-3.0, 3.0, 0.0], [2.0, 5.0, 0.0], [15.0, 1.0, 1.0]], "gt_class_names": ["table", "microwave", "dishwasher", "stove"]}