{"img_id": "sceneid-105-userid-51", "img_w": 1100, "img_h": 770, "object_divisions": [0, 3, 6, 8, 10, 13, 16, 19, 20, 26], "scene_strokes": [[232.421875, 313.703125, 0.0], [0.0, -103.0, 1.0], [41.0, 94.0, 0.0], [0.0, -120.0, 1.0], [-48.0, 21.0, 0.0], [-4.0, 7.0, 0.0], [-13.0, 8.0, 0.0], [-14.0, -4.0, 0.0], [-10.0, -10.0, 0.0], [-3.0, -9.0, 0.0], [5.0, -11.0, 0.0], [3.0, 2.0, 0.0], [-2.0, 5.0, 0.0], [-3.0, 0.0, 0.0], [-5.0, -12.0, 0.0], [-3.0, -35.0, 0.0], [2.0, -8.0, 0.0], [10.0, -14.0, 0.0], [34.0, -34.0, 0.0], [22.0, -12.0, 0.0], [13.0, 8.0, 0.0], [6.0, 0.0, 0.0], [21.0, -6.0, 0.0], [29.0, -3.0, 0.0], [15.0, 8.0, 0.0], [4.0, 11.0, 0.0], [0.0, 37.0, 0.0], [8.0, 19.0, 0.0], [0.0, 10.0, 0.0], [-23.0, 17.0, 0.0], [-40.0, 16.0, 1.0], [134.421875, 149.703125, 0.0], [-6.0, -36.0, 0.0], [1.0, -11.0, 1.0], [25.0, 20.0, 0.0], [-2.0, -60.0, 1.0], [-47.0, 19.0, 0.0], [-17.0, -23.0, 0.0], [2.0, -11.0, 0.0], [4.0, -4.0, 0.0], [4.0, 1.0, 0.0], [-3.0, 6.0, 0.0], [-4.0, 0.0, 0.0], [-6.0, -6.0, 0.0], [-4.0, -21.0, 0.0], [2.0, -30.0, 0.0], [7.0, -19.0, 0.0], [9.0, -10.0, 0.0], [3.0, -24.0, 0.0], [5.0, -10.0, 0.0], [16.0, -22.0, 0.0], [8.0, -4.0, 0.0], [6.0, 2.0, 0.0], [12.0, 12.0, 0.0], [29.0, -5.0, 0.0], [23.0, 2.0, 0.0], [9.0, 8.0, 0.0], [1.0, 8.0, 0.0], [-11.0, 37.0, 0.0], [-1.0, 14.0, 0.0], [15.0, 38.0, 0.0], [-2.0, 20.0, 0.0], [-23.0, 18.0, 0.0], [-50.0, 20.0, 1.0], [167.421875, -73.296875, 0.0], [-4.0, -38.0, 1.0], [-3.0, -4.0, 0.0], [-14.0, 2.0, 0.0], [-10.0, -16.0, 0.0], [-1.0, -7.0, 0.0], [4.0, -12.0, 0.0], [8.0, 1.0, 0.0], [-6.0, -8.0, 0.0], [-3.0, -16.0, 0.0], [11.0, -19.0, 0.0], [27.0, -10.0, 0.0], [18.0, -2.0, 0.0], [2.0, 11.0, 0.0], [19.0, 15.0, 0.0], [2.0, 8.0, 0.0], [-3.0, 14.0, 0.0], [-12.0, 14.0, 0.0], [17.0, 17.0, 0.0], [2.0, 6.0, 0.0], [-2.0, 7.0, 0.0], [-32.0, 34.0, 0.0], [-2.0, 8.0, 0.0], [5.0, 16.0, 1.0], [119.421875, 33.703125, 0.0], [-1.0, -26.0, 1.0], [-10.0, -13.0, 0.0], [-16.0, -10.0, 0.0], [-5.0, -11.0, 0.0], [5.0, -11.0, 0.0], [6.0, -5.0, 0.0], [5.0, 1.0, 0.0], [-2.0, 2.0, 0.0], [-9.0, -3.0, 0.0], [-5.0, -10.0, 0.0], [-1.0, -9.0, 0.0], [8.0, -13.0, 0.0], [10.0, -7.0, 0.0], [15.0, -4.0, 0.0], [3.0, -9.0, 0.0], [11.0, -8.0, 0.0], [16.0, -3.0, 0.0], [8.0, 5.0, 0.0], [0.0, 7.0, 0.0], [20.0, 11.0, 0.0], [2.0, 11.0, 0.0], [-17.0, 24.0, 0.0], [11.0, 16.0, 0.0], [-3.0, 6.0, 0.0], [-27.0, 18.0, 0.0], [-6.0, 13.0, 0.0], [0.0, 25.0, 0.0], [4.0, 20.0, 1.0], [184.421875, 85.703125, 0.0], [-1.0, -96.0, 1.0], [29.0, 70.0, 0.0], [4.0, -33.0, 0.0], [-1.0, -33.0, 1.0], [-52.0, 16.0, 0.0], [-25.0, -11.0, 0.0], [-9.0, -18.0, 0.0], [3.0, -14.0, 0.0], [5.0, -3.0, 0.0], [-7.0, -3.0, 0.0], [-5.0, -9.0, 0.0], [-8.0, -25.0, 0.0], [9.0, -69.0, 0.0], [13.0, -15.0, 0.0], [12.0, -3.0, 0.0], [3.0, 2.0, 0.0], [33.0, -18.0, 0.0], [40.0, -4.0, 0.0], [10.0, 9.0, 0.0], [3.0, 11.0, 0.0], [27.0, 9.0, 0.0], [8.0, 9.0, 0.0], [5.0, 21.0, 0.0], [-2.0, 21.0, 0.0], [9.0, 23.0, 0.0], [4.0, 29.0, 0.0], [-4.0, 11.0, 0.0], [-6.0, 6.0, 0.0], [-62.0, 49.0, 1.0], [-813.578125, 120.703125, 0.0], [1.0, -25.0, 1.0], [-28.0, 45.0, 0.0], [0.0, -39.0, 1.0], [30.0, -26.0, 0.0], [7.0, -7.0, 0.0], [7.0, -15.0, 0.0], [-1.0, -8.0, 0.0], [-12.0, -3.0, 0.0], [8.0, -10.0, 0.0], [-3.0, -7.0, 0.0], [-11.0, -4.0, 0.0], [-14.0, 0.0, 0.0], [-39.0, 14.0, 0.0], [-12.0, 22.0, 0.0], [-2.0, 30.0, 0.0], [3.0, 7.0, 0.0], [12.0, 9.0, 0.0], [27.0, 0.0, 1.0], [224.421875, 231.703125, 0.0], [18.0, -51.0, 0.0], [18.0, -27.0, 0.0], [22.0, -25.0, 0.0], [27.0, -16.0, 0.0], [22.0, -6.0, 0.0], [19.0, 0.0, 0.0], [12.0, -5.0, 0.0], [8.0, -8.0, 0.0], [11.0, -24.0, 0.0], [20.0, -10.0, 0.0], [20.0, -2.0, 0.0], [14.0, 6.0, 0.0], [33.0, 32.0, 0.0], [90.0, 116.0, 0.0], [12.0, 17.0, 0.0], [15.0, 32.0, 0.0], [-4.0, 3.0, 0.0], [-18.0, -2.0, 0.0], [-22.0, 30.0, 0.0], [-12.0, -3.0, 0.0], [-3.0, -14.0, 0.0], [7.0, -24.0, 0.0], [-1.0, -16.0, 0.0], [-25.0, -37.0, 0.0], [-27.0, -30.0, 0.0], [-22.0, -35.0, 0.0], [-25.0, -28.0, 0.0], [-9.0, -4.0, 0.0], [-6.0, 2.0, 0.0], [-6.0, 8.0, 0.0], [-9.0, 23.0, 0.0], [-17.0, 122.0, 0.0], [-1.0, 40.0, 0.0], [-4.0, 21.0, 0.0], [-9.0, 12.0, 0.0], [-7.0, -4.0, 0.0], [-3.0, -13.0, 0.0], [4.0, -55.0, 0.0], [-3.0, -62.0, 0.0], [-4.0, -7.0, 0.0], [-7.0, 16.0, 0.0], [-5.0, 73.0, 0.0], [-4.0, 18.0, 0.0], [-7.0, 9.0, 0.0], [2.0, -66.0, 0.0], [-9.0, -50.0, 0.0], [-16.0, 52.0, 0.0], [-39.0, 59.0, 0.0], [-31.0, 38.0, 0.0], [-9.0, 2.0, 0.0], [-3.0, -15.0, 0.0], [17.0, -68.0, 0.0], [0.0, -17.0, 0.0], [-3.0, -4.0, 0.0], [-7.0, 21.0, 0.0], [-18.0, 22.0, 0.0], [-14.0, 33.0, 0.0], [2.0, -33.0, 0.0], [12.0, -50.0, 0.0], [-2.0, -7.0, 0.0], [-9.0, 0.0, 0.0], [-10.0, 8.0, 0.0], [-54.0, 76.0, 0.0], [-20.0, 21.0, 0.0], [-15.0, 9.0, 0.0], [5.0, -20.0, 0.0], [33.0, -50.0, 0.0], [19.0, -20.0, 0.0], [36.0, -21.0, 0.0], [20.0, 0.0, 0.0], [3.0, 3.0, 1.0], [340.0, 22.0, 0.0], [-1.0, 0.0, 1.0], [-39.0, 28.0, 0.0], [13.0, -19.0, 0.0], [-9.0, 35.0, 1.0], [-40.578125, -40.296875, 0.0], [-6.0, 82.0, 0.0], [2.0, 11.0, 0.0], [9.0, 9.0, 0.0], [23.0, 7.0, 0.0], [45.0, 1.0, 0.0], [43.0, -11.0, 0.0], [22.0, -11.0, 0.0], [-2.0, -116.0, 1.0], [-121.578125, 90.703125, 0.0], [-3.0, -2.0, 0.0], [-7.0, 7.0, 0.0], [-2.0, 8.0, 0.0], [6.0, 7.0, 0.0], [5.0, 0.0, 0.0], [6.0, -6.0, 0.0], [-1.0, -13.0, 0.0], [-5.0, -5.0, 0.0], [-4.0, 3.0, 1.0], [-1.0, -4.0, 0.0], [2.0, -13.0, 0.0], [10.0, -4.0, 1.0], [20.0, 32.0, 0.0], [1.0, -9.0, 0.0], [12.0, -3.0, 0.0], [3.0, -6.0, 0.0], [13.0, -2.0, 0.0], [10.0, 3.0, 0.0], [-3.0, 17.0, 0.0], [-7.0, 12.0, 0.0], [-24.0, -4.0, 0.0], [-5.0, -4.0, 0.0], [-5.0, -12.0, 1.0], [13.0, -14.0, 0.0], [-13.0, -5.0, 0.0], [-8.0, 0.0, 0.0], [-3.0, 4.0, 1.0], [84.0, -6.0, 0.0], [-7.0, -3.0, 0.0], [-4.0, 7.0, 0.0], [-1.0, 22.0, 0.0], [4.0, 11.0, 0.0], [6.0, 4.0, 0.0], [6.0, -10.0, 0.0], [-2.0, -22.0, 0.0], [-7.0, -15.0, 1.0], [-3.0, 1.0, 0.0], [10.0, -22.0, 0.0], [11.0, -8.0, 1.0]], "gt_class_names": ["tree", "tree", "tree", "tree", "tree", "tree", "giraffe", "basket", "house plant"]}