{"img_id": "sceneid-142-userid-88", "img_w": 1100, "img_h": 770, "object_divisions": [0, 1, 3, 14, 16, 18, 27, 34], "scene_strokes": [[139.421875, 64.703125, 0.0], [201.0, 5.0, 0.0], [113.0, -3.0, 0.0], [252.0, -23.0, 0.0], [133.0, 5.0, 1.0], [-359.578125, 10.703125, 0.0], [0.0, 97.0, 1.0], [-6.0, -1.0, 0.0], [-5.0, 2.0, 0.0], [-5.0, 8.0, 0.0], [-5.0, 22.0, 0.0], [7.0, 28.0, 0.0], [10.0, 13.0, 0.0], [6.0, 1.0, 0.0], [5.0, -8.0, 0.0], [9.0, -29.0, 0.0], [1.0, -19.0, 0.0], [-3.0, -13.0, 0.0], [-5.0, -6.0, 0.0], [-11.0, -5.0, 0.0], [-10.0, 0.0, 1.0], [-248.578125, 178.703125, 0.0], [-19.0, 81.0, 0.0], [-28.0, 81.0, 0.0], [6.0, 4.0, 0.0], [343.0, 0.0, 0.0], [114.0, -5.0, 0.0], [93.0, 0.0, 0.0], [5.0, -4.0, 0.0], [13.0, -98.0, 0.0], [24.0, -92.0, 0.0], [1.0, -27.0, 0.0], [-9.0, -4.0, 0.0], [-28.0, -2.0, 0.0], [-111.0, 15.0, 0.0], [-308.0, 17.0, 0.0], [-112.0, 16.0, 0.0], [1.0, -4.0, 1.0], [3.0, 11.0, 0.0], [-7.0, 7.0, 0.0], [-32.0, 15.0, 1.0], [31.0, 28.0, 0.0], [-19.0, 23.0, 1.0], [18.0, 10.0, 0.0], [-30.0, 28.0, 1.0], [14.0, 22.0, 0.0], [-30.0, 22.0, 1.0], [10.0, 8.0, 0.0], [-18.0, 26.0, 1.0], [618.0, -226.0, 0.0], [34.0, -9.0, 1.0], [-41.0, 68.0, 0.0], [34.0, -15.0, 1.0], [-45.0, 48.0, 0.0], [41.0, -18.0, 1.0], [-56.0, 76.0, 0.0], [38.0, -15.0, 1.0], [-40.0, 58.0, 0.0], [29.0, -3.0, 0.0], [16.0, -5.0, 1.0], [-467.578125, -142.296875, 0.0], [31.0, -2.0, 0.0], [8.0, 9.0, 0.0], [-4.0, 20.0, 0.0], [-12.0, 2.0, 0.0], [-27.0, -4.0, 0.0], [-3.0, -11.0, 0.0], [3.0, -13.0, 0.0], [4.0, -3.0, 1.0], [2.0, 27.0, 0.0], [-3.0, 48.0, 0.0], [7.0, -1.0, 0.0], [3.0, -15.0, 0.0], [0.0, -31.0, 0.0], [3.0, -5.0, 1.0], [53.421875, 4.703125, 0.0], [-2.0, -5.0, 0.0], [2.0, 22.0, 0.0], [-3.0, 19.0, 0.0], [5.0, 5.0, 0.0], [10.0, -3.0, 0.0], [1.0, -24.0, 0.0], [-5.0, -18.0, 0.0], [-15.0, -8.0, 0.0], [3.0, -1.0, 1.0], [-3.0, -4.0, 0.0], [0.0, -13.0, 0.0], [3.0, -9.0, 0.0], [5.0, -2.0, 0.0], [1.0, 12.0, 0.0], [-5.0, 28.0, 1.0], [-104.578125, 52.703125, 0.0], [-7.0, 48.0, 1.0], [1.0, -51.0, 0.0], [35.0, 11.0, 0.0], [0.0, 5.0, 0.0], [-4.0, 39.0, 0.0], [-4.0, 3.0, 0.0], [-32.0, 1.0, 1.0], [-3.0, -4.0, 0.0], [-19.0, -28.0, 0.0], [-4.0, -12.0, 0.0], [1.0, -8.0, 1.0], [24.0, -11.0, 0.0], [-18.0, -15.0, 0.0], [3.0, -4.0, 1.0], [-3.0, 2.0, 0.0], [-15.0, 40.0, 1.0], [13.0, -16.0, 0.0], [1.0, 6.0, 0.0], [6.0, 4.0, 1.0], [5.0, -12.0, 0.0], [7.0, 6.0, 1.0], [12.0, 30.0, 0.0], [7.0, 3.0, 0.0], [3.0, -3.0, 1.0], [-5.0, -15.0, 0.0], [7.0, 1.0, 1.0], [128.421875, -214.296875, 0.0], [-5.0, 0.0, 0.0], [-3.0, 16.0, 0.0], [2.0, 11.0, 0.0], [5.0, 6.0, 0.0], [10.0, 2.0, 0.0], [10.0, -3.0, 0.0], [10.0, -9.0, 0.0], [4.0, -10.0, 0.0], [-3.0, -27.0, 0.0], [-11.0, -6.0, 0.0], [-13.0, 1.0, 1.0], [1.0, 48.0, 0.0], [-1.0, 68.0, 0.0], [4.0, 17.0, 1.0], [-11.0, -3.0, 0.0], [-15.0, 22.0, 1.0], [21.0, -25.0, 0.0], [29.0, 46.0, 1.0], [-33.0, -50.0, 0.0], [1.0, 56.0, 1.0], [-7.0, -3.0, 0.0], [-7.0, 26.0, 0.0], [-22.0, 40.0, 1.0], [24.0, -64.0, 0.0], [28.0, 60.0, 1.0]], "gt_class_names": ["ceiling", "light bulb", "carpet", "hammer", "screwdriver", "backpack", "yoga"]}