{"img_id": "sceneid-7-userid-2", "img_w": 1100, "img_h": 770, "object_divisions": [0, 5, 6, 17, 34], "scene_strokes": [[249.0, 570.703125, 0.0], [1.0, -105.0, 0.0], [9.0, -153.0, 0.0], [4.0, -2.0, 1.0], [-62.0, 266.0, 0.0], [4.0, -27.0, 0.0], [4.0, -84.0, 0.0], [-1.0, -84.0, 0.0], [7.0, -92.0, 1.0], [50.0, 25.0, 0.0], [21.0, 8.0, 0.0], [45.0, 28.0, 0.0], [39.0, 38.0, 0.0], [-1.0, -24.0, 0.0], [-19.0, -38.0, 0.0], [-26.0, -30.0, 0.0], [-24.0, -22.0, 0.0], [18.0, 1.0, 0.0], [27.0, 10.0, 0.0], [70.0, 39.0, 0.0], [7.0, 0.0, 0.0], [4.0, -6.0, 0.0], [-2.0, -15.0, 0.0], [-16.0, -26.0, 0.0], [-21.0, -21.0, 0.0], [-49.0, -33.0, 0.0], [-39.0, -15.0, 0.0], [42.0, 7.0, 0.0], [74.0, 25.0, 0.0], [11.0, 1.0, 0.0], [4.0, -6.0, 0.0], [-12.0, -22.0, 0.0], [-23.0, -22.0, 0.0], [-47.0, -29.0, 0.0], [-19.0, -9.0, 0.0], [-42.0, -12.0, 0.0], [-26.0, -4.0, 0.0], [-28.0, 2.0, 1.0], [-28.0, 146.0, 0.0], [-9.0, 7.0, 0.0], [-54.0, 85.0, 0.0], [-19.0, 17.0, 0.0], [-9.0, -10.0, 0.0], [-4.0, -21.0, 0.0], [1.0, -18.0, 0.0], [8.0, -28.0, 0.0], [21.0, -35.0, 0.0], [29.0, -24.0, 0.0], [-87.0, 25.0, 0.0], [-34.0, 13.0, 0.0], [-6.0, -8.0, 0.0], [12.0, -27.0, 0.0], [31.0, -27.0, 0.0], [30.0, -17.0, 0.0], [42.0, -12.0, 0.0], [-43.0, 3.0, 0.0], [-24.0, -4.0, 0.0], [-13.0, -7.0, 0.0], [-4.0, -8.0, 0.0], [1.0, -13.0, 0.0], [9.0, -15.0, 0.0], [10.0, -9.0, 0.0], [28.0, -12.0, 0.0], [33.0, -6.0, 0.0], [42.0, 0.0, 0.0], [28.0, 8.0, 1.0], [16.0, 435.0, 0.0], [-18.0, 2.0, 0.0], [-23.0, -3.0, 1.0], [193.0, -257.296875, 0.0], [4.0, 40.0, 0.0], [1.0, 64.0, 0.0], [5.0, 43.0, 1.0], [-13.0, 17.703125, 0.0], [-2.0, -3.0, 0.0], [4.0, -4.0, 0.0], [18.0, -4.0, 0.0], [12.0, 16.0, 1.0], [-3.0, 0.0, 0.0], [-26.0, -3.0, 1.0], [9.0, -18.0, 0.0], [4.0, 14.0, 1.0], [12.0, 8.0, 0.0], [7.0, 36.0, 0.0], [-12.0, 2.0, 0.0], [-29.0, -4.0, 0.0], [0.0, -12.0, 0.0], [7.0, -27.0, 1.0], [22.0, 21.0, 0.0], [-24.0, -4.0, 1.0], [24.0, 12.0, 0.0], [-26.0, -3.0, 1.0], [23.0, 9.0, 0.0], [-30.0, -4.0, 1.0], [19.0, -24.0, 0.0], [0.0, 29.0, 1.0], [7.0, -23.0, 0.0], [-1.0, 29.0, 1.0], [8.0, -27.0, 0.0], [-3.0, 21.0, 0.0], [2.0, 7.0, 1.0], [7.0, -39.0, 0.0], [-34.0, -2.0, 0.0], [6.0, -8.0, 0.0], [11.0, -2.0, 0.0], [19.0, 6.0, 0.0], [1.0, 6.0, 0.0], [-25.0, 2.0, 0.0], [-17.0, -3.0, 0.0], [56.0, 4.0, 0.0], [-3.0, -6.0, 0.0], [-32.0, -8.0, 0.0], [-17.0, 1.0, 0.0], [-8.0, 5.0, 1.0], [109.0, 179.703125, 0.0], [-2.0, -63.0, 1.0], [22.0, 62.0, 0.0], [6.0, -27.0, 0.0], [-3.0, -26.0, 1.0], [54.0, 67.0, 0.0], [5.0, -28.0, 0.0], [0.0, -34.0, 1.0], [23.0, 59.0, 0.0], [5.0, -31.0, 0.0], [-1.0, -23.0, 1.0], [-45.0, 34.0, 0.0], [2.0, -23.0, 1.0], [3.0, 18.0, 0.0], [4.0, -17.0, 1.0], [-33.0, 10.0, 0.0], [2.0, -18.0, 1.0], [4.0, 15.0, 0.0], [7.0, -13.0, 1.0], [69.0, 1.0, 0.0], [-28.0, -3.0, 0.0], [-88.0, -22.0, 0.0], [-66.0, -10.0, 1.0], [101.0, 29.0, 0.0], [0.0, -8.0, 1.0], [12.0, 11.0, 0.0], [4.0, -12.0, 1.0], [7.0, 19.0, 0.0], [4.0, -13.0, 1.0], [4.0, 12.0, 0.0], [5.0, -8.0, 1.0], [-138.0, -28.0, 0.0], [-2.0, -14.0, 0.0], [8.0, -6.0, 0.0], [11.0, -2.0, 0.0], [8.0, -8.0, 0.0], [13.0, -27.0, 0.0], [7.0, -49.0, 0.0], [0.0, -31.0, 0.0], [-5.0, -40.0, 0.0], [5.0, -6.0, 0.0], [10.0, 0.0, 0.0], [10.0, 7.0, 0.0], [2.0, 8.0, 0.0], [-1.0, 90.0, 0.0], [-8.0, 27.0, 0.0], [0.0, 17.0, 0.0], [8.0, 12.0, 0.0], [17.0, 11.0, 0.0], [100.0, 13.0, 0.0], [45.0, 16.0, 0.0], [19.0, 15.0, 0.0], [-1.0, 7.0, 0.0], [-26.0, 3.0, 0.0], [-34.0, -7.0, 1.0], [-125.0, -194.0, 0.0], [-8.0, -1.0, 1.0], [-11.0, -22.0, 0.0], [-7.0, -5.0, 0.0], [-1.0, -5.0, 1.0], [19.0, 8.0, 0.0], [1.0, -8.0, 1.0]], "gt_class_names": ["palm tree", "rope", "basket", "giraffe"]}