{"img_id": "sceneid-54-userid-21", "img_w": 1100, "img_h": 770, "object_divisions": [0, 2, 4, 6, 8, 9, 10, 15, 20, 24, 27, 34, 49], "scene_strokes": [[218.421875, 244.703125, 0.0], [41.0, -24.0, 0.0], [42.0, -16.0, 0.0], [80.0, -19.0, 0.0], [107.0, -14.0, 0.0], [69.0, -3.0, 0.0], [91.0, 3.0, 0.0], [36.0, 4.0, 0.0], [87.0, 18.0, 0.0], [76.0, 27.0, 0.0], [26.0, 13.0, 0.0], [24.0, 14.0, 0.0], [31.0, 24.0, 0.0], [17.0, 18.0, 0.0], [24.0, 35.0, 0.0], [9.0, 26.0, 0.0], [2.0, 16.0, 0.0], [-4.0, 24.0, 0.0], [-16.0, 29.0, 0.0], [-37.0, 30.0, 0.0], [-55.0, 25.0, 0.0], [-56.0, 13.0, 0.0], [-80.0, 12.0, 0.0], [-67.0, 5.0, 0.0], [-121.0, -1.0, 0.0], [-83.0, -9.0, 0.0], [-78.0, -14.0, 0.0], [-57.0, -16.0, 0.0], [-63.0, -25.0, 0.0], [-51.0, -31.0, 0.0], [-36.0, -35.0, 0.0], [-15.0, -29.0, 0.0], [-3.0, -15.0, 0.0], [4.0, -22.0, 0.0], [18.0, -30.0, 0.0], [35.0, -30.0, 1.0], [424.0, -26.0, 0.0], [-29.0, -4.0, 0.0], [-73.0, 2.0, 0.0], [-49.0, 7.0, 0.0], [-66.0, 16.0, 0.0], [-40.0, 19.0, 0.0], [-25.0, 17.0, 0.0], [-19.0, 24.0, 0.0], [-4.0, 17.0, 0.0], [8.0, 19.0, 0.0], [25.0, 18.0, 0.0], [102.0, 32.0, 0.0], [71.0, 14.0, 0.0], [128.0, 2.0, 0.0], [79.0, -11.0, 0.0], [29.0, -9.0, 0.0], [35.0, -19.0, 0.0], [12.0, -12.0, 0.0], [5.0, -15.0, 0.0], [-4.0, -25.0, 0.0], [-6.0, -11.0, 0.0], [-13.0, -14.0, 0.0], [-28.0, -18.0, 0.0], [-71.0, -26.0, 0.0], [-61.0, -11.0, 0.0], [-67.0, -4.0, 0.0], [-54.0, 1.0, 1.0], [-121.578125, 93.703125, 0.0], [6.0, -42.0, 0.0], [8.0, -19.0, 0.0], [6.0, -10.0, 0.0], [5.0, -1.0, 0.0], [4.0, 15.0, 0.0], [-21.0, 72.0, 0.0], [-4.0, -9.0, 0.0], [-1.0, -33.0, 1.0], [25.0, -62.0, 0.0], [-4.0, 15.0, 0.0], [7.0, -29.0, 0.0], [2.0, -1.0, 0.0], [1.0, 5.0, 0.0], [-3.0, 18.0, 0.0], [5.0, -13.0, 0.0], [3.0, -2.0, 0.0], [2.0, 3.0, 0.0], [0.0, 6.0, 0.0], [-10.0, 12.0, 0.0], [8.0, 1.0, 0.0], [-2.0, 6.0, 0.0], [-7.0, 0.0, 0.0], [-4.0, -9.0, 0.0], [0.0, -18.0, 0.0], [3.0, -6.0, 0.0], [-1.0, 7.0, 0.0], [-3.0, -4.0, 0.0], [-6.0, 9.0, 0.0], [-3.0, 12.0, 0.0], [3.0, -14.0, 0.0], [2.0, 16.0, 0.0], [8.0, -29.0, 0.0], [2.0, 30.0, 1.0], [-3.578125, 70.703125, 0.0], [12.0, -39.0, 0.0], [17.0, -24.0, 0.0], [9.0, 5.0, 0.0], [1.0, 20.0, 0.0], [-12.0, 30.0, 0.0], [-19.0, 23.0, 0.0], [-4.0, -1.0, 0.0], [-4.0, -18.0, 0.0], [6.0, -27.0, 1.0], [24.0, -35.0, 0.0], [2.0, -4.0, 0.0], [-1.0, 8.0, 0.0], [8.0, -25.0, 0.0], [-1.0, 25.0, 0.0], [13.0, -26.0, 0.0], [-9.0, 22.0, 0.0], [10.0, -13.0, 0.0], [4.0, -1.0, 0.0], [2.0, 6.0, 0.0], [-5.0, 10.0, 0.0], [-8.0, 7.0, 0.0], [-4.0, 0.0, 1.0], [-11.578125, 73.703125, 0.0], [14.0, -41.0, 0.0], [22.0, -34.0, 0.0], [9.0, -5.0, 0.0], [2.0, 7.0, 0.0], [-1.0, 24.0, 0.0], [-7.0, 19.0, 0.0], [-14.0, 21.0, 0.0], [-14.0, 8.0, 0.0], [-4.0, -8.0, 0.0], [7.0, -25.0, 1.0], [25.0, -52.0, 0.0], [-3.0, 15.0, 0.0], [8.0, -23.0, 0.0], [-2.0, 16.0, 0.0], [12.0, -22.0, 0.0], [-7.0, 24.0, 0.0], [14.0, -24.0, 0.0], [-5.0, 23.0, 0.0], [10.0, -3.0, 0.0], [-20.0, 9.0, 1.0], [228.421875, 34.703125, 0.0], [-24.0, 3.0, 0.0], [-4.0, -10.0, 0.0], [8.0, -11.0, 0.0], [25.0, -8.0, 0.0], [18.0, -1.0, 0.0], [11.0, 3.0, 0.0], [8.0, 6.0, 0.0], [4.0, 9.0, 0.0], [-2.0, 12.0, 0.0], [-27.0, -3.0, 0.0], [1.0, 39.0, 0.0], [-2.0, 4.0, 0.0], [-8.0, 0.0, 0.0], [-18.0, -7.0, 0.0], [-3.0, -6.0, 0.0], [7.0, -32.0, 1.0], [-23.578125, -25.296875, 0.0], [17.0, -7.0, 0.0], [16.0, 0.0, 0.0], [10.0, 6.0, 0.0], [7.0, 10.0, 0.0], [1.0, 14.0, 0.0], [-5.0, 15.0, 0.0], [-10.0, 11.0, 0.0], [-13.0, 5.0, 0.0], [-1.0, 25.0, 0.0], [-7.0, 3.0, 0.0], [-9.0, -8.0, 0.0], [0.0, -19.0, 0.0], [8.0, -25.0, 0.0], [-6.0, -6.0, 0.0], [-14.0, -2.0, 0.0], [-5.0, -10.0, 0.0], [4.0, -12.0, 0.0], [10.0, -4.0, 1.0], [70.421875, 58.703125, 0.0], [1.0, -3.0, 0.0], [14.0, -5.0, 0.0], [10.0, 0.0, 0.0], [12.0, 7.0, 0.0], [8.0, 14.0, 0.0], [1.0, 12.0, 0.0], [-4.0, 10.0, 0.0], [-8.0, 1.0, 0.0], [-18.0, -7.0, 0.0], [-16.0, -13.0, 0.0], [-6.0, -10.0, 0.0], [1.0, -8.0, 0.0], [3.0, -1.0, 1.0], [25.0, -2.0, 0.0], [-13.0, 4.0, 0.0], [-8.0, 7.0, 1.0], [28.0, 2.0, 0.0], [-12.0, 16.0, 1.0], [-16.0, -7.0, 0.0], [1.0, 0.0, 1.0], [1.0, 0.0, 0.0], [-14.0, 6.0, 0.0], [-11.0, 12.0, 0.0], [0.0, 5.0, 0.0], [11.0, 10.0, 0.0], [9.0, -1.0, 0.0], [13.0, -13.0, 0.0], [-1.0, -8.0, 0.0], [-7.0, -4.0, 1.0], [-164.578125, -94.296875, 0.0], [-11.0, -4.0, 0.0], [-17.0, 0.0, 0.0], [-30.0, 14.0, 0.0], [-10.0, 15.0, 0.0], [1.0, 17.0, 0.0], [6.0, 18.0, 0.0], [24.0, -12.0, 0.0], [45.0, -15.0, 0.0], [17.0, -14.0, 0.0], [-2.0, -12.0, 0.0], [-6.0, -7.0, 0.0], [-20.0, -6.0, 0.0], [-11.0, 0.0, 1.0], [-40.0, 59.0, 0.0], [-1.0, -12.0, 0.0], [4.0, -15.0, 0.0], [28.0, -22.0, 1.0], [-6.0, 1.0, 0.0], [19.0, -5.0, 0.0], [18.0, 3.0, 0.0], [14.0, 12.0, 0.0], [3.0, 12.0, 1.0], [-9.0, -6.0, 0.0], [-15.0, -8.0, 0.0], [-17.0, 2.0, 0.0], [-19.0, 9.0, 0.0], [-15.0, 25.0, 1.0], [18.0, -12.0, 0.0], [27.0, -13.0, 0.0], [16.0, 2.0, 0.0], [4.0, 9.0, 1.0], [12.421875, -10.296875, 0.0], [-9.0, -10.0, 0.0], [-20.0, -7.0, 0.0], [-14.0, 0.0, 0.0], [-20.0, 7.0, 0.0], [-16.0, 13.0, 0.0], [-8.0, 24.0, 0.0], [1.0, 15.0, 0.0], [10.0, 4.0, 0.0], [13.0, 0.0, 0.0], [27.0, -8.0, 0.0], [51.0, -23.0, 0.0], [1.0, -3.0, 0.0], [-10.0, -9.0, 0.0], [-22.0, -5.0, 1.0], [-59.0, 40.0, 0.0], [9.0, -19.0, 0.0], [14.0, -15.0, 0.0], [12.0, -6.0, 0.0], [14.0, -2.0, 1.0], [-30.0, 35.0, 0.0], [18.0, -17.0, 0.0], [18.0, -9.0, 0.0], [20.0, -3.0, 0.0], [10.0, 3.0, 0.0], [1.0, 3.0, 1.0], [-54.0, 27.0, 0.0], [20.0, -15.0, 0.0], [20.0, -7.0, 0.0], [13.0, 0.0, 0.0], [6.0, 4.0, 1.0], [-6.578125, 22.703125, 0.0], [1.0, -2.0, 0.0], [-4.0, -1.0, 0.0], [-10.0, 1.0, 0.0], [-18.0, 14.0, 0.0], [-6.0, 23.0, 0.0], [3.0, 10.0, 0.0], [5.0, 4.0, 0.0], [12.0, 5.0, 0.0], [14.0, 0.0, 0.0], [8.0, -4.0, 0.0], [20.0, -16.0, 0.0], [7.0, -18.0, 0.0], [-4.0, -15.0, 0.0], [-15.0, -8.0, 0.0], [7.0, -37.0, 0.0], [-1.0, -7.0, 0.0], [-4.0, -1.0, 0.0], [-6.0, 15.0, 0.0], [0.0, -19.0, 0.0], [-3.0, 9.0, 0.0], [-2.0, -8.0, 0.0], [-7.0, 52.0, 0.0], [-9.0, 1.0, 1.0], [8.0, 5.0, 0.0], [-17.0, 29.0, 1.0], [22.0, -17.0, 0.0], [-6.0, 10.0, 0.0], [-3.0, 15.0, 0.0], [4.0, 10.0, 1.0], [-187.578125, -9.296875, 0.0], [-2.0, -5.0, 0.0], [3.0, -3.0, 0.0], [12.0, -1.0, 0.0], [20.0, 7.0, 0.0], [41.0, 7.0, 0.0], [66.0, -4.0, 0.0], [5.0, 6.0, 0.0], [-2.0, 12.0, 0.0], [-19.0, 6.0, 0.0], [-58.0, -1.0, 0.0], [-31.0, -4.0, 0.0], [-21.0, -8.0, 0.0], [-12.0, -13.0, 0.0], [3.0, -6.0, 1.0], [16.0, 8.0, 0.0], [8.0, 0.0, 0.0], [1.0, 5.0, 0.0], [-4.0, 5.0, 0.0], [-5.0, 0.0, 0.0], [-3.0, -4.0, 0.0], [9.0, -7.0, 1.0], [9.0, 14.0, 0.0], [0.0, -4.0, 0.0], [5.0, -4.0, 0.0], [4.0, -1.0, 0.0], [3.0, 4.0, 0.0], [-6.0, 6.0, 0.0], [-2.0, -1.0, 0.0], [5.0, -6.0, 0.0], [10.0, -2.0, 1.0], [3.0, 14.0, 0.0], [-2.0, -3.0, 0.0], [5.0, -6.0, 0.0], [8.0, -2.0, 0.0], [3.0, 3.0, 0.0], [-3.0, 9.0, 0.0], [-5.0, 2.0, 0.0], [-5.0, -3.0, 0.0], [3.0, -8.0, 0.0], [4.0, -2.0, 1.0], [15.0, 11.0, 0.0], [-4.0, -3.0, 0.0], [1.0, -5.0, 0.0], [6.0, -5.0, 0.0], [7.0, 3.0, 0.0], [0.0, 6.0, 0.0], [-3.0, 4.0, 0.0], [-8.0, -2.0, 0.0], [6.0, -9.0, 1.0], [19.0, 8.0, 0.0], [-1.0, -7.0, 0.0], [5.0, -3.0, 0.0], [7.0, 6.0, 0.0], [-1.0, 4.0, 0.0], [-11.0, 3.0, 0.0], [-1.0, -5.0, 0.0], [7.0, -5.0, 1.0], [22.0, 7.0, 0.0], [-9.0, -1.0, 0.0], [5.0, -5.0, 0.0], [9.0, -3.0, 0.0], [2.0, 5.0, 0.0], [-10.0, 6.0, 1.0], [-85.578125, -34.296875, 0.0], [7.0, -3.0, 0.0], [3.0, 5.0, 0.0], [-3.0, 8.0, 0.0], [-9.0, -3.0, 0.0], [0.0, -5.0, 0.0], [6.0, -4.0, 1.0], [13.0, 12.0, 0.0], [-1.0, -6.0, 0.0], [7.0, -2.0, 0.0], [4.0, 10.0, 0.0], [-5.0, 3.0, 0.0], [-7.0, -1.0, 0.0], [-1.0, -4.0, 0.0], [6.0, -5.0, 1.0], [17.0, 11.0, 0.0], [-4.0, -6.0, 0.0], [6.0, -6.0, 0.0], [5.0, 1.0, 0.0], [2.0, 8.0, 0.0], [-5.0, 4.0, 0.0], [-6.0, 0.0, 0.0], [-2.0, -4.0, 0.0], [5.0, -8.0, 1.0], [17.0, 10.0, 0.0], [-1.0, -4.0, 0.0], [5.0, -5.0, 0.0], [8.0, 7.0, 0.0], [-6.0, 4.0, 0.0], [-10.0, -2.0, 0.0], [5.0, -8.0, 1.0], [22.0, 7.0, 0.0], [-5.0, -4.0, 0.0], [6.0, -6.0, 0.0], [7.0, 1.0, 0.0], [1.0, 9.0, 0.0], [-14.0, 4.0, 1.0], [-80.0, -15.0, 0.0], [3.0, -3.0, 0.0], [7.0, 0.0, 0.0], [-1.0, 5.0, 0.0], [-9.0, 3.0, 0.0], [-5.0, -2.0, 0.0], [-3.0, -9.0, 0.0], [6.0, -5.0, 0.0], 