{"img_id": "sceneid-14-userid-82", "img_w": 1100, "img_h": 770, "object_divisions": [0, 6, 7, 8, 9, 13, 18], "scene_strokes": [[806.0, 499.703125, 0.0], [9.0, -105.0, 0.0], [0.0, -95.0, 0.0], [-7.0, -127.0, 0.0], [-31.0, -1.0, 0.0], [-92.0, 8.0, 0.0], [-211.0, 23.0, 0.0], [-79.0, 3.0, 0.0], [-100.0, -2.0, 0.0], [3.0, -51.0, 0.0], [22.0, -9.0, 0.0], [105.0, -16.0, 0.0], [196.0, -16.0, 0.0], [256.0, -4.0, 0.0], [48.0, 5.0, 0.0], [4.0, 6.0, 0.0], [2.0, 36.0, 0.0], [-5.0, 154.0, 0.0], [-7.0, 79.0, 0.0], [-1.0, 86.0, 0.0], [-3.0, 16.0, 0.0], [-12.0, 13.0, 0.0], [-14.0, 5.0, 0.0], [-48.0, 3.0, 0.0], [-41.0, -2.0, 1.0], [-280.0, -370.0, 0.0], [-8.0, -5.0, 0.0], [-21.0, 10.0, 0.0], [-21.0, 20.0, 0.0], [-4.0, 13.0, 0.0], [8.0, 12.0, 0.0], [14.0, 7.0, 0.0], [15.0, 0.0, 0.0], [15.0, -7.0, 0.0], [10.0, -15.0, 0.0], [-4.0, -10.0, 0.0], [-13.0, -2.0, 0.0], [-19.0, 3.0, 1.0], [56.0, 20.0, 0.0], [7.0, -8.0, 0.0], [16.0, -33.0, 0.0], [8.0, -8.0, 0.0], [11.0, 29.0, 0.0], [4.0, 18.0, 0.0], [-2.0, 5.0, 1.0], [-34.0, -28.0, 0.0], [27.0, 0.0, 1.0], [76.0, -27.0, 0.0], [-14.0, 2.0, 0.0], [-25.0, 10.0, 0.0], [1.0, 12.0, 0.0], [21.0, 12.0, 0.0], [-3.0, 5.0, 0.0], [-21.0, 14.0, 1.0], [-179.0, 273.0, 0.0], [-4.0, -62.0, 0.0], [-16.0, -91.0, 0.0], [-1.0, -39.0, 0.0], [11.0, -10.0, 0.0], [62.0, -31.0, 0.0], [9.0, 26.0, 0.0], [14.0, 92.0, 0.0], [14.0, 63.0, 0.0], [2.0, 21.0, 0.0], [-3.0, 16.0, 0.0], [-15.0, 9.0, 0.0], [-35.0, 11.0, 0.0], [-24.0, 4.0, 0.0], [-23.0, 0.0, 0.0], [-6.0, -15.0, 0.0], [-3.0, -1.0, 1.0], [16.0, -132.296875, 0.0], [10.0, 36.0, 0.0], [-1.0, 6.0, 1.0], [15.0, -38.296875, 0.0], [8.0, 31.0, 0.0], [0.0, 14.0, 1.0], [21.0, -47.296875, 0.0], [9.0, 38.0, 0.0], [0.0, 5.0, 0.0], [-3.0, 1.0, 1.0], [77.0, -3.296875, 0.0], [32.0, 1.0, 0.0], [0.0, -39.0, 0.0], [18.0, 5.0, 0.0], [50.0, -1.0, 0.0], [-5.0, 29.0, 0.0], [11.0, 3.0, 0.0], [35.0, -1.0, 0.0], [5.0, 33.0, 0.0], [-39.0, 2.0, 0.0], [-57.0, 8.0, 0.0], [-44.0, -4.0, 0.0], [-12.0, -4.0, 0.0], [-3.0, -33.0, 1.0], [34.0, 42.0, 0.0], [-13.0, 8.0, 0.0], [-1.0, 7.0, 0.0], [12.0, 8.0, 0.0], [14.0, -1.0, 0.0], [0.0, -15.0, 0.0], [-11.0, -7.0, 0.0], [-6.0, 2.0, 1.0], [73.0, -6.0, 0.0], [-5.0, 0.0, 0.0], [-6.0, 7.0, 0.0], [1.0, 8.0, 0.0], [21.0, 5.0, 0.0], [8.0, -6.0, 0.0], [1.0, -9.0, 0.0], [-4.0, -5.0, 0.0], [-6.0, -4.0, 0.0], [-8.0, 0.0, 1.0], [-84.0, -18.0, 0.0], [-5.0, -1.0, 0.0], [-5.0, 7.0, 0.0], [2.0, 2.0, 0.0], [6.0, 1.0, 0.0], [11.0, -4.0, 0.0], [2.0, -4.0, 0.0], [-7.0, -4.0, 1.0], [-49.0, -53.296875, 0.0], [-6.0, -4.0, 0.0], [-2.0, 9.0, 0.0], [9.0, 6.0, 0.0], [11.0, -2.0, 0.0], [-4.0, -11.0, 0.0], [-11.0, -2.0, 1.0], [4.0, 19.0, 0.0], [0.0, 46.0, 0.0], [-13.0, 36.0, 1.0], [10.0, -34.0, 0.0], [7.0, 6.0, 0.0], [14.0, 24.0, 1.0], [-65.0, -84.0, 0.0], [7.0, 0.0, 0.0], [25.0, 16.0, 0.0], [18.0, 6.0, 0.0], [28.0, 21.0, 0.0], [14.0, 2.0, 0.0], [2.0, 4.0, 0.0], [-10.0, 4.0, 1.0], [-30.0, -32.0, 0.0], [12.0, 6.0, 0.0], [12.0, 18.0, 1.0]], "gt_class_names": ["gas station", "gas pump", "gas pump", "gas pump", "car", "yoga"]}