{"img_id": "sceneid-134-userid-56", "img_w": 1100, "img_h": 770, "object_divisions": [0, 1, 6, 7, 8, 9, 12, 17], "scene_strokes": [[62.0, 686.703125, 0.0], [2.0, -123.0, 0.0], [8.0, -139.0, 0.0], [17.0, -162.0, 0.0], [29.0, -163.0, 0.0], [12.0, -30.0, 0.0], [10.0, -9.0, 0.0], [19.0, -8.0, 0.0], [43.0, 0.0, 0.0], [357.0, 45.0, 0.0], [147.0, 14.0, 0.0], [79.0, 5.0, 0.0], [225.0, 6.0, 0.0], [20.0, 3.0, 0.0], [7.0, 4.0, 0.0], [0.0, 26.0, 0.0], [-40.0, 254.0, 0.0], [-31.0, 173.0, 0.0], [-3.0, 59.0, 0.0], [-4.0, 12.0, 0.0], [-10.0, 10.0, 0.0], [-12.0, 4.0, 0.0], [-24.0, 1.0, 0.0], [-311.0, -25.0, 0.0], [-238.0, -5.0, 0.0], [-88.0, 9.0, 0.0], [-89.0, 16.0, 0.0], [-103.0, 19.0, 0.0], [-40.0, 11.0, 0.0], [2.0, 3.0, 1.0], [320.0, -409.296875, 0.0], [-9.0, -14.0, 0.0], [-4.0, -14.0, 0.0], [2.0, -28.0, 0.0], [6.0, -19.0, 0.0], [10.0, -15.0, 0.0], [12.0, -8.0, 0.0], [8.0, 2.0, 0.0], [2.0, 17.0, 0.0], [4.0, 6.0, 0.0], [-24.0, 18.0, 0.0], [15.0, 73.0, 1.0], [7.0, -78.0, 0.0], [0.0, 21.0, 0.0], [3.0, 4.0, 1.0], [1.0, -19.0, 0.0], [4.0, 9.0, 0.0], [7.0, 2.0, 1.0], [1.0, -6.0, 0.0], [2.0, 17.0, 1.0], [-56.0, 28.0, 0.0], [4.0, 22.0, 0.0], [8.0, 11.0, 0.0], [-96.0, 2.0, 0.0], [-21.0, 6.0, 0.0], [-19.0, 12.0, 0.0], [-4.0, 18.0, 0.0], [1.0, 36.0, 0.0], [14.0, 91.0, 0.0], [2.0, 62.0, 0.0], [3.0, 9.0, 0.0], [3.0, 4.0, 0.0], [13.0, 1.0, 0.0], [60.0, -11.0, 0.0], [110.0, -6.0, 0.0], [68.0, -7.0, 0.0], [29.0, -5.0, 0.0], [7.0, -7.0, 0.0], [15.0, -63.0, 0.0], [7.0, -46.0, 0.0], [9.0, -99.0, 0.0], [-1.0, -19.0, 0.0], [-3.0, -5.0, 0.0], [-14.0, -2.0, 0.0], [-75.0, 13.0, 0.0], [-47.0, 0.0, 0.0], [-62.0, -5.0, 0.0], [1.0, 6.0, 1.0], [-37.0, 181.703125, 0.0], [-23.0, -1.0, 0.0], [-12.0, -5.0, 0.0], [-10.0, -8.0, 0.0], [-9.0, -20.0, 0.0], [0.0, -21.0, 0.0], [5.0, -23.0, 0.0], [13.0, -22.0, 0.0], [16.0, -11.0, 0.0], [26.0, 1.0, 0.0], [24.0, 16.0, 0.0], [6.0, 11.0, 0.0], [4.0, 21.0, 0.0], [-2.0, 25.0, 0.0], [-6.0, 11.0, 0.0], [-12.0, 11.0, 0.0], [-17.0, 9.0, 0.0], [-15.0, 1.0, 0.0], [-3.0, 7.0, 1.0], [75.0, -135.296875, 0.0], [-7.0, 7.0, 0.0], [-21.0, 9.0, 0.0], [-23.0, 3.0, 0.0], [-10.0, -4.0, 0.0], [-7.0, -11.0, 0.0], [4.0, -18.0, 0.0], [5.0, -7.0, 0.0], [20.0, -12.0, 0.0], [28.0, 0.0, 0.0], [15.0, 10.0, 0.0], [1.0, 9.0, 0.0], [-5.0, 8.0, 0.0], [-18.0, 13.0, 1.0], [115.0, 139.703125, 0.0], [4.0, -12.0, 0.0], [3.0, -31.0, 0.0], [-6.0, -14.0, 0.0], [-18.0, -3.0, 0.0], [-5.0, -4.0, 0.0], [-1.0, -10.0, 0.0], [5.0, -16.0, 0.0], [15.0, -15.0, 0.0], [11.0, -2.0, 0.0], [10.0, 2.0, 0.0], [19.0, 15.0, 0.0], [7.0, 16.0, 0.0], [-2.0, 5.0, 0.0], [-13.0, 10.0, 0.0], [9.0, 13.0, 0.0], [0.0, 47.0, 0.0], [-15.0, 5.0, 0.0], [-26.0, 2.0, 0.0], [-7.0, -3.0, 0.0], [1.0, -10.0, 0.0], [4.0, -2.0, 1.0], [-84.0, 13.703125, 0.0], [9.0, -49.0, 0.0], [1.0, -36.0, 0.0], [-3.0, -27.0, 0.0], [3.0, -21.0, 0.0], [3.0, -1.0, 0.0], [5.0, 10.0, 0.0], [11.0, 60.0, 0.0], [2.0, 73.0, 0.0], [-27.0, 2.0, 0.0], [-11.0, -4.0, 0.0], [0.0, -12.0, 0.0], [5.0, -11.0, 1.0], [-2.0, 5.0, 0.0], [4.0, 2.0, 1.0], [6.0, -50.0, 0.0], [26.0, 0.0, 1.0], [87.0, -63.296875, 0.0], [7.0, -27.0, 0.0], [1.0, -22.0, 0.0], [2.0, 3.0, 1.0], [-17.0, -2.0, 0.0], [15.0, -26.0, 1.0], [2.0, 24.0, 0.0], [12.0, -21.0, 1.0], [-7.0, 23.0, 0.0], [14.0, -18.0, 1.0], [-38.0, 19.0, 0.0], [34.0, 7.0, 1.0]], "gt_class_names": ["room", "sink", "plate", "plate", "spoon", "knife", "fork"]}