{"img_id": "sceneid-172-userid-94", "img_w": 1100, "img_h": 770, "object_divisions": [0, 6, 11, 19, 22], "scene_strokes": [[819.0, 275.703125, 0.0], [4.0, 18.0, 0.0], [22.0, 19.0, 0.0], [25.0, 6.0, 0.0], [19.0, -4.0, 0.0], [13.0, -8.0, 0.0], [13.0, -15.0, 0.0], [8.0, -19.0, 0.0], [1.0, -12.0, 0.0], [-4.0, -20.0, 0.0], [-8.0, -16.0, 0.0], [-9.0, -8.0, 0.0], [-16.0, -6.0, 0.0], [-15.0, 0.0, 0.0], [-12.0, 2.0, 0.0], [-36.0, 16.0, 0.0], [-9.0, 8.0, 0.0], [-7.0, 12.0, 0.0], [1.0, 18.0, 0.0], [5.0, 11.0, 1.0], [67.0, 38.0, 0.0], [1.0, 34.0, 1.0], [0.0, 70.0, 0.0], [-5.0, 62.0, 0.0], [-76.0, 90.0, 1.0], [87.0, -92.0, 0.0], [15.0, 29.0, 0.0], [19.0, 21.0, 0.0], [39.0, 33.0, 0.0], [20.0, 11.0, 0.0], [5.0, -1.0, 1.0], [-100.0, -217.0, 0.0], [-54.0, 43.0, 0.0], [-55.0, 32.0, 0.0], [-9.0, 2.0, 1.0], [126.0, -77.0, 0.0], [2.0, -3.0, 0.0], [-6.0, -1.0, 0.0], [-96.0, -1.0, 0.0], [-23.0, -4.0, 1.0], [4.0, -2.296875, 0.0], [-26.0, 6.0, 0.0], [-33.0, 3.0, 0.0], [-8.0, 86.0, 0.0], [28.0, -5.0, 0.0], [41.0, 6.0, 0.0], [6.0, -8.0, 0.0], [0.0, -15.0, 0.0], [7.0, -33.0, 0.0], [1.0, -41.0, 1.0], [-68.0, 48.0, 0.0], [63.0, -3.0, 0.0], [10.0, 2.0, 1.0], [-29.0, -35.0, 0.0], [-1.0, 0.0, 1.0], [-17.0, 14.0, 0.0], [-1.0, 0.0, 1.0], [13.0, 43.0, 0.0], [0.0, -2.0, 1.0], [-328.0, -158.296875, 0.0], [-8.0, 78.0, 0.0], [1.0, 33.0, 0.0], [1.0, 5.0, 0.0], [26.0, 1.0, 0.0], [0.0, -43.0, 0.0], [4.0, -31.0, 0.0], [8.0, -25.0, 0.0], [0.0, -15.0, 0.0], [-6.0, -4.0, 0.0], [-23.0, 0.0, 1.0], [14.0, -6.0, 0.0], [-2.0, -11.0, 0.0], [12.0, -12.0, 0.0], [1.0, -9.0, 1.0], [71.0, 44.0, 0.0], [-15.0, -3.0, 0.0], [-4.0, 2.0, 0.0], [-4.0, 51.0, 0.0], [-11.0, 37.0, 0.0], [6.0, 3.0, 0.0], [30.0, 0.0, 0.0], [2.0, -10.0, 0.0], [-4.0, -36.0, 0.0], [2.0, -34.0, 0.0], [4.0, -16.0, 1.0], [-6.0, 5.0, 0.0], [-6.0, -18.0, 0.0], [19.0, -18.0, 0.0], [0.0, -11.0, 1.0], [-105.0, 159.0, 0.0], [1.0, 35.0, 0.0], [-7.0, 29.0, 0.0], [2.0, 3.0, 0.0], [54.0, 2.0, 0.0], [41.0, 8.0, 0.0], [1.0, -110.0, 1.0], [-55.0, 101.0, 0.0], [-5.0, 87.0, 0.0], [-9.0, 84.0, 0.0], [-5.0, 18.0, 0.0], [-4.0, 6.0, 0.0], [-8.0, 3.0, 0.0], [-34.0, 0.0, 0.0], [-26.0, 4.0, 1.0], [79.0, -18.0, 0.0], [11.0, 20.0, 0.0], [20.0, 21.0, 1.0], [-38.0, -33.0, 0.0], [-20.0, 56.0, 1.0], [-288.0, -296.296875, 0.0], [60.0, -2.0, 0.0], [33.0, 4.0, 0.0], [-8.0, 24.0, 0.0], [-3.0, 35.0, 0.0], [5.0, 42.0, 0.0], [16.0, 61.0, 1.0], [-102.0, -166.0, 0.0], [8.0, -147.0, 0.0], [5.0, -19.0, 1.0], [-7.0, 174.0, 0.0], [-1.0, 75.0, 0.0], [-4.0, 31.0, 0.0], [2.0, 32.0, 0.0], [15.0, 6.0, 0.0], [44.0, 0.0, 1.0]], "gt_class_names": ["yoga", "book", "lollipop", "chair"]}