{"img_id": "sceneid-67-userid-31", "img_w": 1100, "img_h": 770, "object_divisions": [0, 2, 10, 11, 12, 15, 18, 25], "scene_strokes": [[281.421875, 341.703125, 0.0], [-2.0, 61.0, 0.0], [9.0, 76.0, 0.0], [0.0, 41.0, 0.0], [-9.0, 99.0, 1.0], [4.0, -279.0, 0.0], [27.0, 5.0, 0.0], [55.0, 3.0, 0.0], [51.0, -4.0, 0.0], [102.0, -15.0, 0.0], [183.0, -14.0, 0.0], [54.0, 2.0, 0.0], [25.0, 8.0, 0.0], [13.0, 22.0, 0.0], [10.0, 60.0, 0.0], [5.0, 82.0, 0.0], [1.0, 129.0, 1.0], [-556.578125, -617.296875, 0.0], [5.0, 125.0, 0.0], [39.0, 9.0, 0.0], [71.0, 5.0, 0.0], [128.0, -14.0, 0.0], [172.0, -14.0, 0.0], [50.0, -8.0, 0.0], [12.0, -6.0, 0.0], [9.0, -15.0, 0.0], [3.0, -48.0, 0.0], [-3.0, -14.0, 1.0], [-370.0, -21.0, 0.0], [6.0, 79.0, 0.0], [0.0, 57.0, 0.0], [2.0, 3.0, 0.0], [2.0, -2.0, 1.0], [115.0, -128.0, 0.0], [7.0, 105.0, 0.0], [7.0, 22.0, 1.0], [87.0, -132.0, 0.0], [15.0, 112.0, 0.0], [4.0, 9.0, 1.0], [-275.0, -82.0, 0.0], [-7.0, -1.0, 0.0], [0.0, -4.0, 0.0], [4.0, -2.0, 0.0], [6.0, 2.0, 0.0], [1.0, 4.0, 0.0], [-6.0, 2.0, 0.0], [0.0, -5.0, 1.0], [133.0, 6.0, 0.0], [-3.0, 0.0, 0.0], [0.0, -7.0, 0.0], [6.0, 3.0, 0.0], [-2.0, 7.0, 0.0], [-3.0, -2.0, 1.0], [107.0, -6.0, 0.0], [1.0, -4.0, 0.0], [5.0, 1.0, 0.0], [-3.0, 11.0, 0.0], [-4.0, 3.0, 0.0], [-2.0, -8.0, 1.0], [139.0, -1.0, 0.0], [-10.0, -6.0, 0.0], [2.0, -8.0, 0.0], [4.0, 2.0, 0.0], [1.0, 7.0, 0.0], [-10.0, 7.0, 1.0], [-334.578125, 304.703125, 0.0], [40.0, -123.0, 0.0], [12.0, -21.0, 0.0], [17.0, -13.0, 0.0], [7.0, 1.0, 0.0], [4.0, 6.0, 0.0], [-2.0, 20.0, 0.0], [-7.0, 13.0, 0.0], [-21.0, 25.0, 0.0], [-21.0, 71.0, 0.0], [-30.0, 31.0, 0.0], [-8.0, 1.0, 0.0], [-3.0, -4.0, 1.0], [7.421875, 0.703125, 0.0], [-21.0, -37.0, 0.0], [-17.0, -64.0, 0.0], [0.0, -21.0, 0.0], [5.0, -18.0, 0.0], [8.0, -8.0, 0.0], [9.0, 2.0, 0.0], [5.0, 5.0, 0.0], [1.0, 13.0, 0.0], [-10.0, 35.0, 0.0], [-1.0, 15.0, 0.0], [5.0, 12.0, 0.0], [11.0, 14.0, 0.0], [6.0, 16.0, 0.0], [3.0, 14.0, 0.0], [-1.0, 26.0, 1.0], [120.421875, -30.296875, 0.0], [-10.0, -44.0, 0.0], [2.0, -21.0, 0.0], [7.0, -15.0, 0.0], [6.0, -9.0, 0.0], [14.0, -10.0, 0.0], [37.0, -9.0, 0.0], [29.0, 5.0, 0.0], [16.0, 9.0, 0.0], [14.0, 13.0, 0.0], [8.0, 16.0, 0.0], [5.0, 31.0, 0.0], [-1.0, 32.0, 0.0], [-10.0, 1.0, 1.0], [-8.0, -85.0, 0.0], [-4.0, -1.0, 0.0], [-4.0, 4.0, 0.0], [-10.0, 26.0, 0.0], [-3.0, 38.0, 0.0], [6.0, 22.0, 1.0], [-95.0, -16.0, 0.0], [0.0, -4.0, 0.0], [-3.0, 7.0, 0.0], [1.0, 4.0, 0.0], [4.0, 8.0, 0.0], [5.0, 2.0, 1.0], [248.421875, -55.296875, 0.0], [-1.0, -10.0, 0.0], [4.0, -7.0, 0.0], [15.0, -10.0, 0.0], [14.0, 0.0, 0.0], [6.0, 4.0, 0.0], [5.0, 10.0, 0.0], [0.0, 7.0, 0.0], [-10.0, 8.0, 0.0], [-17.0, 4.0, 0.0], [-16.0, -2.0, 1.0], [14.0, 6.0, 0.0], [-31.0, 27.0, 0.0], [-28.0, 4.0, 1.0], [51.0, -40.0, 0.0], [-18.0, 31.0, 0.0], [-14.0, 8.0, 0.0], [-9.0, -1.0, 1.0], [-43.578125, -21.296875, 0.0], [-5.0, -6.0, 0.0], [2.0, -14.0, 0.0], [11.0, 0.0, 0.0], [2.0, 10.0, 0.0], [-4.0, 5.0, 0.0], [-5.0, -1.0, 1.0], [21.0, -2.0, 0.0], [-6.0, -4.0, 0.0], [3.0, -7.0, 0.0], [9.0, 1.0, 0.0], [2.0, 3.0, 0.0], [-5.0, 5.0, 1.0], [13.0, 8.0, 0.0], [0.0, -12.0, 0.0], [6.0, -1.0, 0.0], [4.0, 5.0, 0.0], [-4.0, 7.0, 0.0], [-9.0, 5.0, 1.0], [-17.0, 17.0, 0.0], [-9.0, -2.0, 0.0], [-3.0, -7.0, 0.0], [2.0, -5.0, 0.0], [7.0, -1.0, 0.0], [1.0, 3.0, 0.0], [-6.0, 7.0, 0.0], [-6.0, 0.0, 0.0], [2.0, -5.0, 1.0], [15.0, 2.0, 0.0], [-1.0, -9.0, 0.0], [9.0, -4.0, 0.0], [3.0, 4.0, 0.0], [-6.0, 8.0, 1.0], [14.0, 13.0, 0.0], [-6.0, 1.0, 0.0], [-4.0, -5.0, 0.0], [1.0, -8.0, 0.0], [6.0, -6.0, 0.0], [5.0, 2.0, 0.0], [-3.0, 8.0, 1.0], [-22.0, 12.0, 0.0], [-4.0, -3.0, 0.0], [3.0, -5.0, 0.0], [7.0, 1.0, 0.0], [2.0, 5.0, 0.0], [-10.0, 6.0, 1.0]], "gt_class_names": ["counter", "dresser", "asparagus", "asparagus", "bread", "spoon", "peas"]}