{"img_id": "sceneid-2-userid-1", "img_w": 1100, "img_h": 770, "object_divisions": [0, 6, 10, 13, 17, 18, 20, 26, 31, 40, 50, 71], "scene_strokes": [[785.0, 414.703125, 0.0], [-14.0, 0.0, 0.0], [-47.0, 16.0, 0.0], [-77.0, 15.0, 0.0], [-82.0, 11.0, 0.0], [-1.0, 32.0, 0.0], [4.0, 42.0, 0.0], [27.0, -2.0, 0.0], [80.0, -14.0, 0.0], [103.0, -28.0, 0.0], [3.0, -36.0, 0.0], [-5.0, -21.0, 0.0], [0.0, -19.0, 1.0], [-206.0, 121.0, 0.0], [11.0, 17.0, 0.0], [20.0, 17.0, 0.0], [6.0, 9.0, 0.0], [15.0, 13.0, 0.0], [4.0, 0.0, 0.0], [53.0, -22.0, 0.0], [120.0, -39.0, 0.0], [4.0, -9.0, 0.0], [-2.0, -9.0, 0.0], [-20.0, -30.0, 1.0], [-197.0, 88.0, 0.0], [2.0, -5.0, 0.0], [0.0, 29.0, 1.0], [36.0, 3.0, 0.0], [-1.0, 14.0, 0.0], [2.0, 14.0, 0.0], [3.0, 3.0, 1.0], [158.0, -83.0, 0.0], [0.0, 22.0, 1.0], [-31.0, -19.0, 0.0], [0.0, 7.0, 1.0], [328.0, 20.703125, 0.0], [-6.0, -3.0, 0.0], [-18.0, 1.0, 0.0], [-25.0, 8.0, 0.0], [-19.0, 11.0, 0.0], [-18.0, 13.0, 0.0], [-44.0, 48.0, 0.0], [-14.0, 23.0, 0.0], [-20.0, 19.0, 0.0], [2.0, 43.0, 0.0], [7.0, 23.0, 1.0], [136.0, -184.0, 0.0], [17.0, -1.0, 0.0], [5.0, 6.0, 0.0], [10.0, 4.0, 1.0], [-127.0, 31.0, 0.0], [-10.0, 6.0, 0.0], [-13.0, 17.0, 1.0], [-25.0, 70.0, 0.0], [-1.0, 26.0, 1.0], [144.0, -106.296875, 0.0], [-12.0, -1.0, 0.0], [-14.0, 5.0, 0.0], [-4.0, 14.0, 0.0], [14.0, 10.0, 0.0], [9.0, 2.0, 0.0], [19.0, -6.0, 0.0], [4.0, -6.0, 0.0], [-2.0, -5.0, 0.0], [-17.0, -10.0, 1.0], [-17.0, -7.0, 0.0], [-7.0, -3.0, 0.0], [-7.0, 5.0, 0.0], [9.0, 2.0, 0.0], [6.0, -5.0, 0.0], [1.0, -5.0, 1.0], [14.0, 42.0, 0.0], [2.0, 7.0, 1.0], [-67.0, 22.703125, 0.0], [-9.0, 0.0, 0.0], [-8.0, 9.0, 0.0], [0.0, 7.0, 0.0], [7.0, 11.0, 0.0], [22.0, 4.0, 0.0], [11.0, -6.0, 0.0], [2.0, -14.0, 0.0], [-18.0, -7.0, 1.0], [-24.0, -18.0, 0.0], [-1.0, 4.0, 1.0], [2.0, 7.0, 0.0], [13.0, -14.0, 1.0], [-6.0, 53.0, 0.0], [1.0, 2.0, 1.0], [-764.0, -664.296875, 0.0], [-1.0, -4.0, 0.0], [-4.0, -1.0, 0.0], [-17.0, 1.0, 0.0], [-28.0, 13.0, 0.0], [-33.0, 43.0, 0.0], [-2.0, 9.0, 0.0], [3.0, 7.0, 0.0], [15.0, 10.0, 0.0], [24.0, 8.0, 0.0], [16.0, 36.0, 0.0], [5.0, 5.0, 0.0], [37.0, 8.0, 0.0], [26.0, 18.0, 0.0], [52.0, 2.0, 0.0], [39.0, 7.0, 0.0], [50.0, -16.0, 0.0], [38.0, -19.0, 0.0], [19.0, -22.0, 0.0], [6.0, -23.0, 0.0], [-2.0, -11.0, 0.0], [-10.0, -20.0, 0.0], [-18.0, -20.0, 0.0], [-63.0, -35.0, 0.0], [-13.0, -4.0, 0.0], [-35.0, -1.0, 1.0], [299.0, 34.703125, 0.0], [-8.0, -2.0, 0.0], [-16.0, 3.0, 0.0], [-34.0, 21.0, 0.0], [12.0, 20.0, 0.0], [2.0, 36.0, 0.0], [10.0, 15.0, 0.0], [20.0, 17.0, 0.0], [25.0, 12.0, 0.0], [29.0, 9.0, 0.0], [18.0, 1.0, 0.0], [48.0, -7.0, 0.0], [23.0, 4.0, 0.0], [70.0, -17.0, 0.0], [13.0, -10.0, 0.0], [12.0, -16.0, 0.0], [-5.0, -37.0, 1.0], [-25.0, -24.0, 0.0], [-26.0, -23.0, 0.0], [-18.0, -10.0, 0.0], [-30.0, -6.0, 0.0], [-33.0, 1.0, 1.0], [255.0, -66.296875, 0.0], [-1.0, -2.0, 1.0], [4.0, 5.0, 0.0], [5.0, 22.0, 0.0], [9.0, 18.0, 0.0], [22.0, 21.0, 0.0], [37.0, 15.0, 0.0], [52.0, 10.0, 1.0], [-136.0, -51.0, 0.0], [-30.0, 29.0, 1.0], [55.0, 4.0, 0.0], [-16.0, 21.0, 1.0], [41.0, -2.0, 0.0], [-2.0, 23.0, 1.0], [52.0, -3.0, 0.0], [2.0, 13.0, 0.0], [8.0, 14.0, 1.0], [-384.0, 314.703125, 0.0], [-10.0, 0.0, 0.0], [-10.0, 14.0, 0.0], [-3.0, 6.0, 0.0], [1.0, 15.0, 0.0], [6.0, 10.0, 0.0], [7.0, 3.0, 0.0], [10.0, -1.0, 0.0], [10.0, -7.0, 0.0], [9.0, -14.0, 0.0], [-2.0, -15.0, 0.0], [-11.0, -10.0, 0.0], [-12.0, 4.0, 1.0], [-6.0, 48.0, 0.0], [-5.0, 20.0, 0.0], [2.0, 14.0, 0.0], [13.0, 1.0, 0.0], [14.0, 8.0, 0.0], [9.0, 14.0, 0.0], [13.0, 12.0, 0.0], [2.0, 10.0, 1.0], [-25.0, -26.0, 0.0], [-3.0, 4.0, 0.0], [-3.0, 47.0, 1.0], [-24.0, -90.0, 0.0], [-9.0, 21.0, 1.0], [16.0, -17.0, 0.0], [19.0, 2.0, 0.0], [24.0, -12.0, 0.0], [5.0, -9.0, 0.0], [-1.0, -23.0, 0.0], [5.0, -7.0, 1.0], [-7.0, 4.703125, 0.0], [2.0, -1.0, 1.0], [0.0, -7.0, 0.0], [11.0, 18.0, 0.0], [14.0, -1.0, 1.0], [-28.0, -14.0, 0.0], [-5.0, -19.0, 0.0], [4.0, -22.0, 0.0], [-1.0, -12.0, 0.0], [10.0, -15.0, 0.0], [0.0, -6.0, 0.0], [9.0, -13.0, 0.0], [2.0, 1.0, 1.0], [-5.0, -1.0, 0.0], [-2.0, 2.0, 1.0], [3.0, -1.0, 0.0], [-12.0, -2.0, 0.0], [-83.0, 8.0, 0.0], [-2.0, -8.0, 0.0], [5.0, -11.0, 0.0], [17.0, -22.0, 0.0], [13.0, -6.0, 0.0], [33.0, -7.0, 0.0], [36.0, -1.0, 0.0], [19.0, 6.0, 0.0], [10.0, 8.0, 0.0], [10.0, 16.0, 0.0], [3.0, 17.0, 0.0], [-35.0, 1.0, 0.0], [-28.0, 9.0, 1.0], [-44.0, -37.0, 0.0], [-10.0, 31.0, 1.0], [40.0, -38.0, 0.0], [-3.0, 17.0, 0.0], [2.0, 15.0, 1.0], [27.0, -31.0, 0.0], [5.0, 27.0, 0.0], [6.0, 3.0, 1.0], [17.0, -25.0, 0.0], [-1.0, 7.0, 0.0], [8.0, 15.0, 1.0], [49.0, -171.296875, 0.0], [-1.0, 5.0, 1.0], [2.0, 24.0, 0.0], [1.0, 12.0, 1.0], [4.0, 21.0, 0.0], [7.0, 20.0, 1.0], [10.0, 37.0, 0.0], [-1.0, 6.0, 1.0], [27.0, 43.0, 0.0], [9.0, 15.0, 1.0], [-109.0, -158.0, 0.0], [-5.0, 10.0, 0.0], [0.0, 10.0, 1.0], [5.0, 30.0, 0.0], [1.0, 8.0, 1.0], [11.0, 28.0, 0.0], [5.0, 13.0, 1.0], [-151.0, -49.0, 0.0], [-1.0, 2.0, 1.0], [-27.0, 92.0, 0.0], [-2.0, 11.0, 1.0], [-46.0, -137.296875, 0.0], [-2.0, 0.0, 1.0], [-18.0, 62.0, 0.0], [1.0, 44.0, 1.0], [-1.0, 14.0, 0.0], [0.0, 18.0, 1.0], [-5.0, 34.0, 0.0], [-6.0, 11.0, 1.0], [-89.0, -162.0, 0.0], [0.0, 4.0, 1.0], [3.0, 25.0, 0.0], [-3.0, 21.0, 1.0], [-2.0, 20.0, 0.0], [0.0, 20.0, 0.0], [4.0, 9.0, 1.0], [4.0, 15.0, 0.0], [0.0, 25.0, 0.0], [4.0, 10.0, 0.0], [6.0, 4.0, 1.0], [1.0, 18.0, 0.0], [-1.0, 5.0, 1.0], [-87.0, -174.0, 0.0], [-1.0, 6.0, 1.0], [1.0, 50.0, 0.0], [0.0, 4.0, 1.0], [3.0, 42.0, 0.0], [-2.0, 42.0, 1.0], [-90.0, -135.0, 0.0], [-6.0, 12.0, 1.0], [2.0, 58.0, 0.0], [1.0, 19.0, 1.0], [-23.0, 68.0, 0.0], [-2.0, 2.0, 1.0], [-79.0, -144.0, 0.0], [-1.0, 2.0, 1.0], [-2.0, 68.0, 0.0], [1.0, 8.0, 1.0], [14.0, 36.0, 0.0], [3.0, 11.0, 1.0], [6.0, 20.0, 0.0], [0.0, 2.0, 1.0], [22.0, -135.0, 0.0], [0.0, 2.0, 1.0], [0.0, 89.0, 0.0], [1.0, 13.0, 1.0]], "gt_class_names": ["bench", "pond", "duck", "duck", "cloud", "cloud", "sun", "yoga", "umbrella", "rain", "rain"]}