{"img_id": "sceneid-59-userid-24", "img_w": 1100, "img_h": 770, "object_divisions": [0, 20, 22, 31, 37, 40], "scene_strokes": [[805.421875, 116.703125, 0.0], [-72.0, 156.0, 1.0], [71.0, -160.0, 0.0], [19.0, 61.0, 0.0], [24.0, 57.0, 0.0], [29.0, 62.0, 0.0], [20.0, 31.0, 1.0], [-91.0, -213.0, 0.0], [17.0, 3.0, 0.0], [133.0, 5.0, 0.0], [72.0, 8.0, 0.0], [20.0, 6.0, 1.0], [-150.0, 181.0, 0.0], [165.0, 2.0, 1.0], [-15.0, -182.0, 0.0], [-6.0, 9.0, 0.0], [0.0, 17.0, 0.0], [30.0, 155.0, 1.0], [-348.0, -24.0, 0.0], [71.0, 19.0, 0.0], [68.0, 9.0, 0.0], [40.0, 10.0, 1.0], [-166.0, -20.0, 0.0], [0.0, 55.0, 0.0], [9.0, 94.0, 0.0], [4.0, 87.0, 0.0], [6.0, 25.0, 1.0], [140.0, -228.0, 0.0], [-7.0, 103.0, 0.0], [-1.0, 130.0, 1.0], [150.0, -252.0, 0.0], [1.0, 212.0, 1.0], [-5.0, -9.0, 0.0], [-68.0, 24.0, 0.0], [-76.0, 32.0, 1.0], [-128.0, -34.0, 0.0], [123.0, 57.0, 1.0], [-89.0, -44.0, 0.0], [1.0, -22.0, 0.0], [10.0, -34.0, 0.0], [4.0, -5.0, 0.0], [10.0, 1.0, 0.0], [8.0, 12.0, 0.0], [3.0, 16.0, 0.0], [0.0, 27.0, 0.0], [-5.0, 28.0, 1.0], [-20.0, -75.0, 0.0], [-4.0, 14.0, 0.0], [0.0, 18.0, 0.0], [8.0, -8.0, 0.0], [7.0, -18.0, 0.0], [-12.0, 42.0, 0.0], [17.0, -35.0, 0.0], [3.0, -5.0, 0.0], [2.0, 1.0, 0.0], [-13.0, 52.0, 0.0], [2.0, -61.0, 0.0], [-4.0, -2.0, 0.0], [-5.0, 9.0, 0.0], [-6.0, 26.0, 0.0], [-2.0, 30.0, 0.0], [2.0, 3.0, 0.0], [4.0, -4.0, 0.0], [8.0, -16.0, 0.0], [7.0, -30.0, 0.0], [-2.0, -6.0, 0.0], [-5.0, 12.0, 0.0], [0.0, 26.0, 0.0], [4.0, 1.0, 0.0], [6.0, -9.0, 0.0], [3.0, -27.0, 0.0], [-3.0, 34.0, 0.0], [3.0, 6.0, 0.0], [3.0, -10.0, 0.0], [2.0, -24.0, 0.0], [-1.0, 42.0, 1.0], [98.0, -161.0, 0.0], [-4.0, 26.0, 0.0], [9.0, -36.0, 0.0], [5.0, -5.0, 0.0], [5.0, 7.0, 0.0], [-2.0, 27.0, 0.0], [0.0, -31.0, 0.0], [-6.0, 0.0, 0.0], [-7.0, 10.0, 0.0], [-5.0, 17.0, 0.0], [9.0, -23.0, 0.0], [-5.0, 18.0, 0.0], [1.0, 7.0, 0.0], [3.0, -5.0, 0.0], [-9.0, 12.0, 0.0], [8.0, -3.0, 1.0], [47.0, -16.0, 0.0], [-5.0, 13.0, 0.0], [0.0, -18.0, 0.0], [4.0, -12.0, 0.0], [3.0, -6.0, 0.0], [9.0, -4.0, 0.0], [4.0, 4.0, 0.0], [3.0, 29.0, 1.0], [-30.0, -1.0, 0.0], [18.0, -5.0, 0.0], [-5.0, 6.0, 0.0], [0.0, 5.0, 0.0], [14.0, -6.0, 0.0], [-18.0, 2.0, 0.0], [6.0, -16.0, 1.0], [-138.0, -288.0, 0.0], [59.0, 146.0, 0.0], [14.0, 26.0, 0.0], [17.0, 19.0, 1.0], [-26.0, -177.0, 0.0], [25.0, 81.0, 0.0], [21.0, 47.0, 0.0], [23.0, 36.0, 1.0], [-4.0, -166.0, 0.0], [40.0, 107.0, 0.0], [17.0, 33.0, 0.0], [22.0, 29.0, 1.0], [-31.0, -149.0, 0.0], [15.0, 58.0, 0.0], [9.0, 66.0, 0.0], [11.0, 36.0, 1.0], [-289.578125, 259.703125, 0.0], [-5.0, -3.0, 0.0], [-14.0, 1.0, 0.0], [-50.0, 10.0, 0.0], [-47.0, 19.0, 0.0], [-49.0, 29.0, 0.0], [-34.0, 7.0, 0.0], [-105.0, 15.0, 0.0], [-106.0, 3.0, 0.0], [-61.0, 5.0, 0.0], [-22.0, 13.0, 0.0], [-35.0, 38.0, 0.0], [-17.0, 11.0, 0.0], [-33.0, 10.0, 0.0], [-70.0, 9.0, 1.0], [724.0, -135.0, 0.0], [-11.0, 7.0, 0.0], [-80.0, 28.0, 0.0], [-127.0, 29.0, 0.0], [-47.0, 22.0, 0.0], [-79.0, 53.0, 0.0], [-31.0, 15.0, 0.0], [-46.0, 9.0, 0.0], [-55.0, -6.0, 1.0], [248.421875, -251.296875, 0.0], [6.0, 102.0, 1.0], [1.0, -103.0, 0.0], [8.0, 103.0, 1.0], [-47.0, -107.0, 0.0], [0.0, 12.0, 0.0], [-3.0, -14.0, 0.0], [2.0, -21.0, 0.0], [5.0, -11.0, 0.0], [7.0, -5.0, 0.0], [4.0, 1.0, 0.0], [6.0, 10.0, 0.0], [5.0, 30.0, 1.0], [-29.0, 8.0, 0.0], [32.0, 1.0, 1.0], [-20.0, -55.0, 0.0], [78.0, -19.0, 1.0], [-59.0, 71.0, 0.0], [38.0, -13.0, 0.0], [32.0, -6.0, 1.0], [-11.0, -45.0, 0.0], [13.0, 27.0, 0.0], [-2.0, 8.0, 0.0], [-6.0, 3.0, 1.0], [-30.0, -39.0, 0.0], [-2.0, -19.0, 1.0], [-24.0, 51.0, 0.0], [2.0, 8.0, 0.0], [3.0, -15.0, 0.0], [4.0, 12.0, 0.0], [4.0, -10.0, 0.0], [3.0, 7.0, 0.0], [6.0, -8.0, 0.0], [5.0, 4.0, 0.0], [12.0, -9.0, 0.0], [4.0, 3.0, 1.0], [-357.578125, -38.296875, 0.0], [2.0, 40.0, 0.0], [9.0, 21.0, 0.0], [11.0, 9.0, 0.0], [15.0, 4.0, 0.0], [17.0, -7.0, 0.0], [11.0, -14.0, 0.0], [5.0, -14.0, 0.0], [0.0, -17.0, 0.0], [-10.0, -23.0, 0.0], [-21.0, -18.0, 0.0], [-9.0, -2.0, 0.0], [-21.0, 5.0, 0.0], [-6.0, 6.0, 0.0], [-5.0, 9.0, 0.0], [-4.0, 25.0, 1.0], [43.0, 72.0, 0.0], [5.0, 114.0, 0.0], [9.0, 33.0, 1.0], [-11.0, 3.0, 0.0], [-19.0, 33.0, 0.0], [-4.0, 11.0, 0.0], [0.0, 4.0, 0.0], [2.0, -1.0, 1.0], [26.0, -56.0, 0.0], [2.0, 13.0, 0.0], [14.0, 18.0, 0.0], [18.0, 15.0, 0.0], [7.0, 4.0, 0.0], [2.0, -2.0, 1.0], [-52.0, -153.0, 0.0], [-13.0, 35.0, 0.0], [-12.0, 18.0, 0.0], [4.0, -16.0, 1.0], [24.0, -46.0, 0.0], [29.0, 40.0, 0.0], [6.0, 4.0, 1.0], [3.421875, 1.703125, 0.0], [-1.0, -34.0, 1.0], [-8.0, -24.0, 0.0], [0.0, 41.0, 0.0], [6.0, 3.0, 0.0], [16.0, -4.0, 0.0], [4.0, -6.0, 0.0], [-9.0, -35.0, 0.0], [-7.0, -15.0, 0.0], [-6.0, 3.0, 0.0], [-5.0, 10.0, 0.0], [-1.0, 25.0, 1.0], [6.0, -33.0, 0.0], [-1.0, 8.0, 0.0], [3.0, -2.0, 0.0], [-6.0, 20.0, 0.0], [7.0, -13.0, 0.0], [-4.0, 19.0, 0.0], [7.0, -19.0, 0.0], [-5.0, 29.0, 0.0], [6.0, -15.0, 0.0], [2.0, -21.0, 0.0], [-4.0, 42.0, 0.0], [5.0, -30.0, 0.0], [-2.0, 28.0, 0.0], [1.0, -27.0, 0.0], [2.0, 18.0, 0.0], [5.0, 12.0, 0.0], [-1.0, -20.0, 0.0], [3.0, 10.0, 0.0], [-1.0, -14.0, 0.0], [3.0, 11.0, 0.0], [-16.0, -35.0, 0.0], [12.0, 35.0, 0.0], [-2.0, 2.0, 0.0], [-7.0, -20.0, 0.0], [6.0, 27.0, 0.0], [-6.0, 5.0, 0.0], [-9.0, -11.0, 0.0], [5.0, -2.0, 0.0], [5.0, 2.0, 0.0], [2.0, 8.0, 0.0], [-10.0, 4.0, 0.0], [-4.0, -5.0, 0.0], [2.0, -11.0, 0.0], [6.0, -6.0, 0.0], [8.0, 1.0, 0.0], [3.0, 6.0, 0.0], [-4.0, 8.0, 0.0], [-5.0, 2.0, 0.0], [0.0, -3.0, 1.0]], "gt_class_names": ["barn", "pathway", "mailbox", "yoga", "popsicle"]}