{"img_id": "sceneid-17-userid-3", "img_w": 1100, "img_h": 770, "object_divisions": [0, 7, 9, 10, 13, 16], "scene_strokes": [[318.0, 319.703125, 0.0], [36.0, 5.0, 0.0], [26.0, 0.0, 0.0], [46.0, -6.0, 0.0], [23.0, 1.0, 0.0], [1.0, -3.0, 1.0], [22.0, -86.0, 0.0], [-14.0, 63.0, 0.0], [-12.0, 23.0, 1.0], [41.0, -92.0, 0.0], [-18.0, 69.0, 0.0], [-14.0, 28.0, 1.0], [18.0, -108.0, 0.0], [11.0, -9.0, 0.0], [10.0, -3.0, 0.0], [4.0, 5.0, 0.0], [-2.0, 15.0, 0.0], [-11.0, 6.0, 0.0], [-15.0, 1.0, 0.0], [-5.0, -11.0, 0.0], [11.0, -10.0, 1.0], [-169.0, 113.0, 0.0], [-32.0, -8.0, 0.0], [-10.0, 11.0, 0.0], [-13.0, 32.0, 0.0], [-3.0, 17.0, 0.0], [3.0, 13.0, 0.0], [10.0, 5.0, 0.0], [52.0, -1.0, 0.0], [66.0, 5.0, 0.0], [44.0, -5.0, 0.0], [24.0, 1.0, 0.0], [14.0, -6.0, 0.0], [-3.0, -67.0, 0.0], [-3.0, -1.0, 1.0], [-125.0, 74.0, 0.0], [0.0, 42.0, 0.0], [5.0, 12.0, 1.0], [51.0, -56.0, 0.0], [0.0, 60.0, 1.0], [153.0, -52.296875, 0.0], [-3.0, 1.0, 0.0], [-6.0, 15.0, 0.0], [0.0, 6.0, 0.0], [6.0, 7.0, 0.0], [15.0, 3.0, 0.0], [21.0, -3.0, 0.0], [18.0, -11.0, 0.0], [13.0, -22.0, 0.0], [-4.0, -9.0, 0.0], [-10.0, 0.0, 1.0], [-66.0, 30.0, 0.0], [12.0, -9.0, 0.0], [22.0, -8.0, 0.0], [56.0, -6.0, 1.0], [92.0, 3.703125, 0.0], [24.0, -14.0, 0.0], [16.0, -2.0, 0.0], [17.0, 4.0, 0.0], [23.0, 17.0, 0.0], [10.0, 16.0, 0.0], [4.0, 15.0, 0.0], [0.0, 17.0, 0.0], [-4.0, 3.0, 0.0], [-52.0, -10.0, 0.0], [-16.0, -10.0, 0.0], [-21.0, -20.0, 0.0], [10.0, -3.0, 1.0], [134.0, -202.296875, 0.0], [1.0, 14.0, 0.0], [-18.0, 120.0, 0.0], [0.0, 7.0, 0.0], [3.0, -1.0, 1.0], [46.0, -133.0, 0.0], [-2.0, -1.0, 0.0], [-3.0, 5.0, 0.0], [-5.0, 29.0, 0.0], [4.0, 104.0, 1.0], [-69.0, -155.0, 0.0], [41.0, -23.0, 0.0], [42.0, -13.0, 0.0], [21.0, 1.0, 0.0], [12.0, 9.0, 0.0], [7.0, 10.0, 0.0], [4.0, 14.0, 0.0], [-6.0, 10.0, 0.0], [-31.0, 2.0, 0.0], [-30.0, -3.0, 0.0], [-14.0, -4.0, 0.0], [-7.0, -8.0, 1.0], [-618.0, 12.703125, 0.0], [-7.0, 82.0, 0.0], [2.0, 26.0, 1.0], [52.0, -113.0, 0.0], [-5.0, 80.0, 1.0], [-71.0, -103.0, 0.0], [14.0, -29.0, 0.0], [17.0, -12.0, 0.0], [19.0, -7.0, 0.0], [24.0, 1.0, 0.0], [12.0, 6.0, 0.0], [12.0, 14.0, 0.0], [6.0, 25.0, 0.0], [-7.0, 11.0, 0.0], [-32.0, 5.0, 0.0], [-46.0, -1.0, 0.0], [-18.0, -5.0, 0.0], [-7.0, -5.0, 0.0], [-1.0, -5.0, 1.0]], "gt_class_names": ["giraffe", "bush", "bush", "tree", "tree"]}