{"img_id": "sceneid-51-userid-23", "img_w": 1100, "img_h": 770, "object_divisions": [0, 6, 14, 15, 19, 22, 25], "scene_strokes": [[278.421875, 730.703125, 0.0], [7.0, -59.0, 0.0], [-26.0, 0.0, 0.0], [-74.0, -16.0, 0.0], [-11.0, -7.0, 0.0], [-7.0, -19.0, 0.0], [-5.0, -40.0, 0.0], [0.0, -58.0, 0.0], [6.0, -135.0, 0.0], [13.0, -86.0, 0.0], [-2.0, -64.0, 1.0], [7.0, -9.0, 0.0], [-20.0, -1.0, 0.0], [-88.0, 7.0, 0.0], [-11.0, 5.0, 0.0], [-10.0, 12.0, 0.0], [-12.0, 96.0, 0.0], [0.0, 226.0, 0.0], [-5.0, 61.0, 1.0], [198.0, 11.0, 0.0], [10.0, -55.0, 0.0], [1.0, -23.0, 0.0], [-37.0, -5.0, 0.0], [-15.0, -7.0, 0.0], [-10.0, -9.0, 0.0], [-16.0, -32.0, 0.0], [-3.0, -16.0, 0.0], [3.0, -16.0, 1.0], [4.0, -8.0, 0.0], [11.0, -5.0, 0.0], [39.0, 4.0, 0.0], [76.0, -3.0, 0.0], [101.0, 2.0, 0.0], [55.0, -5.0, 0.0], [8.0, 16.0, 0.0], [2.0, 20.0, 0.0], [-14.0, 27.0, 0.0], [-13.0, 12.0, 0.0], [-29.0, 14.0, 0.0], [-25.0, 2.0, 0.0], [-31.0, -3.0, 0.0], [-17.0, 11.0, 0.0], [-10.0, 14.0, 0.0], [-13.0, 32.0, 0.0], [-14.0, 56.0, 1.0], [6.0, -20.0, 0.0], [-4.0, 43.0, 0.0], [-12.0, 30.0, 1.0], [-126.0, -288.0, 0.0], [161.0, 3.0, 0.0], [70.0, -8.0, 0.0], [63.0, 2.0, 0.0], [0.0, 23.0, 1.0], [456.421875, -87.296875, 0.0], [95.0, -5.0, 0.0], [68.0, -9.0, 0.0], [1.0, 33.0, 0.0], [-11.0, 47.0, 0.0], [-19.0, 40.0, 0.0], [-30.0, 34.0, 0.0], [-29.0, 20.0, 0.0], [-14.0, 6.0, 0.0], [-18.0, 6.0, 0.0], [-23.0, 2.0, 0.0], [-37.0, -10.0, 0.0], [-16.0, -13.0, 0.0], [-17.0, -25.0, 0.0], [-10.0, -37.0, 0.0], [-4.0, -31.0, 0.0], [1.0, -63.0, 0.0], [86.0, -13.0, 1.0], [14.0, 12.0, 0.0], [3.0, -100.0, 1.0], [37.0, 94.0, 0.0], [4.0, -87.0, 1.0], [-57.0, 73.0, 0.0], [-2.0, -5.0, 0.0], [-5.0, -1.0, 0.0], [-4.0, 13.0, 0.0], [5.0, 10.0, 0.0], [11.0, 2.0, 0.0], [9.0, -15.0, 0.0], [-2.0, -12.0, 0.0], [-10.0, -11.0, 0.0], [-10.0, 3.0, 1.0], [106.0, -3.0, 0.0], [-5.0, -1.0, 0.0], [-16.0, 12.0, 0.0], [-9.0, 19.0, 0.0], [0.0, 13.0, 0.0], [9.0, 8.0, 0.0], [11.0, -2.0, 0.0], [8.0, -5.0, 0.0], [6.0, -9.0, 0.0], [4.0, -16.0, 0.0], [-2.0, -11.0, 0.0], [-12.0, -17.0, 1.0], [-74.0, -55.0, 0.0], [-22.0, 2.0, 0.0], [-5.0, -3.0, 0.0], [3.0, -15.0, 0.0], [9.0, -14.0, 0.0], [15.0, -3.0, 0.0], [65.0, -2.0, 0.0], [16.0, 10.0, 0.0], [4.0, 20.0, 0.0], [-4.0, 9.0, 0.0], [-24.0, 9.0, 1.0], [-60.0, 265.0, 0.0], [5.0, 80.0, 0.0], [-1.0, 41.0, 0.0], [-5.0, 54.0, 0.0], [-10.0, 54.0, 1.0], [55.0, -253.0, 0.0], [-2.0, 157.0, 0.0], [5.0, 73.0, 0.0], [8.0, 33.0, 1.0], [-136.578125, -424.296875, 0.0], [-2.0, 2.0, 0.0], [-6.0, -90.0, 0.0], [7.0, -144.0, 0.0], [3.0, -4.0, 0.0], [17.0, -7.0, 0.0], [43.0, -8.0, 0.0], [82.0, -9.0, 0.0], [41.0, 0.0, 0.0], [25.0, 5.0, 0.0], [-1.0, 37.0, 0.0], [11.0, 178.0, 0.0], [-4.0, 52.0, 1.0], [-432.578125, 391.703125, 0.0], [-2.0, -106.0, 0.0], [4.0, -78.0, 0.0], [2.0, -285.0, 0.0], [10.0, -140.0, 0.0], [-6.0, -124.0, 0.0], [1.0, -33.0, 1.0], [185.0, 768.0, 0.0], [-11.0, -99.0, 0.0], [-2.0, -86.0, 0.0], [9.0, -87.0, 0.0], [1.0, -175.0, 0.0], [6.0, -122.0, 0.0], [-2.0, -194.0, 1.0], [-169.0, 439.0, 0.0], [-1.0, -71.0, 0.0], [6.0, -62.0, 1.0], [-103.0, 456.0, 0.0], [0.0, -76.0, 0.0], [-6.0, -120.0, 0.0], [1.0, -91.0, 0.0], [10.0, -161.0, 0.0], [16.0, -186.0, 0.0], [-2.0, -115.0, 1.0], [16.421875, 45.703125, 0.0], [8.0, -26.0, 0.0], [3.0, 0.0, 0.0], [10.0, 15.0, 1.0], [-6.0, 24.0, 0.0], [20.0, -42.0, 0.0], [-7.0, 22.0, 0.0], [-13.0, 20.0, 0.0], [8.0, -7.0, 1.0], [-14.0, 10.0, 0.0], [2.0, 6.0, 0.0], [6.0, 2.0, 0.0], [7.0, 21.0, 0.0], [0.0, -9.0, 0.0], [7.0, 12.0, 0.0], [-4.0, -24.0, 0.0], [8.0, 6.0, 0.0], [-3.0, -14.0, 0.0], [4.0, 6.0, 0.0], [-2.0, -14.0, 0.0], [4.0, 4.0, 0.0], [-4.0, -19.0, 0.0], [1.0, -2.0, 0.0], [7.0, 4.0, 0.0], [0.0, -41.0, 1.0], [220.421875, 90.703125, 0.0], [-2.0, -47.0, 0.0], [3.0, -37.0, 0.0], [-3.0, -4.0, 1.0], [7.0, 81.0, 0.0], [7.0, 3.0, 0.0], [26.0, -9.0, 0.0], [74.0, -9.0, 0.0], [88.0, -1.0, 0.0], [0.0, -67.0, 0.0], [-25.0, -5.0, 0.0], [-42.0, 0.0, 0.0], [-39.0, 5.0, 0.0], [-69.0, -1.0, 0.0], [-33.0, 4.0, 1.0], [87.0, 42.0, 0.0], [56.0, -11.0, 1.0]], "gt_class_names": ["toilet", "sink", "mirror", "dresser", "shower head", "dresser"]}