{"img_id": "sceneid-32-userid-11", "img_w": 1100, "img_h": 770, "object_divisions": [0, 3, 4, 8, 9, 10, 14, 18, 22, 26], "scene_strokes": [[208.421875, 280.703125, 0.0], [1.0, -4.0, 0.0], [-4.0, -4.0, 0.0], [-15.0, -1.0, 0.0], [-16.0, 10.0, 0.0], [-3.0, 8.0, 0.0], [0.0, 17.0, 0.0], [2.0, 9.0, 0.0], [10.0, 13.0, 0.0], [14.0, 7.0, 0.0], [11.0, 0.0, 0.0], [17.0, -11.0, 0.0], [7.0, -10.0, 0.0], [-1.0, -20.0, 0.0], [-8.0, -16.0, 0.0], [-11.0, -10.0, 0.0], [-9.0, -1.0, 0.0], [-7.0, 4.0, 1.0], [10.0, 44.0, 0.0], [6.0, 11.0, 0.0], [7.0, -4.0, 1.0], [-2.0, -31.0, 0.0], [-2.0, -1.0, 1.0], [11.421875, -19.296875, 0.0], [-4.0, 3.0, 0.0], [8.0, 4.0, 0.0], [20.0, -1.0, 0.0], [6.0, -8.0, 0.0], [-4.0, -12.0, 0.0], [-18.0, -1.0, 0.0], [-10.0, -4.0, 0.0], [-23.0, 3.0, 0.0], [-3.0, -10.0, 0.0], [-22.0, 1.0, 0.0], [-14.0, 10.0, 0.0], [-2.0, 21.0, 0.0], [10.0, 5.0, 0.0], [14.0, 1.0, 0.0], [1.0, 3.0, 1.0], [22.421875, 51.703125, 0.0], [-4.0, 117.0, 0.0], [-1.0, -3.0, 0.0], [-21.0, 31.0, 0.0], [18.0, -27.0, 0.0], [22.0, 24.0, 0.0], [0.0, -4.0, 1.0], [-19.0, -115.0, 0.0], [1.0, -2.0, 0.0], [14.0, 6.0, 0.0], [19.0, 16.0, 1.0], [-30.0, -17.0, 0.0], [-19.0, 22.0, 1.0], [2.0, 1.0, 0.0], [6.0, -1.0, 0.0], [28.0, 10.0, 0.0], [4.0, -3.0, 1.0], [2.421875, 3.703125, 0.0], [8.0, -13.0, 0.0], [16.0, -42.0, 0.0], [11.0, -20.0, 0.0], [8.0, -7.0, 0.0], [6.0, -2.0, 0.0], [1.0, 6.0, 0.0], [-14.0, 38.0, 0.0], [-22.0, 27.0, 0.0], [-23.0, 21.0, 0.0], [-2.0, -2.0, 1.0], [56.421875, -73.296875, 0.0], [0.0, 8.0, 0.0], [7.0, 11.0, 0.0], [9.0, 0.0, 0.0], [8.0, -5.0, 0.0], [6.0, -11.0, 0.0], [-5.0, -12.0, 0.0], [-16.0, 0.0, 0.0], [-9.0, 7.0, 0.0], [0.0, 13.0, 1.0], [95.421875, -113.296875, 0.0], [3.0, 5.0, 0.0], [5.0, 0.0, 0.0], [4.0, -11.0, 0.0], [-7.0, -13.0, 0.0], [-5.0, 3.0, 0.0], [-1.0, 9.0, 1.0], [10.0, 16.0, 0.0], [-2.0, -3.0, 0.0], [-1.0, 16.0, 0.0], [-8.0, 22.0, 0.0], [5.0, -20.0, 0.0], [-8.0, 9.0, 0.0], [10.0, -6.0, 0.0], [6.0, 12.0, 1.0], [2.0, -26.0, 0.0], [4.0, 6.0, 1.0], [-12.0, -9.0, 0.0], [-14.0, 12.0, 1.0], [47.421875, -17.296875, 0.0], [9.0, 0.0, 0.0], [9.0, -17.0, 0.0], [-7.0, -7.0, 0.0], [-6.0, 1.0, 0.0], [-5.0, 7.0, 0.0], [-1.0, 8.0, 1.0], [6.0, 11.0, 0.0], [1.0, 10.0, 0.0], [-11.0, 22.0, 0.0], [6.0, -12.0, 0.0], [5.0, 7.0, 1.0], [5.0, -22.0, 0.0], [6.0, 5.0, 0.0], [1.0, 6.0, 1.0], [-13.0, -9.0, 0.0], [-7.0, 8.0, 1.0], [37.421875, -27.296875, 0.0], [10.0, 7.0, 0.0], [9.0, -6.0, 0.0], [1.0, -13.0, 0.0], [-9.0, -6.0, 0.0], [-7.0, 4.0, 0.0], [0.0, 13.0, 1.0], [6.0, 12.0, 0.0], [-1.0, 19.0, 0.0], [2.0, -12.0, 0.0], [-12.0, 21.0, 0.0], [6.0, -9.0, 0.0], [7.0, 4.0, 1.0], [5.0, -20.0, 0.0], [10.0, 8.0, 1.0], [-19.0, -5.0, 0.0], [-3.0, 7.0, 1.0], [48.421875, -25.296875, 0.0], [6.0, 6.0, 0.0], [8.0, -2.0, 0.0], [4.0, -12.0, 0.0], [-5.0, -7.0, 0.0], [-7.0, -1.0, 0.0], [-9.0, 7.0, 0.0], [-4.0, 12.0, 0.0], [2.0, 2.0, 1.0], [16.0, 4.0, 0.0], [-4.0, 26.0, 0.0], [-1.0, -11.0, 0.0], [-7.0, 9.0, 0.0], [9.0, -9.0, 0.0], [1.0, 9.0, 0.0], [2.0, -4.0, 0.0], [3.0, 5.0, 1.0], [1.0, -24.0, 0.0], [6.0, 9.0, 1.0], [-19.0, -5.0, 0.0], [-3.0, 6.0, 1.0]], "gt_class_names": ["face", "hat", "yoga", "baseball bat", "baseball", "yoga", "yoga", "yoga", "yoga"]}