{"img_id": "sceneid-155-userid-74", "img_w": 1100, "img_h": 770, "object_divisions": [0, 3, 9], "scene_strokes": [[428.0, 327.703125, 0.0], [8.0, 15.0, 0.0], [-6.0, -3.0, 0.0], [-8.0, 4.0, 0.0], [-4.0, 4.0, 0.0], [-2.0, 11.0, 0.0], [-19.0, -11.0, 0.0], [5.0, 12.0, 0.0], [8.0, 3.0, 0.0], [0.0, 7.0, 0.0], [8.0, 9.0, 0.0], [7.0, 20.0, 1.0], [6.0, -71.0, 0.0], [14.0, 8.0, 0.0], [8.0, 10.0, 0.0], [12.0, 44.0, 0.0], [6.0, 5.0, 0.0], [22.0, 0.0, 0.0], [85.0, -19.0, 0.0], [26.0, -1.0, 0.0], [29.0, 9.0, 0.0], [11.0, 10.0, 0.0], [31.0, 8.0, 0.0], [27.0, 16.0, 0.0], [10.0, 19.0, 0.0], [-21.0, -17.0, 0.0], [-11.0, -5.0, 0.0], [-48.0, -12.0, 0.0], [19.0, 24.0, 0.0], [7.0, 23.0, 0.0], [1.0, 35.0, 0.0], [-5.0, 29.0, 0.0], [-7.0, 11.0, 0.0], [-6.0, 1.0, 0.0], [-1.0, -48.0, 0.0], [-8.0, -36.0, 0.0], [-3.0, -1.0, 0.0], [-3.0, 9.0, 0.0], [0.0, 86.0, 0.0], [-8.0, -2.0, 0.0], [-7.0, -11.0, 0.0], [-4.0, -41.0, 0.0], [-9.0, -33.0, 0.0], [-16.0, 8.0, 0.0], [-48.0, 1.0, 0.0], [-31.0, -4.0, 0.0], [-15.0, 2.0, 0.0], [-6.0, 28.0, 0.0], [-3.0, 74.0, 0.0], [-2.0, 4.0, 0.0], [-9.0, 0.0, 0.0], [-7.0, -7.0, 0.0], [-7.0, -16.0, 0.0], [3.0, -48.0, 0.0], [-9.0, -18.0, 0.0], [-7.0, -3.0, 0.0], [0.0, 79.0, 0.0], [-8.0, 2.0, 0.0], [-10.0, -9.0, 0.0], [-12.0, -33.0, 0.0], [3.0, -17.0, 0.0], [13.0, -17.0, 0.0], [4.0, -14.0, 0.0], [-2.0, -7.0, 0.0], [-16.0, -12.0, 0.0], [-5.0, -14.0, 0.0], [1.0, -17.0, 0.0], [15.0, -15.0, 1.0], [4.0, -37.0, 0.0], [1.0, -4.0, 0.0], [-2.0, 2.0, 1.0], [-298.0, -22.296875, 0.0], [15.0, 34.0, 0.0], [6.0, 67.0, 1.0], [-20.0, -106.0, 0.0], [-3.0, 5.0, 0.0], [8.0, 2.0, 0.0], [40.0, -3.0, 0.0], [4.0, 10.0, 0.0], [8.0, 77.0, 0.0], [-11.0, 11.0, 0.0], [-11.0, 3.0, 0.0], [-14.0, -3.0, 0.0], [-2.0, -4.0, 1.0], [-19.0, -96.0, 0.0], [-49.0, 0.0, 0.0], [-37.0, 7.0, 0.0], [11.0, 42.0, 0.0], [1.0, 24.0, 0.0], [6.0, 31.0, 0.0], [11.0, 2.0, 0.0], [55.0, -5.0, 0.0], [37.0, 0.0, 1.0], [-72.0, 5.0, 0.0], [-4.0, 1.0, 0.0], [-1.0, 5.0, 0.0], [-1.0, 51.0, 0.0], [-6.0, 18.0, 0.0], [0.0, 15.0, 0.0], [5.0, 20.0, 0.0], [18.0, 7.0, 0.0], [14.0, -1.0, 0.0], [13.0, -6.0, 0.0], [4.0, -5.0, 0.0], [-14.0, -25.0, 0.0], [-14.0, -62.0, 0.0], [1.0, -21.0, 0.0], [-20.0, 4.0, 1.0], [70.0, -87.0, 0.0], [-5.0, -2.0, 0.0], [-2.0, 10.0, 0.0], [9.0, 4.0, 1.0], [-3.0, 14.0, 0.0], [-2.0, 15.0, 0.0], [2.0, -20.0, 0.0], [5.0, 4.0, 0.0], [5.0, 15.0, 1.0]], "gt_class_names": ["cat", "camera"]}