{"img_id": "sceneid-151-userid-76", "img_w": 1100, "img_h": 770, "object_divisions": [0, 7, 16], "scene_strokes": [[750.0, 449.703125, 0.0], [-14.0, -49.0, 0.0], [-3.0, -23.0, 0.0], [10.0, -255.0, 1.0], [-8.0, 2.0, 0.0], [-83.0, -5.0, 0.0], [-85.0, 0.0, 0.0], [-45.0, -4.0, 0.0], [-75.0, 0.0, 0.0], [-69.0, 4.0, 0.0], [10.0, 37.0, 0.0], [13.0, 97.0, 0.0], [5.0, 174.0, 0.0], [-2.0, 15.0, 1.0], [127.0, -8.0, 0.0], [-8.0, -40.0, 0.0], [-3.0, -62.0, 0.0], [60.0, -4.0, 0.0], [4.0, 5.0, 0.0], [10.0, 47.0, 0.0], [5.0, 57.0, 1.0], [-169.0, -275.0, 0.0], [-1.0, 37.0, 0.0], [6.0, 13.0, 0.0], [40.0, -5.0, 0.0], [21.0, 0.0, 0.0], [6.0, 3.0, 0.0], [-5.0, -15.0, 0.0], [-3.0, -32.0, 0.0], [-9.0, -9.0, 0.0], [-58.0, -1.0, 1.0], [142.0, 4.0, 0.0], [-1.0, 46.0, 0.0], [3.0, 3.0, 0.0], [48.0, -3.0, 0.0], [43.0, 2.0, 0.0], [-15.0, -64.0, 0.0], [-75.0, 4.0, 0.0], [-15.0, -2.0, 1.0], [-120.0, 104.0, 0.0], [-1.0, 45.0, 0.0], [27.0, -8.0, 0.0], [61.0, 7.0, 0.0], [-9.0, -46.0, 0.0], [-5.0, -7.0, 0.0], [-10.0, -3.0, 0.0], [-33.0, 0.0, 0.0], [-31.0, 6.0, 1.0], [121.0, -5.0, 0.0], [4.0, 50.0, 0.0], [12.0, -3.0, 0.0], [84.0, 5.0, 0.0], [0.0, -41.0, 0.0], [-7.0, -14.0, 0.0], [-92.0, -10.0, 0.0], [-15.0, 4.0, 1.0], [-218.0, 326.703125, 0.0], [6.0, -34.0, 0.0], [-5.0, -58.0, 0.0], [2.0, -69.0, 0.0], [-4.0, -21.0, 0.0], [-6.0, -9.0, 1.0], [-27.0, 190.0, 0.0], [2.0, -84.0, 0.0], [-7.0, -51.0, 0.0], [1.0, -55.0, 1.0], [-4.0, -6.0, 0.0], [-17.0, 1.0, 0.0], [-15.0, -7.0, 0.0], [-12.0, -10.0, 0.0], [-9.0, -23.0, 0.0], [3.0, -19.0, 0.0], [16.0, -17.0, 0.0], [35.0, -16.0, 0.0], [31.0, -3.0, 0.0], [19.0, 4.0, 0.0], [24.0, 22.0, 0.0], [10.0, 19.0, 0.0], [5.0, 29.0, 0.0], [-7.0, 19.0, 0.0], [-8.0, 6.0, 0.0], [-12.0, 2.0, 0.0], [-57.0, -5.0, 0.0], [-19.0, -8.0, 1.0], [-1.0, -57.0, 0.0], [-7.0, -3.0, 0.0], [-9.0, 6.0, 0.0], [14.0, 8.0, 0.0], [3.0, 6.0, 0.0], [-8.0, 4.0, 0.0], [-9.0, -2.0, 1.0], [27.0, -21.0, 0.0], [2.0, 20.0, 1.0], [-13.0, -24.0, 0.0], [17.0, -2.0, 1.0], [5.0, 10.0, 0.0], [1.0, 12.0, 0.0], [5.0, 4.0, 0.0], [7.0, 0.0, 0.0], [1.0, -9.0, 0.0], [-5.0, -12.0, 0.0], [-4.0, -2.0, 0.0], [-7.0, 4.0, 0.0], [-2.0, 7.0, 1.0], [23.0, 0.0, 0.0], [0.0, 18.0, 0.0], [1.0, -27.0, 0.0], [4.0, -6.0, 0.0], [5.0, -1.0, 0.0], [5.0, 9.0, 0.0], [-2.0, 5.0, 0.0], [-14.0, 3.0, 1.0], [-21.0, 249.0, 0.0], [35.0, 4.0, 1.0]], "gt_class_names": ["house", "stop sign"]}