{"img_id": "sceneid-28-userid-10", "img_w": 1100, "img_h": 770, "object_divisions": [0, 7, 8, 14, 15, 18, 19, 25, 26, 31], "scene_strokes": [[522.421875, 304.703125, 0.0], [18.0, -8.0, 0.0], [10.0, -20.0, 0.0], [-2.0, -19.0, 0.0], [-7.0, -13.0, 0.0], [-14.0, -15.0, 0.0], [-21.0, -10.0, 0.0], [-14.0, -1.0, 0.0], [-20.0, 13.0, 0.0], [-14.0, 22.0, 0.0], [-3.0, 21.0, 0.0], [9.0, 18.0, 0.0], [41.0, 15.0, 0.0], [9.0, 0.0, 0.0], [7.0, -4.0, 0.0], [16.0, 2.0, 0.0], [13.0, 8.0, 0.0], [10.0, 11.0, 0.0], [7.0, 10.0, 0.0], [7.0, 20.0, 0.0], [-4.0, 29.0, 0.0], [-6.0, 15.0, 0.0], [-22.0, 29.0, 0.0], [-25.0, 18.0, 0.0], [-16.0, 5.0, 0.0], [-29.0, -1.0, 0.0], [-15.0, -5.0, 0.0], [-12.0, -8.0, 0.0], [-18.0, -22.0, 0.0], [-7.0, -19.0, 0.0], [-4.0, -31.0, 0.0], [4.0, -29.0, 0.0], [11.0, -21.0, 0.0], [21.0, -17.0, 0.0], [20.0, -5.0, 1.0], [56.0, 147.0, 0.0], [5.0, -6.0, 0.0], [13.0, 0.0, 0.0], [11.0, 7.0, 0.0], [15.0, 18.0, 0.0], [9.0, 20.0, 0.0], [3.0, 23.0, 0.0], [-2.0, 27.0, 0.0], [-9.0, 28.0, 0.0], [-22.0, 28.0, 0.0], [-9.0, 6.0, 0.0], [-20.0, 6.0, 0.0], [-21.0, 1.0, 0.0], [-16.0, -2.0, 0.0], [-22.0, -8.0, 0.0], [-20.0, -13.0, 0.0], [-22.0, -22.0, 0.0], [-12.0, -21.0, 0.0], [-5.0, -47.0, 0.0], [6.0, -20.0, 0.0], [3.0, -8.0, 0.0], [10.0, -11.0, 0.0], [20.0, -12.0, 1.0], [50.0, 118.0, 0.0], [1.0, -2.0, 1.0], [3.0, -154.0, 0.0], [1.0, 0.0, 1.0], [-1.0, -125.0, 0.0], [-26.0, 31.0, 0.0], [-30.0, 24.0, 0.0], [14.0, -10.0, 0.0], [37.0, -17.0, 0.0], [19.0, -14.0, 1.0], [2.0, 2.0, 0.0], [-19.0, -20.0, 0.0], [2.0, -2.0, 1.0], [37.0, 15.0, 0.0], [-2.0, 6.0, 0.0], [-10.0, 9.0, 0.0], [-26.0, 1.0, 0.0], [-11.0, -5.0, 0.0], [-13.0, -21.0, 1.0], [62.421875, -39.296875, 0.0], [-6.0, -28.0, 0.0], [3.0, -30.0, 0.0], [-15.0, -6.0, 0.0], [-41.0, 5.0, 0.0], [-7.0, 13.0, 0.0], [-2.0, 38.0, 0.0], [5.0, 13.0, 0.0], [-25.0, -6.0, 0.0], [-13.0, 1.0, 0.0], [74.0, -8.0, 0.0], [49.0, 5.0, 0.0], [1.0, -2.0, 0.0], [-7.0, -3.0, 0.0], [-47.0, -5.0, 0.0], [-27.0, 8.0, 0.0], [-42.0, 3.0, 0.0], [33.0, -7.0, 0.0], [101.0, 1.0, 0.0], [-3.0, -9.0, 1.0], [-292.578125, 120.703125, 0.0], [6.0, 1.0, 0.0], [17.0, -5.0, 0.0], [13.0, -12.0, 0.0], [4.0, -16.0, 0.0], [-7.0, -22.0, 0.0], [-11.0, -15.0, 0.0], [-15.0, -6.0, 0.0], [-18.0, 3.0, 0.0], [-18.0, 14.0, 0.0], [-9.0, 18.0, 0.0], [-5.0, 28.0, 0.0], [0.0, 15.0, 0.0], [8.0, 16.0, 0.0], [9.0, 4.0, 0.0], [9.0, -4.0, 0.0], [26.0, -30.0, 1.0], [-3.0, 9.0, 0.0], [8.0, 111.0, 0.0], [-7.0, 82.0, 0.0], [0.0, 31.0, 0.0], [3.0, 1.0, 1.0], [10.0, -150.0, 0.0], [0.0, -6.0, 0.0], [9.0, -12.0, 0.0], [34.0, -30.0, 0.0], [25.0, -15.0, 0.0], [22.0, -8.0, 1.0], [-92.0, 106.0, 0.0], [16.0, 5.0, 0.0], [27.0, -3.0, 0.0], [22.0, -17.0, 0.0], [33.0, -50.0, 1.0], [-101.0, 188.0, 0.0], [-2.0, -15.0, 0.0], [-8.0, 13.0, 0.0], [-25.0, 79.0, 0.0], [1.0, 3.0, 0.0], [4.0, 0.0, 1.0], [34.0, -90.0, 0.0], [12.0, 7.0, 0.0], [13.0, 13.0, 0.0], [14.0, 34.0, 0.0], [16.0, 52.0, 1.0], [-29.578125, -384.296875, 0.0], [-89.0, 55.0, 0.0], [-5.0, -21.0, 0.0], [2.0, -19.0, 0.0], [5.0, -11.0, 0.0], [20.0, -15.0, 0.0], [16.0, -5.0, 0.0], [36.0, 0.0, 0.0], [8.0, 1.0, 0.0], [10.0, 11.0, 0.0], [-14.0, -14.0, 0.0], [-14.0, -5.0, 0.0], [-30.0, 7.0, 0.0], [-27.0, 19.0, 0.0], [-8.0, 9.0, 0.0], [-3.0, 6.0, 0.0], [1.0, 24.0, 0.0], [2.0, -2.0, 1.0], [70.421875, 29.703125, 0.0], [-24.0, 6.0, 0.0], [-12.0, 14.0, 0.0], [-12.0, 58.0, 0.0], [1.0, 20.0, 1.0], [39.0, -99.0, 0.0], [2.0, -4.0, 0.0], [12.0, -1.0, 0.0], [0.0, 19.0, 0.0], [-18.0, 28.0, 0.0], [-20.0, 15.0, 0.0], [-14.0, 26.0, 0.0], [2.0, 30.0, 0.0], [5.0, 14.0, 1.0], [40.0, -107.0, 0.0], [-8.0, 0.0, 0.0], [-10.0, 7.0, 0.0], [-13.0, 24.0, 0.0], [-5.0, 15.0, 0.0], [-11.0, 70.0, 1.0], [140.421875, -130.296875, 0.0], [-2.0, -3.0, 0.0], [-7.0, 1.0, 0.0], [-2.0, 10.0, 0.0], [3.0, 8.0, 0.0], [13.0, 9.0, 0.0], [11.0, -4.0, 0.0], [3.0, -6.0, 0.0], [1.0, -12.0, 0.0], [-3.0, -7.0, 0.0], [-8.0, -5.0, 0.0], [-11.0, 0.0, 0.0], [-7.0, 4.0, 0.0], [0.0, 5.0, 1.0], [364.421875, -58.296875, 0.0], [-4.0, -5.0, 0.0], [-23.0, -5.0, 0.0], [-11.0, 3.0, 0.0], [-11.0, 9.0, 0.0], [-7.0, 18.0, 0.0], [-1.0, 14.0, 0.0], [8.0, 17.0, 0.0], [8.0, 9.0, 0.0], [37.0, 12.0, 0.0], [22.0, -2.0, 0.0], [20.0, -18.0, 0.0], [10.0, -20.0, 0.0], [0.0, -33.0, 0.0], [-8.0, -13.0, 0.0], [-9.0, -7.0, 0.0], [-20.0, -8.0, 0.0], [-36.0, 13.0, 1.0], [8.0, 88.0, 0.0], [-6.0, 21.0, 0.0], [-4.0, 51.0, 0.0], [1.0, 109.0, 0.0], [-8.0, 0.0, 0.0], [-17.0, 28.0, 0.0], [-10.0, 41.0, 0.0], [0.0, 15.0, 0.0], [2.0, -4.0, 1.0], [35.0, -82.0, 0.0], [23.0, 20.0, 0.0], [31.0, 58.0, 0.0], [4.0, 21.0, 0.0], [-6.0, 0.0, 0.0], [-9.0, -9.0, 1.0], [-77.0, 2.0, 0.0], [-19.0, -11.0, 1.0], [57.0, -208.0, 0.0], [-6.0, -4.0, 0.0], [-59.0, -7.0, 0.0], [-57.0, -21.0, 1.0], [124.0, -1.0, 0.0], [-3.0, -4.0, 0.0], [-13.0, -4.0, 0.0], [-24.0, -22.0, 0.0], [-77.0, -54.0, 1.0], [100.421875, -12.296875, 0.0], [-3.0, -1.0, 0.0], [1.0, 2.0, 0.0], [19.0, 12.0, 0.0], [17.0, 7.0, 0.0], [55.0, 10.0, 0.0], [6.0, -5.0, 0.0], [0.0, -5.0, 0.0], [-11.0, -28.0, 0.0], [-13.0, -13.0, 0.0], [-17.0, -6.0, 0.0], [-47.0, 1.0, 0.0], [-9.0, 11.0, 0.0], [0.0, 13.0, 0.0], [56.0, 20.0, 0.0], [26.0, 1.0, 0.0], [8.0, -11.0, 0.0], [-5.0, -11.0, 0.0], [-16.0, -14.0, 0.0], [-18.0, -8.0, 0.0], [-18.0, -4.0, 0.0], [-22.0, 3.0, 0.0], [-3.0, 4.0, 0.0], [3.0, 15.0, 0.0], [12.0, 12.0, 0.0], [19.0, 12.0, 0.0], [43.0, 10.0, 1.0], [-69.578125, 45.703125, 0.0], [6.0, -2.0, 0.0], [8.0, 3.0, 0.0], [26.0, 21.0, 0.0], [14.0, 23.0, 0.0], [14.0, 33.0, 0.0], [6.0, 5.0, 1.0], [-78.0, -79.0, 0.0], [2.0, -6.0, 0.0], [16.0, 1.0, 0.0], [4.0, 3.0, 0.0], [-6.0, 15.0, 0.0], [4.0, 18.0, 0.0], [40.0, 48.0, 0.0], [22.0, 13.0, 0.0], [9.0, 0.0, 0.0], [4.0, -3.0, 1.0], [-63.0, -75.0, 0.0], [2.0, 16.0, 0.0], [11.0, 17.0, 0.0], [44.0, 36.0, 0.0], [15.0, 18.0, 1.0], [-86.0, -92.0, 0.0], [28.0, 7.0, 0.0], [20.0, 17.0, 0.0], [9.0, 14.0, 0.0], [15.0, 46.0, 0.0], [10.0, 17.0, 1.0], [-96.0, -125.0, 0.0], [-4.0, 8.0, 0.0], [1.0, 13.0, 0.0], [27.0, 40.0, 0.0], [31.0, 29.0, 0.0], [31.0, 22.0, 0.0], [11.0, 1.0, 0.0], [4.0, -11.0, 1.0]], "gt_class_names": ["snowman", "hat", "yoga", "hat", "scarf", "snowflake", "yoga", "hat", "scarf"]}