{"img_id": "sceneid-145-userid-90", "img_w": 1100, "img_h": 770, "object_divisions": [0, 5, 8, 16, 29, 32, 40], "scene_strokes": [[-0.578125, 323.703125, 0.0], [80.0, -105.0, 0.0], [51.0, -52.0, 1.0], [-133.0, 156.0, 0.0], [43.0, -8.0, 0.0], [74.0, -1.0, 0.0], [59.0, -6.0, 0.0], [54.0, -1.0, 0.0], [125.0, -16.0, 0.0], [207.0, -13.0, 0.0], [258.0, 2.0, 0.0], [80.0, 8.0, 1.0], [-773.0, -127.0, 0.0], [21.0, 1.0, 0.0], [77.0, -11.0, 0.0], [97.0, -8.0, 0.0], [78.0, 5.0, 0.0], [61.0, 0.0, 0.0], [95.0, -7.0, 0.0], [103.0, -2.0, 0.0], [288.0, 0.0, 0.0], [46.0, 4.0, 1.0], [-91.0, 145.0, 0.0], [39.0, 75.0, 0.0], [79.0, 128.0, 1.0], [-25.0, -351.0, 0.0], [75.0, 102.0, 0.0], [41.0, 49.0, 0.0], [10.0, 18.0, 0.0], [5.0, 3.0, 0.0], [-2.0, 2.0, 1.0], [-129.578125, -169.296875, 0.0], [2.0, -2.0, 0.0], [-8.0, -110.0, 0.0], [8.0, -49.0, 1.0], [-864.0, 182.0, 0.0], [2.0, -77.0, 0.0], [-5.0, -89.0, 1.0], [-127.0, 325.0, 0.0], [-2.0, 122.0, 1.0], [5.421875, -122.296875, 0.0], [3.0, 77.0, 0.0], [-2.0, 40.0, 0.0], [3.0, 21.0, 0.0], [-2.0, 67.0, 0.0], [110.0, -22.0, 0.0], [39.0, -3.0, 0.0], [99.0, 3.0, 0.0], [263.0, -32.0, 0.0], [135.0, -11.0, 0.0], [56.0, 0.0, 0.0], [78.0, 8.0, 0.0], [89.0, 1.0, 0.0], [9.0, 10.0, 0.0], [13.0, 31.0, 0.0], [67.0, 108.0, 1.0], [-767.0, -312.0, 0.0], [12.0, 182.0, 0.0], [1.0, 29.0, 0.0], [-2.0, 12.0, 0.0], [-1.0, -5.0, 1.0], [-123.0, -115.0, 0.0], [-1.0, 3.0, 1.0], [30.0, -6.0, 0.0], [-2.0, 0.0, 1.0], [-22.0, -90.0, 0.0], [-3.0, 29.0, 0.0], [19.0, 150.0, 0.0], [8.0, 21.0, 1.0], [88.0, -157.0, 0.0], [105.0, -16.0, 0.0], [114.0, -12.0, 1.0], [-219.0, 84.0, 0.0], [51.0, 2.0, 0.0], [109.0, -10.0, 0.0], [52.0, -10.0, 1.0], [1.0, -106.0, 0.0], [2.0, 56.0, 0.0], [-3.0, 84.0, 0.0], [7.0, 31.0, 0.0], [1.0, 19.0, 1.0], [51.421875, -316.296875, 0.0], [159.0, -14.0, 0.0], [15.0, 0.0, 0.0], [4.0, 13.0, 0.0], [3.0, 46.0, 0.0], [-2.0, 32.0, 0.0], [-4.0, 12.0, 0.0], [-50.0, 4.0, 0.0], [-124.0, 17.0, 0.0], [-6.0, -7.0, 0.0], [-2.0, -23.0, 0.0], [5.0, -91.0, 1.0], [30.0, 85.0, 0.0], [-6.0, -9.0, 1.0], [18.0, 8.0, 0.0], [-4.0, -5.0, 0.0], [0.0, -8.0, 0.0], [3.0, -3.0, 1.0], [19.0, 9.0, 0.0], [3.0, -14.0, 1.0], [-39.0, -20.0, 0.0], [-9.0, -14.0, 1.0], [21.0, 12.0, 0.0], [1.0, -16.0, 1.0], [14.0, 14.0, 0.0], [8.0, -14.0, 1.0], [67.0, 9.0, 0.0], [-6.0, -9.0, 0.0], [-5.0, -2.0, 1.0], [19.0, 10.0, 0.0], [9.0, -13.0, 1.0], [13.0, 7.0, 0.0], [5.0, -9.0, 0.0], [2.0, 1.0, 1.0], [-35.0, 61.0, 0.0], [-16.0, -12.0, 1.0], [30.0, 10.0, 0.0], [3.0, -12.0, 0.0], [4.0, -3.0, 1.0], [16.0, 4.0, 0.0], [11.0, -10.0, 1.0], [-172.578125, 89.703125, 0.0], [16.0, 1.0, 0.0], [61.0, -8.0, 0.0], [40.0, 0.0, 0.0], [59.0, -7.0, 0.0], [12.0, 1.0, 0.0], [-10.0, 76.0, 0.0], [-2.0, 79.0, 0.0], [-2.0, -3.0, 1.0], [-182.0, -144.0, 0.0], [0.0, 139.0, 0.0], [4.0, 9.0, 0.0], [32.0, 4.0, 0.0], [147.0, -1.0, 0.0], [11.0, -2.0, 0.0], [-4.0, -3.0, 1.0], [-134.0, -110.0, 0.0], [32.0, 7.0, 0.0], [24.0, 0.0, 0.0], [35.0, -9.0, 1.0], [-137.578125, -270.296875, 0.0], [37.0, -71.0, 1.0], [137.0, 69.0, 0.0], [39.0, -68.0, 1.0], [-208.0, 73.0, 0.0], [150.0, -9.0, 0.0], [32.0, -7.0, 0.0], [13.0, 3.0, 1.0], [-103.0, -34.0, 0.0], [-16.0, -8.0, 1.0], [19.0, 5.0, 0.0], [25.0, -8.0, 1.0], [-30.0, 20.0, 0.0], [-1.0, 24.0, 1.0], [7.0, -28.0, 0.0], [15.0, 16.0, 1.0], [-19.0, -19.0, 0.0], [-13.0, 12.0, 0.0], [-16.0, 9.0, 1.0]], "gt_class_names": ["counter", "wall", "dresser", "stove", "oven", "paddle"]}