{"img_id": "sceneid-54-userid-25", "img_w": 1100, "img_h": 770, "object_divisions": [0, 1, 5, 8, 11, 12, 14, 16, 17, 18, 19, 20, 21, 24], "scene_strokes": [[522.421875, 86.703125, 0.0], [-9.0, -7.0, 0.0], [-10.0, -3.0, 0.0], [-23.0, 0.0, 0.0], [-29.0, 6.0, 0.0], [-31.0, 14.0, 0.0], [-42.0, 32.0, 0.0], [-34.0, 44.0, 0.0], [-14.0, 30.0, 0.0], [-12.0, 46.0, 0.0], [-6.0, 52.0, 0.0], [1.0, 42.0, 0.0], [7.0, 40.0, 0.0], [27.0, 76.0, 0.0], [21.0, 38.0, 0.0], [26.0, 32.0, 0.0], [34.0, 27.0, 0.0], [30.0, 15.0, 0.0], [57.0, 14.0, 0.0], [56.0, 1.0, 0.0], [54.0, -13.0, 0.0], [38.0, -17.0, 0.0], [41.0, -29.0, 0.0], [28.0, -34.0, 0.0], [14.0, -28.0, 0.0], [12.0, -44.0, 0.0], [1.0, -66.0, 0.0], [-15.0, -67.0, 0.0], [-27.0, -56.0, 0.0], [-47.0, -63.0, 0.0], [-32.0, -33.0, 0.0], [-47.0, -39.0, 0.0], [-31.0, -14.0, 0.0], [-47.0, -9.0, 0.0], [-17.0, 0.0, 0.0], [-20.0, 5.0, 1.0], [-100.578125, 125.703125, 0.0], [61.0, -53.0, 0.0], [37.0, -27.0, 0.0], [11.0, -2.0, 1.0], [-109.0, 86.0, 0.0], [43.0, -15.0, 0.0], [34.0, -16.0, 0.0], [49.0, -30.0, 1.0], [-18.0, -30.0, 0.0], [15.0, 31.0, 1.0], [-17.0, -35.0, 0.0], [14.0, -8.0, 0.0], [3.0, 9.0, 0.0], [-8.0, 10.0, 0.0], [18.0, -7.0, 0.0], [13.0, 2.0, 0.0], [-3.0, 7.0, 0.0], [-19.0, 12.0, 0.0], [19.0, -9.0, 0.0], [10.0, 0.0, 0.0], [3.0, 3.0, 0.0], [-4.0, 7.0, 0.0], [-13.0, 10.0, 0.0], [-17.0, 6.0, 1.0], [-100.578125, 90.703125, 0.0], [129.0, -57.0, 1.0], [-127.0, 58.0, 0.0], [18.0, 1.0, 0.0], [73.0, -12.0, 0.0], [62.0, -2.0, 0.0], [0.0, -9.0, 0.0], [-22.0, -37.0, 1.0], [-5.0, -2.0, 0.0], [10.0, -11.0, 0.0], [14.0, -2.0, 0.0], [4.0, 5.0, 0.0], [-3.0, 6.0, 0.0], [-14.0, 10.0, 0.0], [18.0, -9.0, 0.0], [4.0, 1.0, 0.0], [0.0, 4.0, 0.0], [-15.0, 14.0, 0.0], [19.0, -8.0, 0.0], [6.0, 0.0, 0.0], [4.0, 5.0, 0.0], [-5.0, 9.0, 0.0], [-19.0, 12.0, 0.0], [24.0, -10.0, 0.0], [4.0, 1.0, 0.0], [-1.0, 4.0, 0.0], [-12.0, 15.0, 0.0], [-11.0, 0.0, 1.0], [-137.578125, 53.703125, 0.0], [49.0, -7.0, 0.0], [42.0, -11.0, 0.0], [65.0, -9.0, 1.0], [-161.0, 23.0, 0.0], [44.0, 11.0, 0.0], [126.0, 9.0, 0.0], [-8.0, -40.0, 0.0], [-4.0, -5.0, 1.0], [-3.0, -4.0, 0.0], [22.0, -12.0, 0.0], [11.0, 0.0, 0.0], [3.0, 4.0, 0.0], [-6.0, 9.0, 0.0], [-28.0, 20.0, 0.0], [30.0, -17.0, 0.0], [13.0, 1.0, 0.0], [-23.0, 21.0, 0.0], [21.0, -5.0, 0.0], [4.0, 3.0, 0.0], [-1.0, 6.0, 0.0], [-13.0, 8.0, 0.0], [-19.0, 2.0, 0.0], [4.0, 2.0, 0.0], [-3.0, 1.0, 1.0], [-202.578125, 105.703125, 0.0], [11.0, -4.0, 0.0], [15.0, 1.0, 0.0], [-5.0, -33.0, 0.0], [16.0, -5.0, 0.0], [6.0, -7.0, 0.0], [-10.0, -13.0, 0.0], [-19.0, -7.0, 0.0], [-19.0, -1.0, 0.0], [-10.0, 7.0, 0.0], [-7.0, 18.0, 0.0], [3.0, 4.0, 0.0], [13.0, -1.0, 0.0], [0.0, 44.0, 1.0], [87.421875, -35.296875, 0.0], [2.0, 27.0, 1.0], [-1.0, -2.0, 0.0], [24.0, 1.0, 0.0], [0.0, -15.0, 0.0], [-5.0, -15.0, 0.0], [16.0, -2.0, 0.0], [4.0, -5.0, 0.0], [0.0, -9.0, 0.0], [-5.0, -10.0, 0.0], [-16.0, -11.0, 0.0], [-20.0, -2.0, 0.0], [-12.0, 6.0, 0.0], [-11.0, 12.0, 0.0], [-2.0, 11.0, 0.0], [9.0, 9.0, 0.0], [15.0, -4.0, 0.0], [-2.0, 32.0, 0.0], [3.0, 4.0, 1.0], [76.421875, -32.296875, 0.0], [20.0, 1.0, 1.0], [-24.0, 1.0, 0.0], [-1.0, -4.0, 0.0], [11.0, -16.0, 0.0], [16.0, -9.0, 0.0], [36.0, 0.0, 0.0], [10.0, 7.0, 0.0], [0.0, 20.0, 0.0], [-11.0, 4.0, 0.0], [-18.0, -3.0, 0.0], [0.0, 42.0, 0.0], [-18.0, 0.0, 0.0], [1.0, -40.0, 1.0], [105.421875, 36.703125, 0.0], [-17.0, 7.0, 0.0], [-6.0, 12.0, 0.0], [0.0, 10.0, 0.0], [11.0, 9.0, 0.0], [19.0, -3.0, 0.0], [8.0, -7.0, 0.0], [5.0, -17.0, 0.0], [-10.0, -11.0, 0.0], [-12.0, 1.0, 1.0], [24.421875, 46.703125, 0.0], [-9.0, 9.0, 0.0], [-5.0, 13.0, 0.0], [5.0, 9.0, 0.0], [16.0, 2.0, 0.0], [10.0, -10.0, 0.0], [4.0, -17.0, 0.0], [-9.0, -9.0, 0.0], [-11.0, 1.0, 0.0], [-8.0, 5.0, 1.0], [-73.578125, -0.296875, 0.0], [-9.0, 9.0, 0.0], [-1.0, 12.0, 0.0], [11.0, 10.0, 0.0], [13.0, -4.0, 0.0], [8.0, -14.0, 0.0], [-3.0, -15.0, 0.0], [-4.0, -4.0, 0.0], [-13.0, -2.0, 0.0], [-9.0, 10.0, 0.0], [-1.0, 6.0, 1.0], [26.421875, 40.703125, 0.0], [-2.0, 14.0, 0.0], [3.0, 7.0, 0.0], [12.0, 6.0, 0.0], [13.0, -5.0, 0.0], [5.0, -15.0, 0.0], [-7.0, -12.0, 0.0], [-14.0, -3.0, 0.0], [-11.0, 5.0, 0.0], [-4.0, 8.0, 1.0], [99.421875, -102.296875, 0.0], [-1.0, 13.0, 0.0], [7.0, 7.0, 0.0], [5.0, 0.0, 0.0], [10.0, -10.0, 0.0], [0.0, -13.0, 0.0], [-4.0, -11.0, 0.0], [-10.0, -4.0, 0.0], [-7.0, 2.0, 0.0], [-8.0, 16.0, 1.0], [-292.578125, 53.703125, 0.0], [3.0, 9.0, 0.0], [16.0, 1.0, 0.0], [-2.0, 8.0, 0.0], [-11.0, 6.0, 0.0], [-13.0, -3.0, 0.0], [-5.0, -10.0, 0.0], [2.0, -14.0, 0.0], [4.0, -6.0, 0.0], [6.0, 0.0, 0.0], [5.0, 9.0, 1.0], [47.0, 16.0, 0.0], [-5.0, -3.0, 0.0], [-8.0, 2.0, 0.0], [-3.0, 11.0, 0.0], [13.0, 13.0, 0.0], [9.0, 0.0, 0.0], [13.0, -5.0, 0.0], [0.0, -4.0, 0.0], [-10.0, -9.0, 0.0], [-17.0, -4.0, 1.0], [52.0, 21.0, 0.0], [-11.0, 1.0, 0.0], [-2.0, 9.0, 0.0], [8.0, 9.0, 0.0], [10.0, 3.0, 0.0], [20.0, -1.0, 0.0], [3.0, -4.0, 0.0], [-1.0, -8.0, 0.0], [-16.0, 1.0, 0.0], [-18.0, -11.0, 1.0]], "gt_class_names": ["plate", "carrot", "carrot", "carrot", "mushroom", "mushroom", "mushroom", "onion", "onion", "onion", "onion", "onion", "string bean"]}