{"img_id": "sceneid-22-userid-6", "img_w": 1100, "img_h": 770, "object_divisions": [0, 11, 19], "scene_strokes": [[449.0, 368.703125, 0.0], [-5.0, -10.0, 0.0], [-1.0, -22.0, 0.0], [19.0, -34.0, 0.0], [29.0, -32.0, 0.0], [72.0, -64.0, 0.0], [12.0, 0.0, 1.0], [-128.0, 160.0, 0.0], [-12.0, 19.0, 0.0], [-1.0, 8.0, 0.0], [4.0, 4.0, 0.0], [5.0, 0.0, 0.0], [20.0, -10.0, 0.0], [17.0, -16.0, 0.0], [50.0, -62.0, 0.0], [46.0, -48.0, 1.0], [-129.0, 104.0, 0.0], [14.0, -22.0, 0.0], [18.0, -17.0, 0.0], [31.0, -39.0, 0.0], [78.0, -72.0, 0.0], [17.0, -8.0, 0.0], [11.0, -1.0, 0.0], [-1.0, 13.0, 0.0], [-6.0, 10.0, 0.0], [-40.0, 39.0, 1.0], [5.0, -60.0, 0.0], [7.0, -1.0, 0.0], [6.0, 7.0, 0.0], [0.0, 7.0, 1.0], [-114.0, 160.0, 0.0], [17.0, 8.0, 0.0], [21.0, -2.0, 0.0], [28.0, -17.0, 0.0], [24.0, -21.0, 0.0], [53.0, -74.0, 0.0], [4.0, -15.0, 0.0], [-1.0, -20.0, 0.0], [-13.0, -10.0, 1.0], [-149.0, 76.0, 0.0], [1.0, 16.0, 1.0], [29.0, -50.0, 0.0], [1.0, 15.0, 1.0], [34.0, -40.0, 0.0], [0.0, 10.0, 1.0], [14.0, 112.0, 0.0], [2.0, -10.0, 1.0], [38.0, -29.0, 0.0], [2.0, -6.0, 1.0], [24.0, -38.0, 0.0], [0.0, -5.0, 1.0], [-306.0, 34.703125, 0.0], [1.0, 30.0, 0.0], [5.0, 14.0, 1.0], [-3.0, 1.0, 0.0], [34.0, 6.0, 0.0], [12.0, -2.0, 0.0], [4.0, -6.0, 1.0], [-3.0, 1.0, 0.0], [-2.0, -25.0, 0.0], [-4.0, -6.0, 1.0], [-40.0, -7.0, 0.0], [20.0, 9.0, 0.0], [22.0, 2.0, 1.0], [-46.0, -16.0, 0.0], [20.0, 0.0, 0.0], [18.0, 9.0, 0.0], [3.0, 6.0, 1.0], [-29.0, -2.0, 0.0], [0.0, 32.0, 1.0], [10.0, -26.0, 0.0], [3.0, 34.0, 1.0], [10.0, -36.0, 0.0], [1.0, 35.0, 1.0]], "gt_class_names": ["hot dog", "drums"]}