{"img_id": "sceneid-5-userid-60", "img_w": 1100, "img_h": 770, "object_divisions": [0, 1, 2, 9, 19], "scene_strokes": [[175.0, 172.703125, 0.0], [3.0, -25.0, 0.0], [14.0, -25.0, 0.0], [14.0, -15.0, 0.0], [13.0, 7.0, 0.0], [4.0, -1.0, 0.0], [33.0, -29.0, 0.0], [21.0, -10.0, 0.0], [9.0, 4.0, 0.0], [13.0, 17.0, 0.0], [8.0, 1.0, 0.0], [9.0, -1.0, 0.0], [40.0, -20.0, 0.0], [23.0, -4.0, 0.0], [6.0, 2.0, 0.0], [16.0, 17.0, 0.0], [12.0, 7.0, 0.0], [45.0, 2.0, 0.0], [9.0, 3.0, 0.0], [5.0, 5.0, 0.0], [2.0, 12.0, 0.0], [-3.0, 10.0, 0.0], [-23.0, 35.0, 0.0], [-48.0, 27.0, 0.0], [-33.0, 14.0, 0.0], [-19.0, -3.0, 0.0], [-16.0, -14.0, 0.0], [-9.0, -1.0, 0.0], [-72.0, 12.0, 0.0], [-35.0, -2.0, 0.0], [-20.0, -6.0, 0.0], [-11.0, -7.0, 0.0], [-18.0, -19.0, 1.0], [490.0, -14.296875, 0.0], [-8.0, -3.0, 0.0], [-6.0, -17.0, 0.0], [2.0, -12.0, 0.0], [10.0, -16.0, 0.0], [8.0, -8.0, 0.0], [14.0, 0.0, 0.0], [54.0, -33.0, 0.0], [12.0, -1.0, 0.0], [13.0, 9.0, 0.0], [6.0, 0.0, 0.0], [72.0, -26.0, 0.0], [11.0, -1.0, 0.0], [13.0, 9.0, 0.0], [15.0, 5.0, 0.0], [53.0, -11.0, 0.0], [14.0, 2.0, 0.0], [8.0, 10.0, 0.0], [1.0, 31.0, 0.0], [3.0, 10.0, 0.0], [33.0, 21.0, 0.0], [-3.0, 10.0, 0.0], [-21.0, 18.0, 0.0], [-35.0, 21.0, 0.0], [-18.0, 7.0, 0.0], [-21.0, 1.0, 0.0], [-46.0, 12.0, 0.0], [-34.0, 1.0, 0.0], [-60.0, -18.0, 0.0], [-61.0, -4.0, 0.0], [-32.0, -18.0, 0.0], [-18.0, -1.0, 1.0], [-141.0, 499.703125, 0.0], [-4.0, -23.0, 0.0], [-7.0, -118.0, 0.0], [0.0, -112.0, 0.0], [6.0, -87.0, 0.0], [-1.0, -70.0, 1.0], [-5.0, 4.0, 0.0], [31.0, 0.0, 0.0], [98.0, -10.0, 0.0], [18.0, -5.0, 0.0], [26.0, 160.0, 0.0], [8.0, 199.0, 0.0], [6.0, 68.0, 0.0], [-102.0, -12.0, 0.0], [-84.0, 5.0, 0.0], [-7.0, 0.0, 0.0], [1.0, -2.0, 1.0], [141.0, -414.0, 0.0], [42.0, -40.0, 1.0], [-182.0, 51.0, 0.0], [9.0, -18.0, 0.0], [29.0, -39.0, 0.0], [9.0, -4.0, 1.0], [135.0, 9.0, 0.0], [2.0, 42.0, 0.0], [14.0, 102.0, 0.0], [11.0, 53.0, 0.0], [21.0, 252.0, 0.0], [5.0, -3.0, 1.0], [-49.0, 16.0, 0.0], [39.0, -28.0, 1.0], [-202.0, -439.0, 0.0], [23.0, 3.0, 0.0], [127.0, 2.0, 0.0], [14.0, 5.0, 1.0], [-101.0, 24.703125, 0.0], [5.0, -63.0, 1.0], [-31.0, 29.0, 0.0], [-1.0, 3.0, 0.0], [3.0, -1.0, 0.0], [50.0, -54.0, 1.0], [-78.0, 19.0, 0.0], [38.0, 15.0, 0.0], [53.0, 8.0, 1.0], [-17.0, -49.0, 0.0], [3.0, -3.0, 0.0], [1.0, -18.0, 0.0], [11.0, 9.0, 0.0], [10.0, 0.0, 0.0], [-2.0, -15.0, 1.0], [-87.0, 99.0, 0.0], [-5.0, 4.0, 0.0], [10.0, 3.0, 0.0], [2.0, 4.0, 0.0], [-12.0, 9.0, 1.0], [99.0, -51.0, 0.0], [4.0, 19.0, 1.0], [-10.0, -18.0, 0.0], [12.0, -4.0, 1.0], [-6.0, 15.0, 0.0], [11.0, -4.0, 1.0], [-9.0, 16.0, 0.0], [14.0, -8.0, 1.0], [-141.0, -45.0, 0.0], [5.0, 8.0, 0.0], [7.0, -10.0, 0.0], [5.0, 6.0, 0.0], [5.0, 1.0, 0.0], [6.0, -6.0, 0.0], [3.0, -9.0, 1.0]], "gt_class_names": ["cloud", "cloud", "tower", "compass"]}