{"img_id": "sceneid-57-userid-21", "img_w": 1100, "img_h": 770, "object_divisions": [0, 11, 24, 34, 38], "scene_strokes": [[324.421875, 294.703125, 0.0], [-10.0, 161.0, 1.0], [11.0, -178.0, 0.0], [40.0, -10.0, 0.0], [48.0, -7.0, 0.0], [129.0, -11.0, 0.0], [100.0, 0.0, 0.0], [34.0, 3.0, 0.0], [27.0, 7.0, 0.0], [26.0, 16.0, 0.0], [17.0, 27.0, 0.0], [14.0, 36.0, 0.0], [14.0, 49.0, 0.0], [6.0, 28.0, 0.0], [0.0, 17.0, 0.0], [-10.0, 9.0, 0.0], [-62.0, 12.0, 0.0], [-175.0, 22.0, 0.0], [-120.0, 8.0, 0.0], [-26.0, -2.0, 0.0], [-27.0, -9.0, 0.0], [-13.0, -9.0, 0.0], [-10.0, -15.0, 0.0], [-9.0, -7.0, 0.0], [-9.0, -20.0, 1.0], [80.0, -75.0, 0.0], [22.0, 1.0, 0.0], [60.0, -5.0, 0.0], [11.0, -7.0, 0.0], [0.0, -14.0, 0.0], [-9.0, -23.0, 0.0], [-14.0, -22.0, 0.0], [-10.0, -1.0, 0.0], [-34.0, 11.0, 0.0], [-18.0, 9.0, 0.0], [-12.0, 9.0, 0.0], [-2.0, 5.0, 0.0], [9.0, 51.0, 1.0], [122.0, 21.0, 0.0], [12.0, -12.0, 0.0], [10.0, -3.0, 0.0], [15.0, -2.0, 0.0], [23.0, 8.0, 0.0], [12.0, 16.0, 0.0], [2.0, 8.0, 0.0], [-2.0, 19.0, 0.0], [-9.0, 14.0, 0.0], [-19.0, 10.0, 0.0], [-20.0, 3.0, 0.0], [-23.0, -5.0, 0.0], [-7.0, -7.0, 0.0], [-6.0, -12.0, 0.0], [-1.0, -19.0, 0.0], [11.0, -20.0, 0.0], [12.0, -8.0, 1.0], [12.0, 30.0, 0.0], [12.0, -9.0, 0.0], [12.0, 3.0, 0.0], [5.0, 11.0, 0.0], [-5.0, 16.0, 0.0], [-13.0, 4.0, 0.0], [-16.0, -2.0, 0.0], [-5.0, -14.0, 0.0], [3.0, -6.0, 0.0], [14.0, -9.0, 1.0], [-42.0, 2.0, 0.0], [4.0, -18.0, 0.0], [9.0, -20.0, 1.0], [72.0, 24.0, 0.0], [-1.0, -36.0, 1.0], [-77.0, 7.0, 0.0], [106.0, -13.0, 0.0], [8.0, 43.0, 0.0], [0.0, 26.0, 1.0], [-107.0, -59.0, 0.0], [-36.0, 9.0, 0.0], [-15.0, 11.0, 0.0], [-1.0, 17.0, 0.0], [12.0, 92.0, 1.0], [148.0, -70.0, 0.0], [3.0, 50.0, 1.0], [-242.0, -35.0, 0.0], [52.0, -4.0, 0.0], [5.0, 28.0, 0.0], [-7.0, -4.0, 0.0], [-60.0, 0.0, 0.0], [-7.0, -7.0, 0.0], [0.0, -7.0, 0.0], [5.0, -4.0, 0.0], [21.0, -7.0, 0.0], [28.0, -2.0, 0.0], [4.0, 4.0, 1.0], [-28.578125, -2.296875, 0.0], [-2.0, 4.0, 0.0], [-7.0, -6.0, 0.0], [-4.0, 14.0, 0.0], [0.0, -27.0, 0.0], [10.0, -45.0, 0.0], [20.0, -16.0, 0.0], [23.0, -4.0, 0.0], [8.0, 13.0, 0.0], [4.0, 40.0, 0.0], [-6.0, 28.0, 0.0], [-4.0, 9.0, 0.0], [-2.0, -3.0, 1.0], [-20.0, -88.0, 0.0], [-1.0, -7.0, 0.0], [3.0, -2.0, 1.0], [11.0, 7.0, 0.0], [7.0, -12.0, 1.0], [-25.0, 4.0, 0.0], [-10.0, -5.0, 0.0], [-1.0, -6.0, 0.0], [7.0, -9.0, 0.0], [16.0, -11.0, 0.0], [10.0, -2.0, 0.0], [14.0, 3.0, 0.0], [9.0, 7.0, 0.0], [-1.0, 13.0, 0.0], [-6.0, 3.0, 0.0], [-30.0, 0.0, 0.0], [-10.0, -2.0, 0.0], [-2.0, -4.0, 1.0], [0.0, -10.0, 0.0], [-3.0, 3.0, 0.0], [-5.0, -8.0, 0.0], [2.0, -5.0, 0.0], [7.0, -3.0, 0.0], [38.0, -8.0, 0.0], [13.0, 0.0, 0.0], [14.0, 7.0, 0.0], [1.0, 10.0, 0.0], [-3.0, 5.0, 0.0], [-42.0, 5.0, 0.0], [-33.0, 0.0, 0.0], [-1.0, -9.0, 0.0], [5.0, -6.0, 0.0], [19.0, -6.0, 1.0], [-9.0, 1.0, 0.0], [-9.0, 16.0, 0.0], [19.0, -15.0, 0.0], [-7.0, 13.0, 0.0], [5.0, -2.0, 0.0], [15.0, -13.0, 0.0], [-15.0, 19.0, 0.0], [0.0, 4.0, 0.0], [26.0, -20.0, 0.0], [-11.0, 12.0, 0.0], [24.0, -14.0, 0.0], [-13.0, 14.0, 0.0], [20.0, -12.0, 0.0], [-7.0, 8.0, 0.0], [13.0, -5.0, 0.0], [-9.0, 9.0, 0.0], [11.0, -3.0, 0.0], [-7.0, 6.0, 1.0], [-9.0, 2.0, 0.0], [9.0, -16.0, 0.0], [-13.0, 0.0, 0.0], [-7.0, 3.0, 0.0], [1.0, 2.0, 0.0], [11.0, -7.0, 0.0], [-18.0, 12.0, 0.0], [16.0, -12.0, 0.0], [-10.0, 10.0, 1.0], [-6.0, 125.0, 0.0], [15.0, 37.0, 0.0], [-1.0, 11.0, 0.0], [-3.0, 2.0, 1.0], [-65.0, -51.0, 0.0], [5.0, 31.0, 0.0], [-1.0, 37.0, 1.0], [59.0, -126.0, 0.0], [2.0, -1.0, 1.0], [0.0, 110.0, 0.0], [10.0, -3.0, 0.0], [-10.0, 6.0, 0.0], [12.0, -5.0, 0.0], [-10.0, 6.0, 0.0], [10.0, -5.0, 0.0], [-9.0, 3.0, 0.0], [9.0, -6.0, 1.0], [-70.0, 17.0, 0.0], [7.0, -4.0, 0.0], [-10.0, 2.0, 0.0], [13.0, -7.0, 0.0], [-14.0, 6.0, 0.0], [12.0, -5.0, 0.0], [-3.0, -7.0, 1.0], [52.0, -105.0, 0.0], [22.0, -16.0, 0.0], [45.0, -24.0, 1.0], [151.421875, -38.296875, 0.0], [-11.0, 35.0, 1.0], [16.0, -39.0, 0.0], [21.0, 47.0, 0.0], [-44.0, -6.0, 1.0], [0.0, 1.0, 0.0], [-4.0, 6.0, 0.0], [3.0, 18.0, 0.0], [13.0, 8.0, 0.0], [13.0, 3.0, 0.0], [15.0, -1.0, 0.0], [7.0, -6.0, 0.0], [1.0, -16.0, 0.0], [-7.0, -8.0, 1.0], [-26.0, -1.0, 0.0], [-17.0, 18.0, 1.0], [31.0, -17.0, 0.0], [-17.0, 22.0, 1.0], [25.0, -15.0, 0.0], [-16.0, 23.0, 1.0], [-18.0, -17.0, 0.0], [9.0, 11.0, 0.0], [13.0, 7.0, 0.0], [7.0, 0.0, 1.0], [-21.0, -25.0, 0.0], [9.0, 13.0, 0.0], [18.0, 11.0, 1.0], [-5.0, -26.0, 0.0], [18.0, 19.0, 1.0], [-29.0, -22.0, 0.0], [18.0, 21.0, 1.0], [25.421875, 2.703125, 0.0], [-17.0, 23.0, 0.0], [-23.0, 40.0, 1.0], [43.0, -62.0, 0.0], [21.0, 57.0, 0.0], [-35.0, -1.0, 0.0], [-33.0, 5.0, 1.0], [4.0, 3.0, 0.0], [-16.0, -1.0, 0.0], [-4.0, 5.0, 0.0], [0.0, 15.0, 0.0], [9.0, 0.0, 0.0], [-6.0, 18.0, 0.0], [2.0, 14.0, 0.0], [6.0, -2.0, 0.0], [3.0, -16.0, 0.0], [5.0, -8.0, 0.0], [44.0, -5.0, 0.0], [-3.0, 9.0, 0.0], [1.0, 22.0, 0.0], [4.0, 8.0, 0.0], [6.0, 2.0, 0.0], [4.0, -5.0, 0.0], [2.0, -16.0, 0.0], [-2.0, -16.0, 0.0], [-4.0, -6.0, 0.0], [31.0, -3.0, 1.0], [-22.0, -22.0, 0.0], [26.0, 2.0, 0.0], [5.0, 20.0, 0.0], [-16.0, 2.0, 1.0]], "gt_class_names": ["cannon", "yoga", "helmet", "rifle"]}