{"img_id": "sceneid-165-userid-98", "img_w": 1100, "img_h": 770, "object_divisions": [0, 4, 5, 9, 19, 22, 26, 31], "scene_strokes": [[47.0, 406.703125, 0.0], [17.0, -16.0, 0.0], [26.0, -8.0, 0.0], [21.0, 4.0, 0.0], [9.0, 7.0, 0.0], [8.0, 13.0, 0.0], [12.0, 5.0, 0.0], [88.0, -20.0, 0.0], [21.0, 3.0, 0.0], [35.0, 13.0, 0.0], [13.0, -2.0, 0.0], [37.0, -16.0, 0.0], [25.0, 0.0, 0.0], [25.0, 9.0, 0.0], [53.0, -15.0, 0.0], [12.0, 0.0, 0.0], [31.0, 9.0, 0.0], [43.0, -9.0, 0.0], [39.0, 15.0, 0.0], [42.0, -13.0, 0.0], [35.0, 15.0, 0.0], [33.0, -8.0, 0.0], [39.0, 8.0, 0.0], [62.0, -8.0, 0.0], [20.0, 8.0, 0.0], [15.0, 2.0, 0.0], [31.0, -10.0, 0.0], [11.0, 0.0, 0.0], [15.0, 8.0, 0.0], [13.0, 0.0, 0.0], [20.0, -5.0, 0.0], [37.0, 0.0, 0.0], [32.0, -9.0, 0.0], [14.0, 1.0, 1.0], [-785.0, 101.0, 0.0], [14.0, -8.0, 0.0], [33.0, 1.0, 0.0], [28.0, -13.0, 0.0], [15.0, 7.0, 0.0], [10.0, 0.0, 0.0], [35.0, -12.0, 0.0], [13.0, 6.0, 1.0], [260.0, 2.0, 0.0], [27.0, -13.0, 0.0], [8.0, 0.0, 0.0], [25.0, 10.0, 0.0], [38.0, -9.0, 0.0], [29.0, 8.0, 0.0], [13.0, 0.0, 0.0], [75.0, -13.0, 1.0], [-292.0, 102.0, 0.0], [18.0, 0.0, 0.0], [41.0, -13.0, 0.0], [31.0, 1.0, 0.0], [30.0, -12.0, 0.0], [19.0, -4.0, 0.0], [28.0, 8.0, 0.0], [31.0, -2.0, 1.0], [-409.0, -176.296875, 0.0], [6.0, 12.0, 0.0], [7.0, 5.0, 0.0], [25.0, 8.0, 0.0], [44.0, 8.0, 0.0], [224.0, 0.0, 0.0], [40.0, -18.0, 0.0], [37.0, -35.0, 0.0], [5.0, -11.0, 0.0], [-10.0, 0.0, 0.0], [-19.0, 11.0, 0.0], [-38.0, 9.0, 0.0], [-95.0, 8.0, 0.0], [-90.0, 3.0, 0.0], [-52.0, -3.0, 0.0], [-29.0, -5.0, 0.0], [-55.0, -13.0, 0.0], [-17.0, -10.0, 0.0], [12.0, 30.0, 0.0], [13.0, 13.0, 1.0], [155.0, -121.296875, 0.0], [-9.0, -5.0, 0.0], [-13.0, 7.0, 0.0], [-5.0, 7.0, 0.0], [-4.0, 15.0, 0.0], [3.0, 7.0, 0.0], [9.0, 3.0, 0.0], [19.0, -6.0, 0.0], [11.0, -11.0, 0.0], [1.0, -9.0, 0.0], [-4.0, -6.0, 0.0], [-8.0, -4.0, 0.0], [-8.0, 1.0, 1.0], [-10.0, 41.0, 0.0], [1.0, 56.0, 0.0], [-14.0, 15.0, 0.0], [5.0, -4.0, 0.0], [6.0, -13.0, 0.0], [19.0, 16.0, 0.0], [0.0, -7.0, 1.0], [-16.0, -48.0, 0.0], [-21.0, 12.0, 0.0], [-6.0, 0.0, 1.0], [36.0, -13.0, 0.0], [-4.0, -1.0, 0.0], [12.0, 10.0, 1.0], [-71.0, -6.296875, 0.0], [-8.0, -1.0, 0.0], [-3.0, 4.0, 0.0], [1.0, 6.0, 0.0], [5.0, 1.0, 0.0], [7.0, -9.0, 1.0], [1.0, 7.0, 0.0], [6.0, 2.0, 1.0], [8.0, -1.0, 0.0], [-7.0, 3.0, 0.0], [0.0, 8.0, 0.0], [7.0, 3.0, 0.0], [8.0, -6.0, 0.0], [-1.0, -7.0, 0.0], [-6.0, 0.0, 1.0], [-4.0, -1.0, 0.0], [-1.0, 0.0, 1.0], [0.0, 0.0, 0.0], [2.0, 2.0, 0.0], [12.0, -11.0, 1.0], [-1.0, 13.0, 0.0], [9.0, -11.0, 1.0], [-30.0, 5.0, 0.0], [5.0, -9.0, 0.0], [8.0, -6.0, 1.0], [-28.0, 10.0, 0.0], [18.0, -15.0, 0.0], [4.0, 1.0, 0.0], [3.0, 7.0, 0.0], [5.0, -1.0, 0.0], [-2.0, -9.0, 0.0], [-7.0, -2.0, 0.0], [0.0, 3.0, 1.0], [19.0, 11.0, 0.0], [-2.0, 3.0, 0.0], [8.0, 4.0, 0.0], [-2.0, -8.0, 0.0], [-5.0, -1.0, 0.0], [1.0, 2.0, 1.0], [-14.0, 6.0, 0.0], [-2.0, -4.0, 0.0], [9.0, 6.0, 1.0], [110.0, 40.703125, 0.0], [1.0, 5.0, 0.0], [5.0, -6.0, 0.0], [23.0, -37.0, 0.0], [35.0, -41.0, 1.0], [0.0, 2.0, 0.0], [-1.0, -8.0, 0.0], [6.0, -4.0, 0.0], [7.0, 3.0, 0.0], [1.0, 8.0, 0.0], [-14.0, 0.0, 0.0], [8.0, -5.0, 0.0], [-7.0, 1.0, 0.0], [2.0, -3.0, 0.0], [4.0, 4.0, 0.0], [2.0, -3.0, 1.0], [9.0, 9.0, 0.0], [41.0, 10.0, 0.0], [25.0, 10.0, 0.0], [19.0, 14.0, 0.0], [9.0, 11.0, 0.0], [5.0, 22.0, 0.0], [-2.0, 16.0, 0.0], [-16.0, 43.0, 0.0], [-18.0, 33.0, 0.0], [0.0, 6.0, 0.0], [-3.0, -2.0, 0.0], [6.0, 0.0, 0.0], [-1.0, 15.0, 0.0], [-8.0, 1.0, 0.0], [-10.0, -5.0, 0.0], [-1.0, -10.0, 0.0], [4.0, 5.0, 0.0], [13.0, 5.0, 0.0], [-2.0, -12.0, 0.0], [-3.0, 2.0, 1.0], [132.0, -13.296875, 0.0], [-9.0, -2.0, 0.0], [-22.0, 8.0, 0.0], [-12.0, 11.0, 0.0], [2.0, 5.0, 0.0], [35.0, 1.0, 0.0], [22.0, -7.0, 0.0], [1.0, -6.0, 0.0], [-5.0, -6.0, 0.0], [-16.0, -7.0, 1.0], [-24.0, 11.0, 0.0], [7.0, 4.0, 0.0], [-1.0, 11.0, 1.0], [-12.0, -7.0, 0.0], [3.0, 2.0, 1.0], [43.0, -12.0, 0.0], [10.0, -3.0, 0.0], [10.0, -10.0, 0.0], [1.0, 41.0, 0.0], [-13.0, -16.0, 0.0], [-10.0, -1.0, 1.0], [-48.0, 54.703125, 0.0], [1.0, -1.0, 1.0], [0.0, -2.0, 0.0], [-6.0, 2.0, 0.0], [5.0, 5.0, 0.0], [0.0, 12.0, 0.0], [-7.0, 6.0, 0.0], [-6.0, -2.0, 0.0], [-2.0, -21.0, 0.0], [8.0, -5.0, 0.0], [4.0, 4.0, 1.0], [1.0, -1.0, 0.0], [41.0, -1.0, 0.0], [6.0, 12.0, 0.0], [-8.0, 9.0, 0.0], [-12.0, 4.0, 0.0], [-16.0, 0.0, 0.0], [-13.0, -4.0, 1.0], [44.0, -16.0, 0.0], [15.0, -14.0, 0.0], [-1.0, 31.0, 0.0], [4.0, 14.0, 0.0], [-16.0, -14.0, 0.0], [-6.0, 0.0, 1.0], [-45.0, -8.0, 0.0], [1.0, -2.0, 0.0], [-3.0, 1.0, 1.0]], "gt_class_names": ["ocean", "sailboat", "yoga", "binoculars", "fishing rod", "fish", "fish"]}