{"img_id": "sceneid-83-userid-40", "img_w": 1100, "img_h": 770, "object_divisions": [0, 18, 21, 24, 27, 30, 33, 53], "scene_strokes": [[557.421875, 219.703125, 0.0], [7.0, 97.0, 0.0], [-4.0, 187.0, 0.0], [12.0, -3.0, 0.0], [120.0, -3.0, 0.0], [96.0, 7.0, 0.0], [57.0, 8.0, 0.0], [24.0, 0.0, 0.0], [-14.0, -227.0, 0.0], [0.0, -91.0, 0.0], [-90.0, 9.0, 0.0], [-174.0, 2.0, 0.0], [-54.0, 9.0, 1.0], [1.0, 6.0, 0.0], [18.0, -55.0, 0.0], [1.0, -12.0, 0.0], [134.0, -2.0, 0.0], [118.0, -19.0, 0.0], [24.0, 12.0, 0.0], [56.0, 52.0, 0.0], [-7.0, -2.0, 0.0], [-42.0, 3.0, 1.0], [-62.0, -105.0, 0.0], [2.0, 39.0, 1.0], [1.0, -49.0, 0.0], [12.0, 0.0, 0.0], [8.0, 9.0, 0.0], [3.0, 48.0, 1.0], [-29.0, -54.0, 0.0], [-6.0, 1.0, 0.0], [-5.0, -22.0, 0.0], [-7.0, -7.0, 0.0], [2.0, -14.0, 0.0], [6.0, -11.0, 0.0], [34.0, -7.0, 0.0], [21.0, 2.0, 0.0], [32.0, -6.0, 0.0], [4.0, 5.0, 0.0], [-3.0, 11.0, 0.0], [3.0, 2.0, 0.0], [28.0, -2.0, 0.0], [4.0, 5.0, 0.0], [-10.0, 33.0, 0.0], [0.0, 4.0, 0.0], [3.0, 1.0, 0.0], [-31.0, 1.0, 0.0], [-8.0, -4.0, 0.0], [-6.0, -8.0, 0.0], [-38.0, 9.0, 0.0], [-6.0, -1.0, 0.0], [-1.0, -5.0, 0.0], [-4.0, -1.0, 0.0], [-17.0, 9.0, 1.0], [2.0, -5.0, 0.0], [-2.0, -8.0, 0.0], [-13.0, -5.0, 0.0], [9.0, -16.0, 0.0], [10.0, -9.0, 0.0], [3.0, 2.0, 1.0], [20.0, -1.0, 0.0], [14.0, -1.0, 0.0], [13.0, 19.0, 0.0], [33.0, 6.0, 0.0], [-1.0, 4.0, 0.0], [-13.0, 3.0, 0.0], [-23.0, -10.0, 1.0], [-34.0, -9.0, 0.0], [0.0, 1.0, 1.0], [49.0, -8.0, 0.0], [9.0, 5.0, 0.0], [6.0, 23.0, 0.0], [5.0, 3.0, 1.0], [-186.0, 321.0, 0.0], [5.0, 32.0, 0.0], [0.0, 58.0, 1.0], [-3.0, -89.0, 0.0], [-4.0, -6.0, 0.0], [84.0, -16.0, 0.0], [-1.0, 58.0, 0.0], [-11.0, 53.0, 0.0], [-1.0, 23.0, 1.0], [-15.0, -63.0, 0.0], [1.0, -2.0, 1.0], [-127.0, -177.0, 0.0], [4.0, 66.0, 0.0], [12.0, 1.0, 0.0], [46.0, -9.0, 0.0], [-2.0, -65.0, 0.0], [-35.0, 4.0, 0.0], [-32.0, 9.0, 1.0], [35.0, -3.0, 0.0], [2.0, 68.0, 1.0], [-32.0, -32.0, 0.0], [59.0, -10.0, 0.0], [16.0, 0.0, 1.0], [93.0, -46.0, 0.0], [-2.0, 92.0, 0.0], [42.0, -13.0, 0.0], [22.0, 1.0, 0.0], [-2.0, -45.0, 0.0], [-8.0, -46.0, 0.0], [-30.0, 11.0, 0.0], [-37.0, 5.0, 1.0], [41.0, -2.0, 0.0], [3.0, 92.0, 1.0], [-35.0, -40.0, 0.0], [72.0, -16.0, 1.0], [-300.578125, 193.703125, 0.0], [7.0, -10.0, 0.0], [-5.0, 10.0, 0.0], [-10.0, 4.0, 0.0], [-8.0, -2.0, 0.0], [-15.0, -12.0, 0.0], [-9.0, 1.0, 0.0], [-53.0, 30.0, 0.0], [-8.0, -17.0, 0.0], [-37.0, 15.0, 0.0], [-8.0, -1.0, 0.0], [-18.0, -17.0, 0.0], [-61.0, 9.0, 0.0], [-50.0, -15.0, 0.0], [-35.0, 6.0, 0.0], [-32.0, 13.0, 0.0], [-21.0, 6.0, 0.0], [-11.0, 0.0, 0.0], [-28.0, -20.0, 0.0], [-12.0, -6.0, 0.0], [-10.0, 0.0, 0.0], [-14.0, 4.0, 0.0], [-51.0, 29.0, 0.0], [-15.0, 5.0, 0.0], [-13.0, -6.0, 0.0], [-15.0, -16.0, 1.0], [525.0, -15.0, 0.0], [10.0, 13.0, 0.0], [8.0, 4.0, 0.0], [22.0, -2.0, 1.0], [311.0, 15.0, 0.0], [-9.0, 4.0, 0.0], [1.0, -4.0, 0.0], [20.0, -14.0, 0.0], [25.0, -11.0, 0.0], [13.0, -2.0, 0.0], [5.0, 3.0, 0.0], [8.0, 16.0, 0.0], [8.0, 3.0, 0.0], [69.0, -12.0, 0.0], [12.0, 4.0, 0.0], [11.0, 21.0, 0.0], [9.0, 8.0, 0.0], [69.0, 5.0, 1.0], [-143.578125, -83.296875, 0.0], [-1.0, 67.0, 1.0], [1.0, -67.0, 0.0], [-7.0, 2.0, 0.0], [-13.0, -5.0, 0.0], [-5.0, -6.0, 0.0], [-1.0, -19.0, 0.0], [4.0, -9.0, 0.0], [14.0, -9.0, 0.0], [13.0, 1.0, 0.0], [9.0, 8.0, 0.0], [3.0, 15.0, 0.0], [-4.0, 10.0, 0.0], [-12.0, 6.0, 0.0], [-8.0, -3.0, 1.0], [14.0, -5.0, 0.0], [29.0, 17.0, 0.0], [-7.0, -19.0, 0.0], [-10.0, -13.0, 0.0], [12.0, -11.0, 0.0], [1.0, -6.0, 0.0], [-20.0, 0.0, 0.0], [2.0, -21.0, 0.0], [-28.0, 11.0, 0.0], [-3.0, -1.0, 0.0], [-2.0, -8.0, 0.0], [-14.0, 16.0, 0.0], [-8.0, 2.0, 0.0], [-5.0, -4.0, 0.0], [4.0, 7.0, 0.0], [10.0, 4.0, 0.0], [-22.0, 28.0, 0.0], [0.0, 5.0, 0.0], [20.0, 2.0, 0.0], [-1.0, 13.0, 0.0], [46.0, 0.0, 1.0], [-517.578125, -17.296875, 0.0], [-5.0, -11.0, 0.0], [7.0, 39.0, 0.0], [2.0, 46.0, 1.0], [-8.0, -78.0, 0.0], [-13.0, 3.0, 0.0], [-7.0, -4.0, 0.0], [-7.0, -10.0, 0.0], [0.0, -15.0, 0.0], [7.0, -14.0, 0.0], [8.0, -6.0, 0.0], [12.0, 0.0, 0.0], [11.0, 10.0, 0.0], [-2.0, 13.0, 0.0], [-25.0, 12.0, 0.0], [-7.0, -1.0, 1.0], [24.0, 3.0, 0.0], [13.0, 15.0, 0.0], [8.0, 3.0, 0.0], [-1.0, -18.0, 0.0], [-7.0, -6.0, 0.0], [5.0, -18.0, 0.0], [-13.0, -5.0, 0.0], [10.0, -29.0, 0.0], [-29.0, 7.0, 0.0], [-9.0, -2.0, 0.0], [-22.0, 25.0, 0.0], [8.0, 20.0, 0.0], [11.0, 11.0, 0.0], [0.0, 15.0, 0.0], [5.0, 7.0, 0.0], [11.0, 5.0, 0.0], [13.0, -2.0, 1.0], [-175.578125, 1.703125, 0.0], [3.0, 49.0, 1.0], [3.0, -54.0, 0.0], [-23.0, -4.0, 0.0], [-7.0, -13.0, 0.0], [-1.0, -7.0, 0.0], [5.0, -16.0, 0.0], [5.0, -4.0, 0.0], [10.0, -1.0, 0.0], [12.0, 8.0, 0.0], [6.0, 18.0, 0.0], [-9.0, 22.0, 0.0], [-4.0, 2.0, 0.0], [-6.0, -5.0, 1.0], [9.0, 1.0, 0.0], [-1.0, 5.0, 0.0], [3.0, 2.0, 0.0], [20.0, -5.0, 0.0], [1.0, -4.0, 0.0], [-5.0, -4.0, 0.0], [-3.0, -9.0, 0.0], [12.0, -28.0, 0.0], [-12.0, 3.0, 0.0], [1.0, -16.0, 0.0], [-20.0, 0.0, 0.0], [-3.0, -2.0, 0.0], [-3.0, -15.0, 0.0], [-10.0, 6.0, 0.0], [-20.0, 22.0, 0.0], [-3.0, 1.0, 0.0], [3.0, -8.0, 0.0], [-3.0, 6.0, 0.0], [-3.0, 17.0, 0.0], [8.0, 18.0, 0.0], [29.0, 13.0, 0.0], [7.0, 12.0, 0.0], [9.0, -2.0, 1.0], [-205.578125, -10.296875, 0.0], [2.0, 58.0, 1.0], [0.0, -51.0, 0.0], [-18.0, -8.0, 0.0], [-8.0, -10.0, 0.0], [-1.0, -6.0, 0.0], [6.0, -23.0, 0.0], [14.0, -7.0, 0.0], [14.0, 2.0, 0.0], [8.0, 7.0, 0.0], [2.0, 18.0, 0.0], [-5.0, 14.0, 0.0], [-7.0, 8.0, 0.0], [-10.0, 7.0, 0.0], [-5.0, 0.0, 1.0], [25.0, -12.0, 0.0], [8.0, 18.0, 0.0], [4.0, 2.0, 0.0], [3.0, -26.0, 0.0], [-7.0, 1.0, 0.0], [6.0, -29.0, 0.0], [-13.0, 0.0, 0.0], [1.0, -14.0, 0.0], [-17.0, 10.0, 0.0], [-4.0, -1.0, 0.0], [-2.0, -23.0, 0.0], [-22.0, 11.0, 0.0], [-13.0, 0.0, 0.0], [-7.0, 13.0, 0.0], [-2.0, 15.0, 0.0], [2.0, 6.0, 0.0], [17.0, 2.0, 0.0], [2.0, 34.0, 0.0], [9.0, 3.0, 0.0], [5.0, 8.0, 0.0], [9.0, 0.0, 0.0], [6.0, 5.0, 0.0], [14.0, -14.0, 0.0], [-3.0, -20.0, 1.0], [178.421875, 207.703125, 0.0], [-28.0, 60.0, 1.0], [61.0, -60.0, 0.0], [17.0, 68.0, 1.0], [-74.0, -77.0, 0.0], [37.0, 8.0, 0.0], [31.0, 0.0, 1.0], [-2.0, 0.0, 0.0], [13.0, -4.0, 0.0], [13.0, -13.0, 0.0], [8.0, -20.0, 0.0], [-2.0, -23.0, 1.0], [15.0, -17.0, 0.0], [-17.0, 24.0, 1.0], [23.0, -25.0, 0.0], [-6.0, -16.0, 0.0], [-10.0, -7.0, 0.0], [-10.0, -1.0, 0.0], [-10.0, 8.0, 0.0], [-5.0, 10.0, 0.0], [-1.0, 24.0, 1.0], [0.0, 5.0, 0.0], [-2.0, 3.0, 0.0], [-21.0, -15.0, 0.0], [-12.0, 0.0, 0.0], [-38.0, 18.0, 0.0], [-13.0, 14.0, 0.0], [-4.0, 14.0, 0.0], [2.0, 8.0, 0.0], [11.0, 6.0, 0.0], [4.0, -2.0, 1.0], [62.0, -46.0, 0.0], [-10.0, 14.0, 0.0], [-19.0, 11.0, 0.0], [-4.0, 6.0, 1.0], [14.0, -17.0, 0.0], [-23.0, 20.0, 0.0], [-12.0, 6.0, 1.0], [5.0, -36.0, 0.0], [-14.0, 12.0, 1.0], [-4.0, 15.0, 0.0], [15.0, -1.0, 0.0], [-12.0, 13.0, 0.0], [-5.0, 1.0, 0.0], [1.0, -3.0, 1.0], [29.0, -13.0, 0.0], [5.0, -10.0, 1.0], [-2.0, 1.0, 0.0], [-15.0, 12.0, 1.0], [89.0, -74.0, 0.0], [-1.0, 1.0, 1.0], [2.0, 17.0, 0.0], [4.0, -1.0, 1.0], [-6.0, -12.0, 0.0], [0.0, -2.0, 1.0], [-2.0, 11.0, 0.0], [7.0, 3.0, 0.0], [6.0, -4.0, 1.0], [4.0, 7.0, 0.0], [14.0, 9.0, 0.0], [-26.0, -2.0, 1.0], [-33.0, 145.0, 0.0], [0.0, -4.0, 0.0], [21.0, -9.0, 1.0], [-98.0, 4.0, 0.0], [17.0, 1.0, 1.0]], "gt_class_names": ["house", "garden", "flower", "flower", "flower", "flower", "chicken"]}