{"img_id": "sceneid-37-userid-12", "img_w": 1100, "img_h": 770, "object_divisions": [0, 6, 9, 12, 14], "scene_strokes": [[385.421875, 322.703125, 0.0], [1.0, 109.0, 0.0], [-4.0, 54.0, 1.0], [1.0, -2.0, 0.0], [-17.0, 16.0, 0.0], [-41.0, 64.0, 0.0], [-27.0, 49.0, 1.0], [78.0, -131.0, 0.0], [9.0, 11.0, 0.0], [16.0, 36.0, 0.0], [37.0, 62.0, 0.0], [13.0, 33.0, 0.0], [3.0, -1.0, 1.0], [-75.0, -305.0, 0.0], [-76.0, -8.0, 0.0], [-24.0, -9.0, 1.0], [103.0, 16.0, 0.0], [95.0, -20.0, 0.0], [59.0, -8.0, 1.0], [-158.0, 25.0, 0.0], [17.0, 0.0, 0.0], [11.0, -4.0, 0.0], [9.0, -8.0, 0.0], [6.0, -13.0, 0.0], [1.0, -22.0, 0.0], [-6.0, -10.0, 0.0], [-10.0, -7.0, 0.0], [-29.0, -4.0, 0.0], [-11.0, 5.0, 0.0], [-5.0, 13.0, 0.0], [0.0, 34.0, 0.0], [12.0, 21.0, 1.0], [-20.578125, -76.296875, 0.0], [5.0, 3.0, 0.0], [43.0, -1.0, 0.0], [24.0, 3.0, 0.0], [61.0, -8.0, 1.0], [-135.0, 4.0, 0.0], [4.0, -22.0, 0.0], [8.0, -19.0, 0.0], [15.0, -15.0, 0.0], [19.0, -5.0, 0.0], [9.0, 2.0, 0.0], [18.0, 16.0, 0.0], [7.0, 17.0, 0.0], [2.0, 31.0, 0.0], [3.0, 2.0, 1.0], [-63.0, -51.0, 0.0], [0.0, 24.0, 0.0], [5.0, 14.0, 0.0], [7.0, 6.0, 0.0], [14.0, -2.0, 0.0], [13.0, -11.0, 0.0], [5.0, -10.0, 0.0], [-1.0, -22.0, 0.0], [-4.0, 0.0, 0.0], [-20.0, 17.0, 0.0], [-2.0, -14.0, 0.0], [-8.0, 11.0, 0.0], [-15.0, -16.0, 1.0], [-155.578125, 161.703125, 0.0], [10.0, -22.0, 0.0], [27.0, -34.0, 0.0], [14.0, -7.0, 0.0], [12.0, 1.0, 0.0], [7.0, 8.0, 0.0], [4.0, 13.0, 0.0], [-9.0, 66.0, 1.0], [-2.0, 2.0, 0.0], [-9.0, 2.0, 0.0], [-9.0, 11.0, 0.0], [-7.0, 27.0, 0.0], [1.0, 9.0, 0.0], [10.0, 13.0, 0.0], [15.0, -3.0, 0.0], [14.0, -14.0, 0.0], [4.0, -16.0, 0.0], [-1.0, -12.0, 0.0], [-16.0, -17.0, 0.0], [-6.0, 0.0, 0.0], [-5.0, 4.0, 1.0], [-57.0, -28.0, 0.0], [-10.0, -5.0, 0.0], [-12.0, 10.0, 0.0], [-4.0, 30.0, 0.0], [6.0, 13.0, 0.0], [8.0, 3.0, 0.0], [6.0, 0.0, 0.0], [12.0, -9.0, 0.0], [10.0, -29.0, 0.0], [-3.0, -17.0, 0.0], [-6.0, -4.0, 0.0], [-6.0, 0.0, 0.0], [-12.0, 8.0, 1.0], [340.421875, -89.296875, 0.0], [2.0, 26.0, 0.0], [-6.0, -46.0, 0.0], [3.0, 49.0, 0.0], [1.0, -36.0, 0.0], [6.0, 26.0, 0.0], [-2.0, -28.0, 0.0], [-3.0, 1.0, 0.0], [-2.0, 22.0, 0.0], [-2.0, -27.0, 0.0], [-1.0, 26.0, 0.0], [0.0, -22.0, 0.0], [4.0, 22.0, 1.0], [-7.0, -27.0, 0.0], [40.0, 5.0, 0.0], [-28.0, 4.0, 0.0], [18.0, 0.0, 0.0], [25.0, -7.0, 0.0], [0.0, -4.0, 0.0], [-13.0, -1.0, 0.0], [-27.0, 9.0, 0.0], [19.0, 0.0, 0.0], [25.0, -11.0, 0.0], [0.0, -4.0, 0.0], [-20.0, 6.0, 0.0], [-15.0, 9.0, 0.0], [8.0, 1.0, 0.0], [13.0, -6.0, 0.0], [5.0, -5.0, 0.0], [-2.0, -2.0, 0.0], [-11.0, -1.0, 0.0], [-16.0, 5.0, 0.0], [-6.0, 4.0, 0.0], [8.0, 3.0, 0.0], [18.0, 0.0, 0.0], [-8.0, -4.0, 0.0], [-13.0, 2.0, 0.0], [-14.0, 8.0, 0.0], [28.0, -4.0, 0.0], [13.0, -9.0, 0.0], [-3.0, -2.0, 0.0], [-25.0, 9.0, 0.0], [7.0, 2.0, 0.0], [17.0, -6.0, 0.0], [2.0, -2.0, 0.0], [-3.0, -2.0, 0.0], [-8.0, 0.0, 0.0], [-22.0, 7.0, 0.0], [23.0, -1.0, 1.0]], "gt_class_names": ["yoga", "hat", "handcuffs", "rifle"]}