{"img_id": "sceneid-153-userid-76", "img_w": 1100, "img_h": 770, "object_divisions": [0, 4, 13, 21, 27], "scene_strokes": [[377.0, 377.703125, 0.0], [-11.0, 114.0, 1.0], [-27.0, -126.0, 0.0], [23.0, -5.0, 0.0], [331.0, 0.0, 0.0], [-4.0, -39.0, 0.0], [-11.0, 3.0, 0.0], [-163.0, -13.0, 0.0], [-109.0, -3.0, 0.0], [-73.0, 2.0, 0.0], [-2.0, 5.0, 0.0], [5.0, 24.0, 0.0], [-1.0, 16.0, 0.0], [2.0, 4.0, 0.0], [4.0, 0.0, 1.0], [-1.0, 0.0, 0.0], [-2.0, 20.0, 0.0], [7.0, 101.0, 0.0], [8.0, 12.0, 0.0], [20.0, -3.0, 0.0], [-6.0, -19.0, 0.0], [3.0, -125.0, 1.0], [302.0, 17.0, 0.0], [-3.0, 3.0, 0.0], [-10.0, 72.0, 0.0], [4.0, 61.0, 0.0], [4.0, 4.0, 0.0], [21.0, -6.0, 0.0], [11.0, 1.0, 0.0], [-7.0, -80.0, 0.0], [0.0, -33.0, 0.0], [-5.0, -29.0, 1.0], [-314.0, -76.296875, 0.0], [-5.0, 2.0, 0.0], [-3.0, 7.0, 0.0], [-1.0, 17.0, 0.0], [4.0, 8.0, 0.0], [15.0, 7.0, 0.0], [15.0, -6.0, 0.0], [9.0, -12.0, 0.0], [1.0, -9.0, 0.0], [-4.0, -8.0, 0.0], [-10.0, -8.0, 0.0], [-15.0, -4.0, 0.0], [-4.0, 1.0, 0.0], [-4.0, 7.0, 1.0], [40.0, 8.0, 0.0], [33.0, 3.0, 0.0], [140.0, 0.0, 1.0], [3.0, 2.0, 0.0], [18.0, 18.0, 0.0], [21.0, 28.0, 1.0], [-40.0, -51.0, 0.0], [49.0, -29.0, 1.0], [-137.0, 38.0, 0.0], [4.0, 3.0, 0.0], [16.0, 43.0, 1.0], [-24.0, -57.0, 0.0], [26.0, -18.0, 0.0], [20.0, -9.0, 1.0], [-163.0, 29.0, 0.0], [-2.0, -1.0, 0.0], [1.0, 2.0, 1.0], [4.0, 11.0, 0.0], [1.0, -2.0, 1.0], [13.0, -11.0, 0.0], [1.0, 11.0, 0.0], [-6.0, 10.0, 0.0], [-5.0, -1.0, 1.0], [289.0, -30.296875, 0.0], [-16.0, 9.0, 0.0], [13.0, 3.0, 0.0], [3.0, 0.0, 0.0], [-2.0, -2.0, 1.0], [6.0, -14.0, 0.0], [6.0, -5.0, 0.0], [5.0, 0.0, 0.0], [12.0, 8.0, 0.0], [-1.0, 11.0, 0.0], [-4.0, 3.0, 0.0], [-17.0, 0.0, 1.0], [-1.0, 2.0, 0.0], [-3.0, 3.0, 0.0], [2.0, 7.0, 0.0], [13.0, 6.0, 1.0], [1.0, 3.0, 0.0], [-12.0, 20.0, 1.0], [15.0, -22.0, 0.0], [13.0, 21.0, 1.0], [-13.0, -26.0, 0.0], [14.0, 5.0, 0.0], [23.0, -4.0, 0.0], [0.0, -15.0, 0.0], [-20.0, -8.0, 0.0], [-7.0, 2.0, 1.0], [1.0, 12.0, 0.0], [6.0, 11.0, 0.0], [14.0, 8.0, 0.0], [11.0, 4.0, 0.0], [7.0, -3.0, 0.0], [-14.0, -15.0, 0.0], [-25.0, -11.0, 1.0], [-21.0, -12.0, 0.0], [-1.0, 1.0, 1.0], [-442.0, 173.703125, 0.0], [-1.0, 45.0, 0.0], [10.0, 2.0, 0.0], [5.0, -9.0, 0.0], [-4.0, -40.0, 1.0], [-51.0, 8.0, 0.0], [-1.0, 37.0, 0.0], [3.0, 6.0, 0.0], [6.0, 1.0, 0.0], [10.0, -11.0, 0.0], [2.0, -9.0, 0.0], [-1.0, -20.0, 0.0], [-5.0, -6.0, 1.0], [-16.0, -2.0, 0.0], [-2.0, -15.0, 0.0], [-4.0, -6.0, 0.0], [-26.0, 4.0, 0.0], [-6.0, -12.0, 0.0], [16.0, -2.0, 0.0], [0.0, -13.0, 0.0], [7.0, -9.0, 0.0], [13.0, 2.0, 0.0], [5.0, 13.0, 1.0], [-16.0, -4.0, 0.0], [4.0, 9.0, 0.0], [7.0, 2.0, 0.0], [0.0, -9.0, 0.0], [-6.0, -5.0, 1.0], [15.0, 9.0, 0.0], [15.0, -6.0, 0.0], [18.0, -1.0, 0.0], [15.0, 5.0, 0.0], [7.0, 8.0, 0.0], [11.0, -4.0, 0.0], [15.0, 5.0, 0.0], [18.0, 18.0, 0.0], [0.0, 8.0, 0.0], [-24.0, -19.0, 0.0], [-12.0, -3.0, 0.0], [-16.0, 0.0, 0.0], [12.0, 8.0, 0.0], [2.0, 5.0, 0.0], [-22.0, 7.0, 0.0], [-2.0, -2.0, 1.0], [-25.0, 6.0, 0.0], [21.0, -1.0, 1.0]], "gt_class_names": ["bed", "yoga", "bird", "dog"]}