{"img_id": "sceneid-43-userid-18", "img_w": 1100, "img_h": 770, "object_divisions": [0, 5, 7, 8, 9, 10, 11, 12, 26], "scene_strokes": [[324.0, 309.703125, 0.0], [8.0, 6.0, 0.0], [9.0, 19.0, 0.0], [6.0, 39.0, 0.0], [-1.0, 14.0, 0.0], [-7.0, 21.0, 0.0], [-33.0, 60.0, 1.0], [102.0, -160.0, 0.0], [-14.0, 47.0, 0.0], [4.0, 31.0, 0.0], [8.0, 17.0, 0.0], [22.0, 21.0, 0.0], [9.0, 21.0, 0.0], [17.0, 26.0, 1.0], [-141.0, 2.0, 0.0], [6.0, 34.0, 0.0], [12.0, 17.0, 0.0], [22.0, 12.0, 0.0], [25.0, 1.0, 0.0], [26.0, -7.0, 0.0], [15.0, -10.0, 0.0], [15.0, -20.0, 0.0], [15.0, -34.0, 1.0], [-129.0, -162.0, 0.0], [6.0, 8.0, 0.0], [20.0, 6.0, 0.0], [13.0, 0.0, 0.0], [46.0, -12.0, 1.0], [-85.0, 4.0, 0.0], [23.0, -10.0, 0.0], [17.0, -2.0, 0.0], [31.0, 3.0, 0.0], [15.0, 6.0, 1.0], [-61.0, 10.703125, 0.0], [-10.0, -22.0, 0.0], [-2.0, -16.0, 0.0], [-11.0, -34.0, 1.0], [-8.0, 9.0, 0.0], [9.0, -3.0, 0.0], [4.0, -9.0, 0.0], [-9.0, -1.0, 0.0], [-8.0, 5.0, 0.0], [2.0, 5.0, 0.0], [5.0, 1.0, 0.0], [7.0, -5.0, 0.0], [3.0, -7.0, 0.0], [-8.0, 1.0, 0.0], [-11.0, 9.0, 0.0], [2.0, 5.0, 0.0], [17.0, 8.0, 0.0], [0.0, -23.0, 1.0], [21.0, 68.703125, 0.0], [-5.0, -34.0, 0.0], [3.0, -25.0, 0.0], [-5.0, -1.0, 0.0], [13.0, 1.0, 0.0], [4.0, -8.0, 0.0], [-7.0, -2.0, 0.0], [-11.0, 6.0, 0.0], [4.0, 21.0, 0.0], [2.0, -10.0, 0.0], [8.0, -11.0, 0.0], [4.0, -1.0, 1.0], [4.0, 62.703125, 0.0], [5.0, -37.0, 0.0], [11.0, -20.0, 0.0], [-2.0, -3.0, 0.0], [-6.0, 0.0, 0.0], [1.0, 3.0, 0.0], [7.0, 0.0, 0.0], [11.0, -7.0, 0.0], [-3.0, -6.0, 0.0], [-20.0, 4.0, 0.0], [4.0, 29.0, 0.0], [2.0, -8.0, 0.0], [15.0, -16.0, 1.0], [-10.0, 58.703125, 0.0], [7.0, -20.0, 0.0], [14.0, -24.0, 0.0], [14.0, -8.0, 0.0], [-10.0, -4.0, 0.0], [7.0, 8.0, 0.0], [9.0, -5.0, 0.0], [-6.0, -9.0, 0.0], [-7.0, -2.0, 0.0], [-3.0, 3.0, 0.0], [-12.0, 28.0, 0.0], [25.0, -18.0, 1.0], [-27.0, 59.703125, 0.0], [32.0, -37.0, 0.0], [19.0, -12.0, 0.0], [7.0, -1.0, 0.0], [-7.0, -3.0, 0.0], [0.0, 8.0, 0.0], [9.0, 0.0, 0.0], [0.0, -7.0, 0.0], [-4.0, -4.0, 0.0], [-13.0, -1.0, 0.0], [-7.0, 22.0, 0.0], [3.0, -4.0, 0.0], [19.0, -7.0, 1.0], [-59.0, 46.703125, 0.0], [0.0, -4.0, 0.0], [-7.0, 0.0, 0.0], [44.0, -55.0, 0.0], [18.0, -14.0, 0.0], [-9.0, 0.0, 0.0], [-3.0, 5.0, 0.0], [4.0, 6.0, 0.0], [8.0, -4.0, 0.0], [1.0, -4.0, 0.0], [-3.0, -3.0, 0.0], [-12.0, 3.0, 0.0], [-7.0, 15.0, 0.0], [19.0, -11.0, 1.0], [-302.0, 223.703125, 0.0], [51.0, -2.0, 0.0], [147.0, -17.0, 1.0], [97.0, -5.0, 0.0], [3.0, -4.0, 0.0], [11.0, 1.0, 0.0], [77.0, -10.0, 0.0], [151.0, -7.0, 1.0], [-537.0, 46.0, 0.0], [-13.0, 38.0, 0.0], [-36.0, 70.0, 1.0], [571.0, -132.0, 0.0], [1.0, -4.0, 1.0], [6.0, -9.0, 0.0], [5.0, -1.0, 0.0], [0.0, 3.0, 0.0], [-27.0, 54.0, 0.0], [-61.0, 103.0, 0.0], [-3.0, 2.0, 0.0], [-1.0, -3.0, 1.0], [-482.0, 0.0, 0.0], [47.0, -1.0, 0.0], [125.0, -12.0, 0.0], [107.0, -4.0, 0.0], [176.0, 19.0, 0.0], [27.0, -4.0, 1.0], [-503.0, 3.0, 0.0], [22.0, 137.0, 1.0], [15.0, -120.0, 0.0], [14.0, 82.0, 0.0], [4.0, 46.0, 1.0], [420.0, -136.0, 0.0], [-2.0, 4.0, 0.0], [4.0, 44.0, 0.0], [12.0, 74.0, 0.0], [3.0, -1.0, 1.0], [4.0, -123.0, 0.0], [23.0, 122.0, 1.0], [76.0, -281.0, 0.0], [3.0, -1.0, 0.0], [3.0, 28.0, 0.0], [4.0, 84.0, 0.0], [12.0, 69.0, 1.0], [-46.0, -139.0, 0.0], [6.0, 75.0, 0.0], [12.0, 81.0, 1.0], [-501.0, -41.0, 0.0], [14.0, 73.0, 0.0], [12.0, 40.0, 1.0], [-3.0, -116.0, 0.0], [21.0, 101.0, 1.0]], "gt_class_names": ["vase", "flower", "flower", "flower", "flower", "flower", "flower", "table"]}