{"img_id": "sceneid-53-userid-25", "img_w": 1100, "img_h": 770, "object_divisions": [0, 12, 20, 22], "scene_strokes": [[79.421875, 367.703125, 0.0], [24.0, 13.0, 0.0], [86.0, 29.0, 0.0], [68.0, 10.0, 0.0], [114.0, 7.0, 0.0], [172.0, -20.0, 0.0], [77.0, -14.0, 0.0], [118.0, -31.0, 0.0], [78.0, -34.0, 0.0], [42.0, -12.0, 0.0], [42.0, -6.0, 0.0], [49.0, 6.0, 0.0], [38.0, 0.0, 1.0], [-885.0, 74.0, 0.0], [1.0, 45.0, 0.0], [-13.0, 178.0, 1.0], [80.0, -213.0, 0.0], [-3.0, 58.0, 0.0], [-14.0, 123.0, 0.0], [0.0, 56.0, 1.0], [94.0, -205.0, 0.0], [0.0, 61.0, 0.0], [-11.0, 108.0, 0.0], [-2.0, 61.0, 1.0], [118.0, -239.0, 0.0], [-1.0, 63.0, 0.0], [-9.0, 114.0, 0.0], [1.0, 46.0, 0.0], [4.0, 27.0, 1.0], [116.0, -239.0, 0.0], [-26.0, 213.0, 0.0], [0.0, 26.0, 1.0], [103.0, -244.0, 0.0], [-15.0, 103.0, 0.0], [-28.0, 156.0, 1.0], [139.0, -272.0, 0.0], [-52.0, 205.0, 0.0], [-6.0, 50.0, 1.0], [123.0, -272.0, 0.0], [-55.0, 219.0, 0.0], [-8.0, 54.0, 1.0], [167.0, -300.0, 0.0], [-24.0, 56.0, 0.0], [-35.0, 115.0, 0.0], [-24.0, 110.0, 0.0], [-2.0, 28.0, 1.0], [175.0, -353.0, 0.0], [-20.0, 47.0, 0.0], [-65.0, 186.0, 0.0], [-22.0, 73.0, 0.0], [-2.0, 20.0, 1.0], [176.0, -301.0, 0.0], [-56.0, 161.0, 0.0], [-29.0, 107.0, 0.0], [-8.0, 57.0, 1.0], [-522.578125, -300.296875, 0.0], [0.0, -10.0, 0.0], [8.0, -17.0, 0.0], [8.0, -8.0, 0.0], [22.0, -4.0, 0.0], [9.0, 4.0, 0.0], [11.0, 14.0, 0.0], [6.0, 27.0, 1.0], [-63.0, -7.0, 0.0], [-1.0, 5.0, 0.0], [5.0, 2.0, 0.0], [58.0, 1.0, 1.0], [-7.0, 1.0, 0.0], [-3.0, 11.0, 0.0], [7.0, 7.0, 0.0], [12.0, -1.0, 0.0], [2.0, -10.0, 0.0], [-10.0, -10.0, 0.0], [-5.0, 1.0, 0.0], [-2.0, 4.0, 1.0], [-22.0, 0.0, 0.0], [-3.0, -1.0, 0.0], [-2.0, 10.0, 0.0], [6.0, 4.0, 0.0], [4.0, -5.0, 0.0], [-1.0, -10.0, 0.0], [-4.0, -1.0, 0.0], [-7.0, 4.0, 1.0], [26.0, -30.0, 0.0], [3.0, -18.0, 0.0], [4.0, -6.0, 0.0], [6.0, -2.0, 0.0], [3.0, 3.0, 0.0], [0.0, 11.0, 0.0], [-6.0, 17.0, 1.0], [-4.0, 1.0, 0.0], [10.0, -16.0, 0.0], [6.0, -4.0, 0.0], [0.0, 12.0, 0.0], [-6.0, 9.0, 0.0], [-6.0, 3.0, 1.0], [-52.0, 18.0, 0.0], [0.0, 7.0, 0.0], [5.0, 2.0, 0.0], [4.0, -12.0, 0.0], [-8.0, 0.0, 0.0], [-6.0, 8.0, 1.0], [-10.0, -3.0, 0.0], [0.0, 7.0, 0.0], [5.0, 1.0, 0.0], [5.0, -10.0, 0.0], [-13.0, -3.0, 0.0], [-3.0, 6.0, 1.0], [-87.578125, -15.296875, 0.0], [12.0, 33.0, 1.0], [-12.0, -36.0, 0.0], [19.0, -13.0, 0.0], [10.0, -2.0, 0.0], [9.0, 3.0, 0.0], [-4.0, 9.0, 0.0], [-21.0, 10.0, 0.0], [14.0, -12.0, 0.0], [10.0, -2.0, 0.0], [1.0, 3.0, 0.0], [-5.0, 7.0, 0.0], [-10.0, 6.0, 0.0], [8.0, -4.0, 0.0], [5.0, 1.0, 0.0], [0.0, 3.0, 0.0], [-12.0, 6.0, 0.0], [19.0, -9.0, 0.0], [-9.0, 8.0, 0.0], [7.0, 0.0, 0.0], [-1.0, 7.0, 0.0], [-27.0, 16.0, 1.0]], "gt_class_names": ["ocean", "sea turtle", "coral"]}