{"img_id": "sceneid-175-userid-94", "img_w": 1100, "img_h": 770, "object_divisions": [0, 2, 3, 5, 7, 12], "scene_strokes": [[24.0, 302.703125, 0.0], [7.0, -8.0, 1.0], [14.0, -13.0, 0.0], [30.0, -31.0, 0.0], [54.0, -71.0, 0.0], [105.0, -163.0, 0.0], [13.0, -16.0, 0.0], [8.0, -3.0, 0.0], [11.0, 14.0, 0.0], [40.0, 85.0, 0.0], [131.0, 214.0, 1.0], [179.0, -23.296875, 0.0], [43.0, -61.0, 0.0], [58.0, -101.0, 0.0], [67.0, -101.0, 0.0], [39.0, -47.0, 0.0], [11.0, -11.0, 0.0], [11.0, -4.0, 0.0], [12.0, 6.0, 0.0], [5.0, 7.0, 0.0], [103.0, 168.0, 0.0], [95.0, 140.0, 0.0], [45.0, 72.0, 1.0], [-637.0, -319.296875, 0.0], [18.0, 33.0, 0.0], [6.0, 39.0, 0.0], [-39.0, 212.0, 0.0], [0.0, 80.0, 0.0], [-19.0, 149.0, 0.0], [-4.0, 92.0, 0.0], [-14.0, 71.0, 1.0], [207.0, -664.0, 0.0], [10.0, 24.0, 0.0], [5.0, 29.0, 0.0], [-17.0, 62.0, 0.0], [9.0, 89.0, 0.0], [-17.0, 111.0, 0.0], [-1.0, 86.0, 0.0], [-4.0, 35.0, 0.0], [1.0, 102.0, 0.0], [-7.0, 81.0, 0.0], [-7.0, 38.0, 1.0], [-265.0, -182.296875, 0.0], [6.0, -7.0, 0.0], [44.0, -29.0, 0.0], [36.0, -18.0, 0.0], [42.0, -10.0, 0.0], [51.0, -1.0, 0.0], [53.0, 13.0, 0.0], [50.0, 25.0, 0.0], [37.0, 34.0, 0.0], [16.0, 29.0, 0.0], [6.0, 18.0, 1.0], [-335.0, -181.0, 0.0], [69.0, -24.0, 0.0], [33.0, -7.0, 0.0], [90.0, -4.0, 0.0], [45.0, 6.0, 0.0], [52.0, 18.0, 0.0], [51.0, 32.0, 0.0], [32.0, 29.0, 0.0], [27.0, 44.0, 1.0], [-179.0, -393.296875, 0.0], [-11.0, 24.0, 0.0], [-33.0, 46.0, 0.0], [-5.0, 15.0, 0.0], [-8.0, 36.0, 0.0], [0.0, 28.0, 0.0], [8.0, 51.0, 0.0], [14.0, -3.0, 0.0], [17.0, -11.0, 0.0], [18.0, -17.0, 0.0], [14.0, -18.0, 0.0], [14.0, -33.0, 0.0], [7.0, -33.0, 0.0], [-2.0, -51.0, 0.0], [-11.0, -20.0, 0.0], [-19.0, -11.0, 1.0], [-5.0, 0.0, 0.0], [5.0, 22.0, 0.0], [-2.0, 25.0, 0.0], [-10.0, 41.0, 0.0], [-7.0, 49.0, 0.0], [-14.0, 38.0, 0.0], [-4.0, 24.0, 0.0], [-6.0, 12.0, 1.0], [44.0, -78.0, 0.0], [34.0, 31.0, 0.0], [3.0, 13.0, 0.0], [6.0, -2.0, 0.0], [6.0, -11.0, 0.0], [-13.0, -10.0, 0.0], [-3.0, 6.0, 1.0], [-76.0, -39.0, 0.0], [-6.0, -1.0, 0.0], [-24.0, 13.0, 0.0], [-20.0, 24.0, 0.0], [-4.0, -6.0, 1.0], [0.0, -12.0, 0.0], [2.0, -9.0, 0.0], [17.0, 8.0, 1.0]], "gt_class_names": ["mountain", "mountain", "river", "bridge", "sailboat"]}