{"img_id": "sceneid-11-userid-81", "img_w": 1100, "img_h": 770, "object_divisions": [0, 5, 13, 24, 31, 33], "scene_strokes": [[134.0, 234.703125, 0.0], [148.0, 0.0, 0.0], [49.0, -7.0, 0.0], [16.0, 2.0, 0.0], [-1.0, -2.0, 1.0], [-218.0, 8.0, 0.0], [7.0, -19.0, 0.0], [44.0, -77.0, 0.0], [46.0, -3.0, 0.0], [122.0, 3.0, 0.0], [42.0, -6.0, 0.0], [12.0, 1.0, 0.0], [1.0, 6.0, 0.0], [-4.0, 11.0, 0.0], [-24.0, 44.0, 0.0], [-26.0, 38.0, 0.0], [-4.0, 4.0, 0.0], [2.0, -6.0, 1.0], [2.0, -8.0, 0.0], [6.0, 117.0, 0.0], [-3.0, 25.0, 1.0], [-235.0, -132.0, 0.0], [-2.0, -2.0, 0.0], [0.0, 3.0, 0.0], [8.0, 59.0, 0.0], [2.0, 91.0, 0.0], [128.0, -3.0, 0.0], [113.0, -11.0, 0.0], [83.0, -149.0, 0.0], [-28.0, -101.0, 0.0], [-6.0, -9.0, 0.0], [-18.0, 35.0, 0.0], [13.0, -23.0, 0.0], [-4.0, 9.0, 0.0], [10.0, -11.0, 0.0], [1.0, -3.0, 0.0], [-7.0, 4.0, 0.0], [-4.0, 8.0, 0.0], [0.0, 4.0, 0.0], [3.0, 0.0, 0.0], [12.0, -18.0, 0.0], [19.0, 32.0, 0.0], [9.0, 24.0, 0.0], [6.0, 38.0, 0.0], [-3.0, 9.0, 0.0], [-15.0, -45.0, 0.0], [-15.0, -32.0, 0.0], [-5.0, -22.0, 0.0], [15.0, 34.0, 0.0], [13.0, 57.0, 1.0], [-273.0, -77.0, 0.0], [2.0, 5.0, 0.0], [-2.0, -3.0, 0.0], [-18.0, -3.0, 0.0], [-45.0, -2.0, 0.0], [-42.0, -10.0, 0.0], [32.0, -13.0, 0.0], [104.0, -27.0, 0.0], [144.0, -24.0, 0.0], [6.0, 12.0, 0.0], [57.0, 64.0, 0.0], [2.0, -2.0, 1.0], [256.0, 223.703125, 0.0], [4.0, 166.0, 1.0], [26.0, -162.0, 0.0], [-5.0, 14.0, 0.0], [-1.0, 24.0, 0.0], [8.0, 133.0, 1.0], [-1.0, -168.0, 0.0], [24.0, 4.0, 0.0], [117.0, -1.0, 1.0], [-4.0, 3.0, 0.0], [0.0, 138.0, 0.0], [4.0, 26.0, 1.0], [29.0, -156.0, 0.0], [0.0, 81.0, 0.0], [5.0, 86.0, 0.0], [2.0, 13.0, 0.0], [1.0, -6.0, 1.0], [-7.0, -163.0, 0.0], [-3.0, -25.0, 0.0], [12.0, -25.0, 0.0], [55.0, -75.0, 0.0], [16.0, -15.0, 0.0], [-13.0, 192.0, 0.0], [-3.0, -7.0, 1.0], [-275.0, -82.0, 0.0], [109.0, -132.0, 0.0], [22.0, 10.0, 0.0], [61.0, 15.0, 0.0], [92.0, 12.0, 0.0], [6.0, -1.0, 0.0], [-4.0, -2.0, 1.0], [-284.0, 104.0, 0.0], [33.0, 14.0, 0.0], [5.0, 0.0, 0.0], [1.0, -3.0, 1.0], [48.0, -39.296875, 0.0], [21.0, 6.0, 0.0], [40.0, 0.0, 0.0], [30.0, 4.0, 0.0], [6.0, -25.0, 0.0], [9.0, -21.0, 0.0], [-3.0, 0.0, 1.0], [-108.0, 38.0, 0.0], [6.0, -4.0, 0.0], [23.0, -38.0, 0.0], [16.0, -16.0, 0.0], [1.0, -52.0, 0.0], [-3.0, -37.0, 0.0], [4.0, -1.0, 0.0], [77.0, -2.0, 0.0], [-7.0, 32.0, 0.0], [-1.0, 96.0, 0.0], [-4.0, -4.0, 1.0], [-67.0, -30.0, 0.0], [21.0, 2.0, 0.0], [51.0, 18.0, 0.0], [-1.0, -3.0, 1.0], [-50.0, -101.0, 0.0], [-18.0, 33.0, 0.0], [25.0, -27.0, 0.0], [-28.0, 42.0, 0.0], [43.0, -33.0, 0.0], [-31.0, 46.0, 0.0], [41.0, -29.0, 0.0], [-29.0, 45.0, 0.0], [39.0, -21.0, 0.0], [0.0, 6.0, 0.0], [-17.0, 31.0, 0.0], [19.0, -8.0, 0.0], [-12.0, 15.0, 0.0], [9.0, -6.0, 1.0], [-73.0, 7.0, 0.0], [46.0, 8.0, 0.0], [13.0, -2.0, 0.0], [-5.0, 12.0, 0.0], [-14.0, 14.0, 0.0], [-1.0, 5.0, 0.0], [-19.0, -3.0, 0.0], [-22.0, -7.0, 0.0], [-3.0, -12.0, 0.0], [13.0, -13.0, 1.0], [2.0, 3.0, 0.0], [4.0, 19.0, 1.0], [13.0, -15.0, 0.0], [-4.0, 19.0, 1.0], [17.0, -16.0, 0.0], [-5.0, 23.0, 0.0], [0.0, 3.0, 0.0], [2.0, -1.0, 1.0], [10.0, -23.0, 0.0], [0.0, 18.0, 1.0], [-35.0, -18.0, 0.0], [34.0, 7.0, 1.0], [-38.0, 4.0, 0.0], [34.0, -3.0, 1.0], [-77.0, 29.703125, 0.0], [-7.0, 20.0, 0.0], [43.0, 2.0, 0.0], [33.0, -1.0, 0.0], [4.0, -19.0, 0.0], [-41.0, 1.0, 0.0], [-33.0, -4.0, 1.0], [12.0, 1.0, 0.0], [-2.0, 16.0, 0.0], [3.0, -3.0, 1.0], [16.0, -9.0, 0.0], [-2.0, 18.0, 1.0], [19.0, -15.0, 0.0], [0.0, 16.0, 0.0], [3.0, 0.0, 1.0], [15.0, -16.0, 0.0], [-3.0, 14.0, 1.0], [-51.0, -8.0, 0.0], [51.0, 3.0, 1.0], [-47.0, -2.0, 0.0], [47.0, -3.0, 1.0], [48.0, -12.296875, 0.0], [-6.0, 13.0, 0.0], [5.0, 8.0, 0.0], [7.0, -3.0, 0.0], [3.0, -6.0, 0.0], [-1.0, -8.0, 0.0], [-6.0, -4.0, 1.0], [11.0, 8.0, 0.0], [-3.0, 0.0, 0.0], [0.0, -7.0, 0.0], [5.0, -17.0, 0.0], [-1.0, -7.0, 0.0], [-4.0, -5.0, 0.0], [-13.0, -1.0, 0.0], [2.0, -2.0, 1.0]], "gt_class_names": ["printer", "table", "computer", "keyboard", "mouse"]}