{"img_id": "sceneid-73-userid-79", "img_w": 1100, "img_h": 770, "object_divisions": [0, 1, 2, 7, 14, 28], "scene_strokes": [[256.0, 616.703125, 0.0], [-16.0, -3.0, 0.0], [-29.0, 15.0, 0.0], [-18.0, 23.0, 0.0], [-5.0, 10.0, 0.0], [-1.0, 12.0, 0.0], [5.0, 15.0, 0.0], [21.0, 12.0, 0.0], [22.0, 0.0, 0.0], [30.0, -10.0, 0.0], [21.0, -20.0, 0.0], [6.0, -13.0, 0.0], [0.0, -8.0, 0.0], [-8.0, -14.0, 0.0], [-12.0, -11.0, 0.0], [-11.0, -3.0, 0.0], [-17.0, 3.0, 0.0], [-21.0, 12.0, 1.0], [470.0, -19.296875, 0.0], [-13.0, 10.0, 0.0], [-11.0, 16.0, 0.0], [-4.0, 29.0, 0.0], [13.0, 26.0, 0.0], [19.0, 13.0, 0.0], [18.0, 3.0, 0.0], [28.0, -8.0, 0.0], [21.0, -13.0, 0.0], [15.0, -23.0, 0.0], [-1.0, -23.0, 0.0], [-9.0, -15.0, 0.0], [-23.0, -12.0, 0.0], [-31.0, -4.0, 0.0], [-27.0, 1.0, 1.0], [-108.0, -305.296875, 0.0], [-14.0, 2.0, 0.0], [-9.0, 7.0, 0.0], [-9.0, 16.0, 0.0], [-3.0, 15.0, 0.0], [2.0, 11.0, 0.0], [4.0, 6.0, 0.0], [8.0, 4.0, 0.0], [25.0, -6.0, 0.0], [11.0, -10.0, 0.0], [5.0, -12.0, 0.0], [0.0, -9.0, 0.0], [-12.0, -18.0, 0.0], [-7.0, -3.0, 0.0], [-7.0, 2.0, 1.0], [2.0, 55.0, 0.0], [-1.0, 70.0, 1.0], [0.0, -2.0, 0.0], [-14.0, 24.0, 1.0], [14.0, -72.0, 0.0], [22.0, 6.0, 0.0], [43.0, 1.0, 1.0], [-77.0, 12.0, 0.0], [9.0, 6.0, 0.0], [22.0, 4.0, 0.0], [31.0, -3.0, 0.0], [5.0, 2.0, 1.0], [9.0, -19.296875, 0.0], [-1.0, -9.0, 0.0], [7.0, -25.0, 0.0], [-2.0, -8.0, 0.0], [3.0, 4.0, 0.0], [27.0, 2.0, 0.0], [9.0, 5.0, 0.0], [3.0, 7.0, 0.0], [0.0, 62.0, 0.0], [-61.0, 4.0, 0.0], [9.0, -12.0, 0.0], [9.0, -31.0, 0.0], [0.0, -10.0, 1.0], [25.0, -17.0, 0.0], [-3.0, 39.0, 0.0], [3.0, 35.0, 1.0], [-15.0, -67.0, 0.0], [6.0, 2.0, 1.0], [-13.0, 42.0, 0.0], [9.0, -2.0, 1.0], [22.0, -36.0, 0.0], [8.0, 1.0, 1.0], [-10.0, 13.0, 0.0], [5.0, 0.0, 1.0], [-1.0, 27.0, 0.0], [7.0, -2.0, 1.0], [-248.0, -75.296875, 0.0], [-7.0, -7.0, 0.0], [-9.0, -1.0, 0.0], [-16.0, 10.0, 0.0], [-6.0, 14.0, 0.0], [5.0, 18.0, 0.0], [15.0, 5.0, 0.0], [16.0, 0.0, 0.0], [18.0, -7.0, 0.0], [9.0, -11.0, 0.0], [2.0, -9.0, 0.0], [-4.0, -11.0, 0.0], [-16.0, -8.0, 0.0], [-17.0, 0.0, 1.0], [-13.0, 52.0, 0.0], [2.0, -5.0, 1.0], [0.0, 0.0, 0.0], [-33.0, 23.0, 0.0], [-3.0, 3.0, 0.0], [3.0, 3.0, 1.0], [-3.0, 1.0, 0.0], [-14.0, -3.0, 0.0], [-22.0, 9.0, 1.0], [44.0, -3.0, 0.0], [-3.0, 14.0, 1.0], [29.0, -36.0, 0.0], [1.0, 27.0, 1.0], [-1.0, -32.0, 0.0], [13.0, 9.0, 0.0], [12.0, 22.0, 1.0], [15.0, -78.0, 0.0], [3.0, -4.0, 1.0], [3.0, -11.0, 0.0], [2.0, -3.0, 0.0], [0.0, 6.0, 0.0], [-3.0, 16.0, 1.0], [-47.0, -8.0, 0.0], [18.0, -19.0, 0.0], [3.0, 19.0, 1.0], [21.0, 4.0, 0.0], [-3.0, -2.0, 0.0], [1.0, -8.0, 0.0], [7.0, -2.0, 1.0], [-34.0, 17.0, 0.0], [-4.0, 0.0, 0.0], [-1.0, 7.0, 0.0], [5.0, 7.0, 0.0], [3.0, 1.0, 0.0], [4.0, -4.0, 0.0], [-3.0, -8.0, 0.0], [-4.0, -2.0, 1.0], [-1.0, 9.0, 0.0], [1.0, -1.0, 1.0], [19.0, -4.0, 0.0], [0.0, 5.0, 0.0], [6.0, 3.0, 0.0], [2.0, -6.0, 0.0], [-4.0, -6.0, 0.0], [-4.0, -2.0, 0.0], [-3.0, 4.0, 1.0]], "gt_class_names": ["wheel", "wheel", "yoga", "book", "dog"]}