{"img_id": "sceneid-97-userid-63", "img_w": 1100, "img_h": 770, "object_divisions": [0, 4, 8, 13, 14, 15, 16, 23, 25], "scene_strokes": [[967.421875, 405.703125, 0.0], [-19.0, 56.0, 0.0], [-20.0, 45.0, 0.0], [-126.0, 256.0, 0.0], [-12.0, 18.0, 1.0], [159.0, -422.0, 0.0], [-54.0, 13.0, 0.0], [-45.0, 6.0, 0.0], [-410.0, -4.0, 0.0], [-298.0, 10.0, 0.0], [-27.0, 4.0, 0.0], [-6.0, 3.0, 0.0], [-7.0, 11.0, 0.0], [-16.0, 68.0, 0.0], [-20.0, 51.0, 0.0], [-22.0, 50.0, 0.0], [-45.0, 84.0, 0.0], [-9.0, 25.0, 1.0], [974.0, -284.0, 0.0], [40.0, 302.0, 0.0], [1.0, 26.0, 0.0], [-4.0, 23.0, 1.0], [-197.0, 20.0, 0.0], [4.0, 14.0, 0.0], [-1.0, 15.0, 1.0], [-93.578125, -405.296875, 0.0], [-32.0, -20.0, 0.0], [-24.0, -7.0, 0.0], [-109.0, -10.0, 0.0], [-84.0, 1.0, 0.0], [-61.0, 7.0, 0.0], [-64.0, 15.0, 0.0], [-35.0, 12.0, 0.0], [-23.0, 11.0, 0.0], [-1.0, 9.0, 0.0], [10.0, 27.0, 0.0], [40.0, 50.0, 0.0], [42.0, 36.0, 0.0], [70.0, 40.0, 0.0], [49.0, 18.0, 0.0], [49.0, 11.0, 0.0], [69.0, 0.0, 0.0], [59.0, -17.0, 0.0], [31.0, -18.0, 0.0], [14.0, -13.0, 0.0], [10.0, -15.0, 0.0], [16.0, -46.0, 0.0], [4.0, -28.0, 0.0], [0.0, -18.0, 0.0], [-4.0, -16.0, 0.0], [-22.0, -28.0, 0.0], [-31.0, -21.0, 1.0], [50.0, 55.0, 0.0], [-2.0, 35.0, 0.0], [5.0, 71.0, 0.0], [-3.0, 28.0, 0.0], [-9.0, 30.0, 0.0], [-19.0, 31.0, 0.0], [-34.0, 26.0, 0.0], [-99.0, 43.0, 0.0], [-100.0, 30.0, 0.0], [-64.0, 4.0, 0.0], [-25.0, -4.0, 0.0], [-16.0, -6.0, 0.0], [-37.0, -23.0, 0.0], [-18.0, -18.0, 0.0], [-35.0, -57.0, 0.0], [-26.0, -78.0, 0.0], [-8.0, -64.0, 0.0], [2.0, -21.0, 0.0], [7.0, -22.0, 0.0], [14.0, -23.0, 0.0], [12.0, -9.0, 1.0], [1.0, 3.0, 0.0], [-4.0, -8.0, 0.0], [0.0, -33.0, 0.0], [7.0, -62.0, 0.0], [10.0, -46.0, 0.0], [20.0, -40.0, 0.0], [9.0, -9.0, 0.0], [8.0, -3.0, 0.0], [20.0, 3.0, 0.0], [3.0, -3.0, 0.0], [6.0, -30.0, 0.0], [10.0, -13.0, 0.0], [13.0, -10.0, 0.0], [28.0, -7.0, 0.0], [45.0, 7.0, 0.0], [10.0, -1.0, 0.0], [15.0, -12.0, 0.0], [18.0, -28.0, 0.0], [25.0, -21.0, 0.0], [15.0, -4.0, 0.0], [20.0, 1.0, 0.0], [22.0, 12.0, 0.0], [15.0, 15.0, 0.0], [20.0, 31.0, 0.0], [21.0, -6.0, 0.0], [10.0, 2.0, 0.0], [16.0, 9.0, 0.0], [21.0, 20.0, 0.0], [23.0, 38.0, 0.0], [5.0, 33.0, 0.0], [-13.0, 32.0, 0.0], [2.0, 8.0, 0.0], [42.0, 74.0, 0.0], [6.0, 25.0, 0.0], [-8.0, 28.0, 0.0], [2.0, 32.0, 0.0], [-7.0, 29.0, 1.0], [-452.0, -66.0, 0.0], [5.0, -64.0, 0.0], [10.0, -47.0, 0.0], [12.0, -33.0, 0.0], [12.0, -16.0, 0.0], [16.0, -10.0, 0.0], [21.0, -2.0, 0.0], [7.0, -4.0, 0.0], [8.0, -31.0, 0.0], [14.0, -16.0, 0.0], [27.0, -5.0, 0.0], [29.0, 3.0, 0.0], [17.0, -2.0, 0.0], [23.0, -12.0, 0.0], [24.0, -24.0, 0.0], [10.0, -6.0, 0.0], [11.0, -4.0, 0.0], [17.0, -1.0, 0.0], [33.0, 11.0, 0.0], [27.0, 34.0, 0.0], [9.0, 4.0, 0.0], [41.0, -4.0, 0.0], [16.0, 9.0, 0.0], [14.0, 17.0, 0.0], [4.0, 13.0, 0.0], [0.0, 15.0, 0.0], [-7.0, 60.0, 0.0], [11.0, 24.0, 0.0], [24.0, 23.0, 0.0], [21.0, 31.0, 0.0], [6.0, 23.0, 0.0], [-5.0, 40.0, 1.0], [-349.578125, -60.296875, 0.0], [-7.0, -9.0, 0.0], [-23.0, -5.0, 0.0], [-16.0, 6.0, 0.0], [-16.0, 12.0, 0.0], [-11.0, 17.0, 0.0], [-11.0, 29.0, 0.0], [-3.0, 24.0, 0.0], [3.0, 30.0, 1.0], [87.0, -104.0, 0.0], [0.0, -14.0, 0.0], [11.0, -9.0, 0.0], [20.0, 0.0, 0.0], [17.0, 11.0, 0.0], [10.0, 18.0, 0.0], [3.0, 14.0, 0.0], [4.0, 50.0, 1.0], [-71.0, -77.0, 0.0], [0.0, -20.0, 0.0], [7.0, -29.0, 0.0], [10.0, -16.0, 0.0], [20.0, -14.0, 1.0], [-19.0, 13.0, 0.0], [-3.0, -8.0, 0.0], [-14.0, -15.0, 0.0], [-13.0, -6.0, 0.0], [-7.0, 0.0, 0.0], [1.0, 25.0, 0.0], [4.0, 14.0, 0.0], [13.0, 12.0, 0.0], [9.0, 2.0, 1.0], [-8.0, -20.0, 0.0], [-10.0, -12.0, 0.0], [4.0, -2.0, 1.0], [134.421875, 302.703125, 0.0], [5.0, -22.0, 0.0], [0.0, -42.0, 0.0], [-9.0, -34.0, 0.0], [-7.0, -12.0, 0.0], [-17.0, -18.0, 0.0], [-32.0, -16.0, 0.0], [-35.0, -1.0, 0.0], [-16.0, 5.0, 0.0], [-19.0, 13.0, 0.0], [-18.0, 26.0, 0.0], [-7.0, 30.0, 0.0], [-1.0, 11.0, 0.0], [2.0, -1.0, 1.0], [159.421875, 14.703125, 0.0], [1.0, -11.0, 0.0], [5.0, -6.0, 0.0], [21.0, -13.0, 0.0], [22.0, -7.0, 0.0], [22.0, 3.0, 0.0], [23.0, 16.0, 0.0], [20.0, 25.0, 0.0], [6.0, 20.0, 0.0], [0.0, 20.0, 0.0], [-3.0, 5.0, 1.0], [2.421875, -34.296875, 0.0], [15.0, -20.0, 0.0], [14.0, -33.0, 0.0], [8.0, -47.0, 0.0], [0.0, -38.0, 0.0], [-4.0, -36.0, 0.0], [-10.0, -36.0, 0.0], [-25.0, -45.0, 0.0], [-46.0, -48.0, 0.0], [-45.0, -14.0, 0.0], [-18.0, -9.0, 0.0], [19.0, -2.0, 0.0], [3.0, -4.0, 0.0], [5.0, 0.0, 0.0], [58.0, 20.0, 0.0], [51.0, 42.0, 0.0], [33.0, 40.0, 0.0], [19.0, 34.0, 0.0], [18.0, 52.0, 0.0], [3.0, 34.0, 0.0], [-16.0, 67.0, 0.0], [-9.0, 21.0, 0.0], [-24.0, 34.0, 0.0], [-1.0, 13.0, 1.0], [-91.578125, -185.296875, 0.0], [-9.0, -23.0, 0.0], [-7.0, -9.0, 0.0], [-14.0, -8.0, 0.0], [-11.0, -1.0, 0.0], [-11.0, 4.0, 0.0], [-15.0, 16.0, 0.0], [-16.0, 36.0, 0.0], [-10.0, 49.0, 0.0], [4.0, 30.0, 0.0], [7.0, 11.0, 0.0], [7.0, 4.0, 1.0], [74.0, -111.0, 0.0], [8.0, -15.0, 0.0], [10.0, -10.0, 0.0], [11.0, -2.0, 0.0], [16.0, 7.0, 0.0], [12.0, 14.0, 0.0], [8.0, 17.0, 0.0], [11.0, 38.0, 0.0], [2.0, 24.0, 0.0], [-6.0, 24.0, 0.0], [-16.0, 28.0, 0.0], [-22.0, 24.0, 1.0], [-36.0, -159.0, 0.0], [4.0, -30.0, 0.0], [5.0, -8.0, 0.0], [14.0, -11.0, 1.0], [-14.0, -3.0, 0.0], [-14.0, -17.0, 0.0], [-2.0, 4.0, 0.0], [4.0, 21.0, 0.0], [7.0, 5.0, 0.0], [5.0, -2.0, 1.0], [-9.0, -11.0, 0.0], [5.0, 7.0, 1.0], [12.0, 4.0, 0.0], [13.0, -4.0, 0.0], [10.0, 5.0, 0.0], [4.0, 7.0, 0.0], [-16.0, 11.0, 0.0], [-19.0, -2.0, 1.0], [9.0, -11.0, 0.0], [6.0, 8.0, 1.0], [-153.578125, 2.703125, 0.0], [1.0, -14.0, 0.0], [20.0, -32.0, 0.0], [19.0, -18.0, 0.0], [17.0, -7.0, 1.0], [-29.0, 68.0, 0.0], [9.0, 12.0, 0.0], [1.0, -21.0, 0.0], [12.0, -20.0, 0.0], [13.0, -11.0, 0.0], [16.0, -8.0, 0.0], [40.0, -10.0, 0.0], [-15.0, -4.0, 0.0], [-20.0, -11.0, 0.0], [-28.0, 10.0, 0.0], [-13.0, 10.0, 1.0]], "gt_class_names": ["table", "basket", "apple", "orange", "orange", "banana", "apple", "banana"]}