{"img_id": "sceneid-109-userid-52", "img_w": 1100, "img_h": 770, "object_divisions": [0, 17, 22, 23, 29, 31, 34, 43], "scene_strokes": [[41.421875, 290.703125, 0.0], [29.0, -20.0, 0.0], [30.0, -38.0, 0.0], [19.0, -36.0, 0.0], [59.0, -139.0, 1.0], [-5.0, 3.0, 0.0], [19.0, 44.0, 0.0], [21.0, 82.0, 0.0], [39.0, 114.0, 1.0], [22.0, -7.0, 0.0], [107.0, -22.0, 0.0], [40.0, -4.0, 0.0], [130.0, 9.0, 0.0], [176.0, 5.0, 1.0], [156.0, -233.0, 0.0], [-4.0, -11.0, 0.0], [-3.0, -1.0, 0.0], [-14.0, 34.0, 0.0], [-36.0, 62.0, 0.0], [-37.0, 88.0, 1.0], [77.0, -173.0, 0.0], [3.0, -1.0, 0.0], [6.0, 5.0, 0.0], [20.0, 34.0, 0.0], [13.0, 37.0, 0.0], [13.0, 60.0, 0.0], [12.0, 35.0, 0.0], [34.0, 56.0, 0.0], [21.0, 25.0, 1.0], [-122.0, -166.0, 0.0], [-8.0, 49.0, 0.0], [-20.0, 79.0, 0.0], [-5.0, 36.0, 1.0], [-102.0, -6.0, 0.0], [19.0, -11.0, 0.0], [47.0, -10.0, 1.0], [-551.0, 92.0, 0.0], [37.0, 2.0, 0.0], [228.0, -9.0, 0.0], [186.0, -23.0, 0.0], [108.0, -9.0, 1.0], [177.0, -30.0, 0.0], [89.0, 0.0, 0.0], [48.0, 4.0, 0.0], [29.0, 7.0, 1.0], [-1107.0, -25.0, 0.0], [-11.0, 4.0, 0.0], [-20.0, 29.0, 0.0], [-16.0, 17.0, 0.0], [-17.0, 9.0, 0.0], [-22.0, 5.0, 1.0], [257.0, 19.0, 0.0], [-72.0, -1.0, 0.0], [-164.0, 22.0, 1.0], [306.0, -101.0, 0.0], [-67.0, 13.0, 1.0], [621.0, 18.0, 0.0], [0.0, 120.0, 0.0], [8.0, 46.0, 1.0], [-5.0, 17.0, 0.0], [0.0, 14.0, 0.0], [6.0, 18.0, 1.0], [-720.0, -298.0, 0.0], [-2.0, 124.0, 0.0], [6.0, 142.0, 1.0], [28.0, -381.0, 0.0], [-7.0, 44.0, 0.0], [-15.0, 160.0, 0.0], [-3.0, 129.0, 0.0], [4.0, 43.0, 1.0], [728.0, -441.0, 0.0], [-3.0, 58.0, 0.0], [-11.0, 88.0, 0.0], [-8.0, 214.0, 0.0], [0.0, 56.0, 0.0], [10.0, 77.0, 1.0], [-635.578125, 27.703125, 0.0], [11.0, 13.0, 0.0], [21.0, 7.0, 0.0], [16.0, -7.0, 0.0], [13.0, -16.0, 0.0], [1.0, -13.0, 0.0], [-9.0, -22.0, 0.0], [-18.0, -12.0, 0.0], [-13.0, 0.0, 0.0], [-10.0, 4.0, 0.0], [-10.0, 12.0, 0.0], [-3.0, 19.0, 0.0], [2.0, 10.0, 1.0], [43.0, 135.0, 0.0], [-4.0, 5.0, 0.0], [-9.0, 42.0, 0.0], [-7.0, 15.0, 1.0], [13.0, -170.0, 0.0], [41.0, 21.0, 0.0], [13.0, 9.0, 0.0], [3.0, 7.0, 1.0], [-67.0, -37.0, 0.0], [-33.0, 80.0, 1.0], [42.0, -80.0, 0.0], [-1.0, 46.0, 0.0], [16.0, 75.0, 0.0], [19.0, 9.0, 0.0], [30.0, 32.0, 0.0], [6.0, 2.0, 0.0], [1.0, -4.0, 1.0], [41.421875, -141.296875, 0.0], [-55.0, 22.0, 0.0], [27.0, 53.0, 0.0], [-12.0, -46.0, 0.0], [4.0, -6.0, 0.0], [39.0, -21.0, 1.0], [163.421875, -92.296875, 0.0], [9.0, 10.0, 0.0], [15.0, 9.0, 0.0], [30.0, 4.0, 0.0], [16.0, -5.0, 0.0], [10.0, -9.0, 0.0], [6.0, -16.0, 0.0], [-1.0, -14.0, 0.0], [-10.0, -17.0, 0.0], [-14.0, -10.0, 0.0], [-23.0, -5.0, 0.0], [-17.0, 6.0, 0.0], [-16.0, 16.0, 0.0], [-4.0, 8.0, 0.0], [-1.0, 20.0, 1.0], [48.0, 35.0, 0.0], [6.0, 102.0, 0.0], [-7.0, 26.0, 0.0], [27.0, -1.0, 0.0], [31.0, 4.0, 0.0], [44.0, 15.0, 1.0], [-107.0, -10.0, 0.0], [-50.0, 59.0, 0.0], [-5.0, 4.0, 0.0], [-3.0, -2.0, 1.0], [69.0, -201.0, 0.0], [35.0, 25.0, 0.0], [56.0, 48.0, 1.0], [-97.0, -73.0, 0.0], [-38.0, 34.0, 0.0], [-19.0, 30.0, 1.0], [22.0, -111.0, 0.0], [-1.0, 1.0, 1.0], [209.421875, 235.703125, 0.0], [10.0, -18.0, 0.0], [15.0, -14.0, 0.0], [14.0, -7.0, 0.0], [9.0, -1.0, 0.0], [8.0, 2.0, 0.0], [26.0, 18.0, 0.0], [12.0, 4.0, 0.0], [23.0, -4.0, 0.0], [45.0, -18.0, 0.0], [13.0, 1.0, 0.0], [17.0, 16.0, 0.0], [10.0, 4.0, 0.0], [55.0, -9.0, 0.0], [7.0, 2.0, 0.0], [12.0, 12.0, 0.0], [14.0, 3.0, 0.0], [38.0, -5.0, 0.0], [8.0, 8.0, 0.0], [10.0, 0.0, 0.0], [11.0, -9.0, 0.0], [2.0, -6.0, 1.0], [-312.0, -47.0, 0.0], [4.0, -14.0, 0.0], [9.0, -9.0, 0.0], [19.0, 0.0, 0.0], [35.0, 17.0, 0.0], [31.0, 9.0, 0.0], [83.0, -11.0, 0.0], [12.0, 3.0, 0.0], [41.0, 21.0, 0.0], [68.0, -8.0, 1.0], [-899.578125, 43.703125, 0.0], [13.0, 5.0, 0.0], [-31.0, -22.0, 0.0], [-13.0, -8.0, 0.0], [-9.0, -1.0, 0.0], [-51.0, 36.0, 0.0], [-16.0, 7.0, 0.0], [-33.0, -18.0, 0.0], [-34.0, 0.0, 0.0], [-36.0, -10.0, 1.0], [172.0, -46.0, 0.0], [-4.0, -9.0, 0.0], [-16.0, -16.0, 0.0], [-21.0, -7.0, 0.0], [-17.0, 7.0, 0.0], [-24.0, 21.0, 0.0], [-18.0, 10.0, 0.0], [-41.0, -24.0, 0.0], [-17.0, -5.0, 0.0], [-2.0, -7.0, 1.0], [131.0, -54.0, 0.0], [-32.0, -13.0, 0.0], [-28.0, -3.0, 0.0], [-31.0, 17.0, 0.0], [-27.0, -25.0, 0.0], [-10.0, -18.0, 1.0], [616.421875, -477.296875, 0.0], [0.0, 10.0, 0.0], [8.0, 23.0, 0.0], [9.0, 12.0, 0.0], [15.0, 12.0, 0.0], [18.0, 2.0, 0.0], [13.0, -8.0, 0.0], [9.0, -22.0, 0.0], [3.0, -29.0, 0.0], [-4.0, -14.0, 0.0], [-14.0, -20.0, 0.0], [-22.0, -2.0, 0.0], [-26.0, 8.0, 0.0], [-9.0, 8.0, 0.0], [-4.0, 9.0, 1.0], [10.0, 59.0, 0.0], [-44.0, 68.0, 1.0], [73.0, -58.0, 0.0], [23.0, 36.0, 0.0], [18.0, 41.0, 1.0], [-9.0, -98.0, 0.0], [9.0, 10.0, 0.0], [19.0, 13.0, 0.0], [48.0, 27.0, 1.0], [-65.0, -82.0, 0.0], [70.0, -1.0, 1.0], [-81.0, -33.0, 0.0], [46.0, -35.0, 1.0], [-80.0, 10.0, 0.0], [4.0, 31.0, 0.0], [6.0, 15.0, 1.0], [-66.0, -24.0, 0.0], [31.0, 24.0, 1.0], [-27.0, 38.0, 0.0], [-56.0, 22.0, 0.0], [-28.0, 17.0, 1.0]], "gt_class_names": ["bridge", "yoga", "boomerang", "yoga", "grass", "grass", "sun"]}