{"img_id": "sceneid-76-userid-32", "img_w": 1100, "img_h": 770, "object_divisions": [0, 6, 15, 28, 32], "scene_strokes": [[463.0, 135.703125, 0.0], [-17.0, 67.0, 0.0], [-21.0, 52.0, 0.0], [-24.0, 40.0, 0.0], [-15.0, 13.0, 0.0], [196.0, 26.0, 0.0], [8.0, -2.0, 0.0], [8.0, -14.0, 0.0], [21.0, -84.0, 0.0], [22.0, -104.0, 0.0], [1.0, -17.0, 0.0], [-23.0, -4.0, 0.0], [-45.0, -1.0, 0.0], [-126.0, 9.0, 1.0], [-58.0, 192.0, 0.0], [-13.0, 3.0, 0.0], [-45.0, 25.0, 0.0], [-76.0, 48.0, 0.0], [-9.0, 0.0, 0.0], [58.0, 11.0, 0.0], [146.0, 17.0, 1.0], [129.0, -78.0, 0.0], [-10.0, 3.0, 0.0], [-46.0, 29.0, 0.0], [-92.0, 68.0, 1.0], [31.0, -19.0, 0.0], [5.0, 24.0, 0.0], [1.0, 66.0, 0.0], [7.0, 36.0, 1.0], [119.0, -217.0, 0.0], [-3.0, 0.0, 0.0], [-1.0, 13.0, 0.0], [8.0, 90.0, 0.0], [3.0, 103.0, 1.0], [-334.0, -122.0, 0.0], [5.0, 80.0, 0.0], [-4.0, 86.0, 1.0], [241.0, -198.296875, 0.0], [5.0, 41.0, 0.0], [17.0, 29.0, 0.0], [1.0, 20.0, 1.0], [8.0, 0.0, 0.0], [-15.0, 6.0, 0.0], [-9.0, 9.0, 0.0], [-8.0, 22.0, 0.0], [2.0, 10.0, 0.0], [6.0, 8.0, 0.0], [7.0, 3.0, 0.0], [17.0, -2.0, 0.0], [15.0, -9.0, 0.0], [8.0, -11.0, 0.0], [3.0, -11.0, 0.0], [-2.0, -7.0, 0.0], [-17.0, -16.0, 0.0], [-19.0, -1.0, 0.0], [-8.0, 5.0, 1.0], [30.0, 2.0, 0.0], [-2.0, 4.0, 0.0], [11.0, 0.0, 0.0], [10.0, 4.0, 1.0], [-12.0, 8.0, 0.0], [14.0, 4.0, 0.0], [3.0, 9.0, 1.0], [-22.0, 8.0, 0.0], [14.0, 4.0, 0.0], [1.0, 8.0, 1.0], [-62.0, -30.0, 0.0], [-8.0, 3.0, 0.0], [-6.0, 9.0, 1.0], [13.0, 7.0, 0.0], [-9.0, 10.0, 0.0], [0.0, 10.0, 1.0], [16.0, -9.0, 0.0], [-5.0, 8.0, 0.0], [1.0, 12.0, 1.0], [10.0, -38.0, 0.0], [4.0, 4.0, 0.0], [8.0, 0.0, 0.0], [5.0, -4.0, 0.0], [1.0, -6.0, 1.0], [-446.0, 36.703125, 0.0], [6.0, 40.0, 0.0], [0.0, 96.0, 0.0], [8.0, 2.0, 0.0], [76.0, -36.0, 1.0], [-90.0, -104.0, 0.0], [46.0, -32.0, 0.0], [19.0, -7.0, 0.0], [13.0, 65.0, 0.0], [6.0, 74.0, 1.0], [-77.0, 37.0, 0.0], [44.0, 9.0, 0.0], [62.0, -2.0, 1.0], [-32.0, -50.0, 0.0], [57.0, 13.0, 0.0], [30.0, 3.0, 0.0], [-43.0, 26.0, 0.0], [-16.0, 14.0, 1.0], [-20.0, -43.0, 0.0], [-30.0, 42.0, 1.0], [42.0, -34.0, 0.0], [-27.0, 31.0, 1.0], [48.0, -36.0, 0.0], [-19.0, 28.0, 1.0], [31.0, -25.0, 0.0], [-37.0, 43.0, 1.0], [-29.0, -25.0, 0.0], [41.0, 14.0, 1.0], [-24.0, -21.0, 0.0], [38.0, 5.0, 1.0], [-31.0, -12.0, 0.0], [48.0, 7.0, 1.0], [-122.0, -112.0, 0.0], [11.0, 58.0, 0.0], [2.0, 37.0, 1.0], [4.0, 6.0, 0.0], [15.0, -5.0, 0.0], [20.0, -14.0, 0.0], [0.0, -26.0, 0.0], [-9.0, -43.0, 0.0], [-10.0, -19.0, 0.0], [-10.0, -4.0, 0.0], [-19.0, 12.0, 1.0], [50.0, 100.703125, 0.0], [12.0, -18.0, 0.0], [21.0, -15.0, 0.0], [27.0, 1.0, 0.0], [19.0, -7.0, 0.0], [13.0, 3.0, 0.0], [16.0, -1.0, 0.0], [2.0, 3.0, 1.0], [3.0, -8.0, 0.0], [-10.0, 34.0, 1.0], [12.0, -38.0, 0.0], [34.0, -6.0, 0.0], [9.0, 47.0, 0.0], [-30.0, 5.0, 0.0], [-21.0, -4.0, 1.0], [-3.0, -26.0, 0.0], [17.0, 2.0, 1.0]], "gt_class_names": ["chair", "spider", "computer", "mouse"]}