{"img_id": "sceneid-27-userid-6", "img_w": 1100, "img_h": 770, "object_divisions": [0, 5, 10, 14, 21], "scene_strokes": [[259.0, 540.703125, 0.0], [9.0, -11.0, 0.0], [194.0, -166.0, 1.0], [-201.0, 204.0, 0.0], [-2.0, -2.0, 0.0], [34.0, -2.0, 0.0], [58.0, -9.0, 0.0], [249.0, -9.0, 0.0], [115.0, 0.0, 1.0], [-256.0, -182.0, 0.0], [1.0, 2.0, 0.0], [8.0, -10.0, 0.0], [67.0, -55.0, 0.0], [98.0, -93.0, 0.0], [27.0, -21.0, 0.0], [96.0, -16.0, 0.0], [138.0, -6.0, 1.0], [-167.0, 388.0, 0.0], [98.0, -133.0, 0.0], [41.0, -63.0, 0.0], [54.0, -111.0, 0.0], [24.0, -39.0, 0.0], [4.0, -14.0, 1.0], [-54.0, -28.0, 0.0], [34.0, 3.0, 0.0], [24.0, 7.0, 0.0], [4.0, 5.0, 1.0], [-222.0, 79.703125, 0.0], [-4.0, -3.0, 0.0], [-15.0, 3.0, 0.0], [-13.0, 12.0, 0.0], [-9.0, 14.0, 0.0], [3.0, 20.0, 0.0], [18.0, 9.0, 0.0], [13.0, 0.0, 0.0], [19.0, -10.0, 0.0], [9.0, -18.0, 0.0], [-1.0, -7.0, 0.0], [-8.0, -8.0, 0.0], [-19.0, -11.0, 0.0], [-7.0, -1.0, 1.0], [-1.0, 55.0, 0.0], [7.0, 58.0, 0.0], [-3.0, 37.0, 1.0], [0.0, 3.0, 0.0], [-22.0, 49.0, 1.0], [23.0, -48.0, 0.0], [21.0, 41.0, 1.0], [-23.0, -98.0, 0.0], [-19.0, 1.0, 0.0], [-5.0, -7.0, 0.0], [-1.0, -11.0, 1.0], [-10.0, -17.296875, 0.0], [10.0, 19.0, 0.0], [1.0, -21.0, 1.0], [-19.0, -3.0, 0.0], [1.0, 7.0, 0.0], [4.0, 0.0, 0.0], [3.0, -7.0, 0.0], [-2.0, -4.0, 0.0], [-5.0, 4.0, 1.0], [8.0, 0.0, 0.0], [6.0, 4.0, 0.0], [2.0, -7.0, 0.0], [-4.0, -2.0, 0.0], [-2.0, 3.0, 1.0], [-5.0, -11.0, 0.0], [-1.0, 8.0, 0.0], [5.0, 1.0, 0.0], [2.0, -6.0, 0.0], [-5.0, -4.0, 1.0], [87.0, 21.703125, 0.0], [4.0, 17.0, 1.0], [-2.0, -15.0, 0.0], [12.0, -5.0, 0.0], [6.0, 19.0, 1.0], [-13.0, 2.0, 0.0], [8.0, -3.0, 1.0], [2.0, -6.0, 0.0], [18.0, -7.0, 1.0], [1.0, -3.0, 0.0], [3.0, 11.0, 0.0], [-5.0, -15.0, 0.0], [14.0, -3.0, 0.0], [6.0, 12.0, 0.0], [-12.0, 4.0, 1.0], [-41.0, 3.0, 0.0], [-11.0, -9.0, 1.0], [62.0, -6.0, 0.0], [-18.0, -16.0, 1.0]], "gt_class_names": ["carpet", "yoga", "ice cream", "eyeglasses"]}