{"img_id": "sceneid-105-userid-44", "img_w": 1100, "img_h": 770, "object_divisions": [0, 3, 6, 9, 12, 22, 25, 35, 39, 42], "scene_strokes": [[522.421875, 169.703125, 0.0], [9.0, 29.0, 0.0], [20.0, 43.0, 0.0], [7.0, 45.0, 0.0], [-2.0, 17.0, 0.0], [8.0, 29.0, 1.0], [-11.0, -168.0, 0.0], [-5.0, 14.0, 0.0], [1.0, 16.0, 0.0], [26.0, 47.0, 0.0], [9.0, 46.0, 0.0], [-2.0, 17.0, 1.0], [-97.0, -204.0, 0.0], [38.0, -6.0, 0.0], [38.0, 4.0, 0.0], [9.0, 6.0, 0.0], [13.0, 16.0, 0.0], [1.0, 11.0, 0.0], [-5.0, 13.0, 0.0], [-34.0, 28.0, 0.0], [-16.0, 3.0, 0.0], [-30.0, -7.0, 0.0], [-32.0, -15.0, 0.0], [-10.0, -10.0, 0.0], [-2.0, -7.0, 0.0], [4.0, -4.0, 1.0], [200.421875, 46.703125, 0.0], [4.0, 52.0, 0.0], [12.0, 30.0, 1.0], [11.0, -76.0, 0.0], [12.0, 66.0, 1.0], [-74.0, -118.0, 0.0], [4.0, -10.0, 0.0], [17.0, 2.0, 0.0], [38.0, 12.0, 0.0], [30.0, 19.0, 0.0], [8.0, 8.0, 0.0], [4.0, 11.0, 0.0], [-6.0, 14.0, 0.0], [-12.0, 7.0, 0.0], [-31.0, 2.0, 0.0], [-31.0, -9.0, 0.0], [-56.0, -31.0, 0.0], [-6.0, -6.0, 0.0], [3.0, -6.0, 1.0], [189.421875, 97.703125, 0.0], [2.0, 47.0, 0.0], [5.0, 32.0, 1.0], [16.0, -59.0, 0.0], [5.0, 30.0, 0.0], [-1.0, 20.0, 1.0], [-66.0, -122.0, 0.0], [26.0, 1.0, 0.0], [19.0, 7.0, 0.0], [26.0, 16.0, 0.0], [13.0, 12.0, 0.0], [5.0, 10.0, 0.0], [1.0, 23.0, 0.0], [-4.0, 12.0, 0.0], [-9.0, 7.0, 0.0], [-19.0, -8.0, 0.0], [-46.0, -34.0, 0.0], [-51.0, -32.0, 1.0], [-296.578125, 63.703125, 0.0], [10.0, 29.0, 1.0], [8.0, -37.0, 0.0], [6.0, 16.0, 1.0], [-64.0, -90.0, 0.0], [7.0, -11.0, 0.0], [14.0, -10.0, 0.0], [17.0, -4.0, 0.0], [25.0, 3.0, 0.0], [28.0, 18.0, 0.0], [18.0, 24.0, 0.0], [7.0, 28.0, 0.0], [-1.0, 8.0, 0.0], [-10.0, 14.0, 0.0], [-22.0, 14.0, 0.0], [-18.0, 2.0, 0.0], [-14.0, -4.0, 0.0], [-45.0, -33.0, 0.0], [-10.0, -13.0, 0.0], [4.0, -9.0, 0.0], [16.0, -12.0, 1.0], [305.421875, 453.703125, 0.0], [-4.0, -38.0, 0.0], [-29.0, -89.0, 0.0], [9.0, 8.0, 1.0], [54.0, 131.0, 0.0], [-19.0, -109.0, 0.0], [-1.0, -26.0, 0.0], [5.0, -3.0, 1.0], [82.0, 35.0, 0.0], [-6.0, 104.0, 0.0], [1.0, 11.0, 0.0], [4.0, -1.0, 1.0], [24.0, -102.0, 0.0], [4.0, -3.0, 0.0], [0.0, 5.0, 0.0], [-5.0, 106.0, 1.0], [-146.0, -145.0, 0.0], [-17.0, 3.0, 0.0], [-24.0, -13.0, 0.0], [-10.0, -13.0, 0.0], [0.0, -12.0, 0.0], [5.0, -6.0, 0.0], [21.0, -13.0, 0.0], [35.0, -6.0, 0.0], [25.0, 3.0, 0.0], [45.0, 16.0, 0.0], [4.0, -1.0, 0.0], [16.0, -16.0, 0.0], [18.0, -33.0, 0.0], [15.0, -18.0, 0.0], [16.0, -34.0, 0.0], [35.0, -48.0, 0.0], [4.0, -23.0, 0.0], [34.0, 18.0, 0.0], [14.0, 17.0, 0.0], [1.0, 6.0, 0.0], [-3.0, 2.0, 0.0], [-49.0, -29.0, 0.0], [3.0, 0.0, 0.0], [10.0, 12.0, 0.0], [1.0, 6.0, 0.0], [-8.0, 13.0, 0.0], [-6.0, 26.0, 0.0], [-21.0, 21.0, 0.0], [-10.0, 17.0, 0.0], [-8.0, 32.0, 0.0], [-16.0, 29.0, 0.0], [1.0, 6.0, 0.0], [4.0, 0.0, 1.0], [3.0, -8.0, 0.0], [22.0, 37.0, 0.0], [7.0, 30.0, 0.0], [-3.0, 3.0, 0.0], [-24.0, 4.0, 0.0], [-28.0, 12.0, 0.0], [-37.0, -8.0, 0.0], [-33.0, 7.0, 0.0], [-17.0, -11.0, 0.0], [-31.0, -9.0, 0.0], [-6.0, -8.0, 1.0], [49.0, -60.0, 0.0], [1.0, -8.0, 0.0], [21.0, 15.0, 0.0], [12.0, 13.0, 0.0], [3.0, 9.0, 0.0], [-10.0, 14.0, 0.0], [-15.0, 6.0, 0.0], [-9.0, -5.0, 0.0], [-17.0, -30.0, 0.0], [-6.0, -20.0, 0.0], [1.0, -10.0, 0.0], [6.0, -9.0, 1.0], [95.0, 56.0, 0.0], [8.0, 6.0, 0.0], [5.0, 12.0, 0.0], [0.0, 7.0, 0.0], [-6.0, 11.0, 0.0], [-9.0, 7.0, 0.0], [-12.0, 3.0, 0.0], [-14.0, -3.0, 0.0], [-3.0, -9.0, 1.0], [53.0, -131.0, 0.0], [15.0, 17.0, 0.0], [-1.0, 3.0, 0.0], [-26.0, 1.0, 1.0], [37.0, -75.0, 0.0], [-4.0, -3.0, 0.0], [5.0, 10.0, 0.0], [11.0, 12.0, 0.0], [-5.0, 2.0, 0.0], [-14.0, 1.0, 0.0], [-19.0, -17.0, 1.0], [137.421875, -7.296875, 0.0], [0.0, 30.0, 0.0], [-3.0, 13.0, 1.0], [29.0, -48.0, 0.0], [2.0, 16.0, 0.0], [-5.0, 7.0, 0.0], [-7.0, 3.0, 1.0], [-15.0, 23.0, 0.0], [-19.0, -9.0, 0.0], [-13.0, -1.0, 0.0], [-23.0, 11.0, 0.0], [-7.0, 20.0, 0.0], [7.0, 11.0, 0.0], [16.0, 12.0, 0.0], [14.0, 4.0, 0.0], [30.0, 0.0, 0.0], [29.0, -13.0, 0.0], [20.0, -4.0, 0.0], [5.0, -5.0, 0.0], [-4.0, -9.0, 0.0], [-9.0, -9.0, 0.0], [-8.0, -3.0, 0.0], [-21.0, -2.0, 0.0], [-20.0, 7.0, 1.0], [-28.578125, 13.703125, 0.0], [2.0, 0.0, 1.0], [17.0, -4.0, 0.0], [0.0, -1.0, 1.0], [9.0, -2.0, 0.0], [4.0, 1.0, 1.0], [21.0, 7.0, 0.0], [0.0, 1.0, 1.0], [-44.0, -18.0, 0.0], [-5.0, 4.0, 1.0], [17.0, 23.0, 0.0], [1.0, -1.0, 1.0], [-26.0, -10.0, 0.0], [13.0, 0.0, 0.0], [7.0, 5.0, 0.0], [-2.0, 9.0, 0.0], [-18.0, 2.0, 0.0], [-8.0, -20.0, 1.0], [6.0, 3.0, 0.0], [4.0, 5.0, 0.0], [1.0, -13.0, 0.0], [5.0, -5.0, 0.0], [6.0, 0.0, 0.0], [1.0, 7.0, 1.0], [13.0, 14.0, 0.0], [4.0, -11.0, 0.0], [3.0, 7.0, 0.0], [4.0, -7.0, 0.0], [4.0, 0.0, 0.0], [3.0, 7.0, 0.0], [-7.0, 8.0, 0.0], [-12.0, -1.0, 1.0], [3.0, -18.0, 0.0], [1.0, -5.0, 0.0], [7.0, -4.0, 0.0], [14.0, 9.0, 1.0], [-318.578125, -136.296875, 0.0], [1.0, -8.0, 1.0], [9.0, 8.0, 0.0], [13.0, 72.0, 1.0], [7.0, -86.0, 0.0], [2.0, 48.0, 1.0], [-40.0, -87.0, 0.0], [18.0, -6.0, 0.0], [20.0, 1.0, 0.0], [5.0, 3.0, 0.0], [11.0, 18.0, 0.0], [0.0, 15.0, 0.0], [-3.0, 5.0, 0.0], [-12.0, 7.0, 0.0], [-15.0, -1.0, 0.0], [-48.0, -24.0, 1.0], [-87.578125, 54.703125, 0.0], [9.0, 14.0, 0.0], [17.0, 42.0, 1.0], [0.0, -70.0, 0.0], [18.0, 24.0, 0.0], [4.0, 21.0, 1.0], [-63.0, -101.0, 0.0], [11.0, -14.0, 0.0], [10.0, -6.0, 0.0], [14.0, -5.0, 0.0], [9.0, 2.0, 0.0], [22.0, 28.0, 0.0], [7.0, 28.0, 0.0], [-3.0, 12.0, 0.0], [-5.0, 5.0, 0.0], [-9.0, 1.0, 0.0], [-47.0, -10.0, 0.0], [-14.0, -10.0, 1.0]], "gt_class_names": ["tree", "tree", "tree", "tree", "giraffe", "basket", "house plant", "tree", "tree"]}