{"img_id": "sceneid-145-userid-64", "img_w": 1100, "img_h": 770, "object_divisions": [0, 7, 14, 23, 30, 38, 43, 45, 46, 60], "scene_strokes": [[577.421875, 2.703125, 0.0], [-5.0, 68.0, 0.0], [0.0, 82.0, 0.0], [3.0, 24.0, 0.0], [5.0, 2.0, 1.0], [2.0, -13.0, 0.0], [-8.0, -10.0, 0.0], [-18.0, 4.0, 0.0], [-13.0, 9.0, 0.0], [-2.0, 8.0, 0.0], [10.0, 6.0, 0.0], [30.0, -4.0, 0.0], [10.0, -4.0, 0.0], [3.0, -5.0, 0.0], [-1.0, -5.0, 0.0], [-8.0, -7.0, 0.0], [-10.0, -2.0, 0.0], [-19.0, 7.0, 1.0], [-22.0, -12.0, 0.0], [-16.0, 1.0, 0.0], [-63.0, 21.0, 0.0], [-42.0, 28.0, 0.0], [-13.0, 11.0, 0.0], [-15.0, 20.0, 0.0], [6.0, 3.0, 0.0], [14.0, -2.0, 0.0], [73.0, -23.0, 0.0], [52.0, -24.0, 0.0], [14.0, -10.0, 0.0], [-9.0, -1.0, 1.0], [18.0, 0.0, 0.0], [-4.0, 38.0, 0.0], [6.0, 29.0, 1.0], [19.0, 38.0, 0.0], [18.0, 10.0, 0.0], [6.0, -1.0, 0.0], [5.0, -3.0, 0.0], [4.0, -10.0, 0.0], [0.0, -12.0, 0.0], [-13.0, -35.0, 0.0], [-31.0, -61.0, 1.0], [23.0, -3.0, 0.0], [5.0, 10.0, 0.0], [17.0, 7.0, 0.0], [16.0, 2.0, 0.0], [26.0, 0.0, 0.0], [33.0, -7.0, 0.0], [38.0, -20.0, 0.0], [-2.0, -3.0, 0.0], [-18.0, -5.0, 0.0], [-23.0, -3.0, 0.0], [-37.0, 0.0, 0.0], [-43.0, 5.0, 0.0], [-17.0, 10.0, 0.0], [1.0, 5.0, 1.0], [-6.0, -25.0, 0.0], [16.0, -7.0, 0.0], [15.0, -12.0, 0.0], [16.0, -24.0, 0.0], [7.0, -18.0, 0.0], [3.0, -10.0, 0.0], [-2.0, -18.0, 0.0], [-12.0, -4.0, 0.0], [-9.0, 3.0, 0.0], [-29.0, 21.0, 0.0], [-27.0, 35.0, 0.0], [-15.0, 37.0, 0.0], [0.0, 5.0, 0.0], [12.0, 1.0, 1.0], [-499.578125, 247.703125, 0.0], [43.0, -8.0, 0.0], [134.0, -8.0, 0.0], [80.0, 1.0, 0.0], [148.0, 8.0, 0.0], [276.0, 1.0, 0.0], [128.0, 5.0, 0.0], [71.0, 7.0, 0.0], [110.0, 17.0, 0.0], [82.0, 4.0, 1.0], [-1086.0, -32.0, 0.0], [-8.0, 39.0, 1.0], [-6.0, -8.0, 0.0], [-11.0, 73.0, 0.0], [3.0, 16.0, 0.0], [2.0, -10.0, 0.0], [38.0, -1.0, 0.0], [32.0, 5.0, 0.0], [77.0, -2.0, 0.0], [104.0, 5.0, 0.0], [154.0, -13.0, 0.0], [133.0, -3.0, 0.0], [125.0, 5.0, 0.0], [229.0, 26.0, 0.0], [59.0, 4.0, 0.0], [30.0, -2.0, 0.0], [17.0, -4.0, 0.0], [21.0, -10.0, 0.0], [51.0, -63.0, 0.0], [26.0, -45.0, 1.0], [-180.0, 125.0, 0.0], [-5.0, 71.0, 0.0], [-9.0, 33.0, 1.0], [-307.0, -143.0, 0.0], [-9.0, 85.0, 0.0], [-13.0, 26.0, 1.0], [-281.0, -95.0, 0.0], [-38.0, 125.0, 1.0], [-204.0, -111.0, 0.0], [-37.0, 139.0, 1.0], [75.421875, -283.296875, 0.0], [-1.0, 36.0, 0.0], [-10.0, 81.0, 0.0], [43.0, -5.0, 0.0], [116.0, 5.0, 0.0], [10.0, -2.0, 0.0], [8.0, -6.0, 0.0], [8.0, -44.0, 0.0], [0.0, -86.0, 0.0], [-12.0, -3.0, 0.0], [-92.0, 0.0, 0.0], [-53.0, 10.0, 1.0], [24.0, 22.0, 0.0], [-7.0, 0.0, 0.0], [-8.0, 10.0, 0.0], [-6.0, 20.0, 0.0], [2.0, 8.0, 0.0], [11.0, 5.0, 0.0], [10.0, -1.0, 0.0], [8.0, -5.0, 0.0], [9.0, -11.0, 0.0], [1.0, -8.0, 0.0], [-6.0, -14.0, 0.0], [-11.0, -3.0, 0.0], [-14.0, 8.0, 1.0], [102.0, -6.0, 0.0], [1.0, -9.0, 0.0], [-3.0, -4.0, 0.0], [-9.0, -1.0, 0.0], [-7.0, 5.0, 0.0], [-3.0, 20.0, 0.0], [9.0, 9.0, 0.0], [8.0, 1.0, 0.0], [15.0, -11.0, 0.0], [0.0, -14.0, 0.0], [-15.0, -3.0, 1.0], [-81.0, 60.0, 0.0], [-4.0, -3.0, 0.0], [-7.0, 5.0, 0.0], [-5.0, 9.0, 0.0], [-2.0, 16.0, 0.0], [3.0, 8.0, 0.0], [7.0, 4.0, 0.0], [13.0, -4.0, 0.0], [11.0, -12.0, 0.0], [2.0, -20.0, 0.0], [-5.0, -3.0, 0.0], [-3.0, 4.0, 1.0], [84.0, 14.0, 0.0], [1.0, -6.0, 0.0], [-4.0, -7.0, 0.0], [-6.0, -3.0, 0.0], [-7.0, 2.0, 0.0], [-5.0, 6.0, 0.0], [-2.0, 12.0, 0.0], [2.0, 7.0, 0.0], [6.0, 3.0, 0.0], [10.0, -2.0, 0.0], [8.0, -10.0, 0.0], [0.0, -9.0, 0.0], [-5.0, -6.0, 1.0], [3.0, 7.0, 0.0], [-25.0, 22.0, 0.0], [-16.0, 7.0, 0.0], [48.0, -32.0, 0.0], [0.0, -5.0, 0.0], [-20.0, 3.0, 0.0], [-12.0, 8.0, 0.0], [5.0, -5.0, 0.0], [25.0, 16.0, 0.0], [-12.0, 3.0, 1.0], [-3.0, -102.0, 0.0], [-30.0, 34.0, 0.0], [17.0, -21.0, 0.0], [24.0, -22.0, 0.0], [-29.0, 39.0, 0.0], [29.0, -7.0, 1.0], [-116.0, 8.0, 0.0], [37.0, -2.0, 0.0], [6.0, -8.0, 0.0], [-5.0, 1.0, 0.0], [-50.0, 37.0, 0.0], [24.0, -34.0, 0.0], [2.0, -11.0, 0.0], [-4.0, -5.0, 0.0], [-3.0, 5.0, 0.0], [2.0, 17.0, 0.0], [13.0, 18.0, 0.0], [14.0, 5.0, 1.0], [-8.0, 32.0, 0.0], [-19.0, 31.0, 0.0], [-21.0, 18.0, 0.0], [23.0, -27.0, 0.0], [35.0, -29.0, 0.0], [-35.0, 19.0, 0.0], [-4.0, 3.0, 0.0], [8.0, 1.0, 0.0], [29.0, -6.0, 1.0], [-131.578125, -280.296875, 0.0], [54.0, -41.0, 0.0], [32.0, -14.0, 1.0], [7.0, -21.0, 0.0], [2.0, -58.0, 0.0], [8.0, -43.0, 1.0], [66.0, -6.0, 0.0], [2.0, 33.0, 0.0], [-4.0, 23.0, 0.0], [-18.0, 57.0, 0.0], [-1.0, 18.0, 1.0], [2.0, -8.0, 0.0], [80.0, 52.0, 0.0], [22.0, 7.0, 1.0], [-268.0, 13.0, 0.0], [78.0, 9.0, 0.0], [78.0, 3.0, 0.0], [134.0, -6.0, 1.0], [-183.0, -78.0, 0.0], [1.0, 12.0, 1.0], [-96.0, 56.0, 0.0], [-5.0, 7.0, 0.0], [0.0, 10.0, 0.0], [34.0, -4.0, 0.0], [68.0, 0.0, 0.0], [180.0, 11.0, 0.0], [13.0, -6.0, 0.0], [-7.0, -20.0, 1.0], [438.421875, -178.296875, 0.0], [-9.0, 151.0, 0.0], [-19.0, 78.0, 0.0], [-7.0, 8.0, 0.0], [19.0, 4.0, 0.0], [102.0, -11.0, 0.0], [89.0, -1.0, 0.0], [79.0, 7.0, 0.0], [63.0, 15.0, 0.0], [3.0, -1.0, 0.0], [-4.0, -37.0, 0.0], [1.0, -24.0, 0.0], [19.0, -85.0, 0.0], [2.0, -28.0, 0.0], [-2.0, -49.0, 0.0], [-4.0, -18.0, 0.0], [-4.0, -4.0, 1.0], [-242.0, -11.0, 0.0], [1.0, -4.0, 0.0], [1.0, 2.0, 0.0], [0.0, 11.0, 0.0], [-8.0, 84.0, 0.0], [-4.0, 87.0, 0.0], [1.0, 77.0, 1.0], [105.0, -252.0, 0.0], [4.0, 70.0, 0.0], [-16.0, 172.0, 0.0], [5.0, 17.0, 0.0], [5.0, 3.0, 1.0], [95.0, -265.0, 0.0], [-7.0, 95.0, 0.0], [-5.0, 136.0, 0.0], [-4.0, 14.0, 1.0], [-205.0, -33.0, 0.0], [2.0, 2.0, 0.0], [-7.0, 2.0, 0.0], [18.0, -6.0, 0.0], [-22.0, 10.0, 0.0], [16.0, -2.0, 0.0], [-2.0, 8.0, 1.0], [22.0, -9.0, 0.0], [22.0, -7.0, 0.0], [-21.0, 5.0, 0.0], [8.0, 2.0, 1.0], [138.0, 4.0, 0.0], [13.0, -4.0, 0.0], [-20.0, 2.0, 0.0], [20.0, 1.0, 0.0], [-5.0, 5.0, 1.0], [51.0, 2.0, 0.0], [16.0, -1.0, 0.0], [-15.0, 9.0, 1.0], [-675.578125, -228.296875, 0.0], [-13.0, 201.0, 0.0], [1.0, 116.0, 0.0], [5.0, 21.0, 0.0], [0.0, 18.0, 0.0], [6.0, 4.0, 0.0], [19.0, 1.0, 0.0], [112.0, -7.0, 0.0], [172.0, -2.0, 0.0], [12.0, -2.0, 0.0], [15.0, -11.0, 0.0], [5.0, -13.0, 0.0], [3.0, -25.0, 0.0], [1.0, -132.0, 0.0], [13.0, -94.0, 0.0], [1.0, -68.0, 0.0], [-4.0, -16.0, 1.0], [-191.0, 4.0, 0.0], [-4.0, 103.0, 1.0], [-14.0, 108.0, 0.0], [-3.0, 18.0, 0.0], [-2.0, 128.0, 1.0], [-141.0, -206.0, 0.0], [11.0, 4.0, 0.0], [27.0, 0.0, 0.0], [57.0, -9.0, 1.0], [127.0, 44.0, 0.0], [89.0, 10.0, 0.0], [15.0, 5.0, 1.0], [-16.578125, -165.296875, 0.0], [-9.0, 4.0, 0.0], [-19.0, 24.0, 0.0], [0.0, 15.0, 0.0], [5.0, 3.0, 0.0], [13.0, -1.0, 0.0], [19.0, -10.0, 0.0], [3.0, -21.0, 0.0], [-5.0, -10.0, 0.0], [-6.0, -2.0, 1.0], [1.0, -2.0, 0.0], [-28.0, 40.0, 0.0], [32.0, -21.0, 0.0], [-21.0, 16.0, 0.0], [1.0, 7.0, 0.0], [4.0, 1.0, 1.0], [-306.578125, 47.703125, 0.0], [33.0, -63.0, 0.0], [8.0, -8.0, 0.0], [6.0, 0.0, 0.0], [2.0, 3.0, 0.0], [17.0, 51.0, 0.0], [6.0, 8.0, 0.0], [7.0, 2.0, 0.0], [13.0, -18.0, 0.0], [20.0, -42.0, 0.0], [10.0, -10.0, 0.0], [7.0, -1.0, 0.0], [15.0, 51.0, 0.0], [10.0, 12.0, 1.0], [276.421875, 251.703125, 0.0], [10.0, 103.0, 1.0], [-17.0, -116.0, 0.0], [122.0, -24.0, 0.0], [68.0, -5.0, 0.0], [15.0, 5.0, 0.0], [5.0, 7.0, 0.0], [4.0, 18.0, 0.0], [5.0, 109.0, 0.0], [-21.0, -7.0, 0.0], [-65.0, -7.0, 0.0], [-56.0, -2.0, 0.0], [-58.0, 5.0, 0.0], [-6.0, -3.0, 1.0], [185.0, -121.0, 0.0], [-22.0, 35.0, 0.0], [-61.0, 73.0, 0.0], [-28.0, 68.0, 0.0], [-10.0, 56.0, 0.0], [7.0, -2.0, 0.0], [39.0, 5.0, 0.0], [39.0, 20.0, 0.0], [13.0, 3.0, 0.0], [25.0, -5.0, 0.0], [5.0, -4.0, 0.0], [5.0, -13.0, 0.0], [6.0, -73.0, 0.0], [-3.0, -17.0, 0.0], [3.0, -86.0, 0.0], [-10.0, -13.0, 0.0], [-20.0, -9.0, 1.0], [32.0, 92.0, 0.0], [-33.0, 49.0, 0.0], [-73.0, 95.0, 1.0], [-2.0, -5.0, 0.0], [-28.0, -33.0, 0.0], [-14.0, -26.0, 0.0], [24.0, 32.0, 0.0], [9.0, 7.0, 0.0], [5.0, -1.0, 0.0], [38.0, -23.0, 0.0], [57.0, -44.0, 1.0], [-168.0, -73.0, 0.0], [0.0, -49.0, 0.0], [3.0, -9.0, 0.0], [4.0, 0.0, 1.0], [-20.0, -28.0, 0.0], [26.0, 41.0, 1.0], [-11.0, -11.0, 0.0], [63.0, -13.0, 0.0], [69.0, -2.0, 1.0], [13.0, -39.0, 0.0], [-3.0, 29.0, 1.0], [-175.0, -5.0, 0.0], [1.0, -12.0, 0.0], [-7.0, -33.0, 1.0], [211.0, 8.0, 0.0], [-4.0, -43.0, 1.0], [-229.0, 45.0, 