{"img_id": "sceneid-84-userid-41", "img_w": 1100, "img_h": 770, "object_divisions": [0, 21, 38, 47, 64, 66, 68, 70], "scene_strokes": [[1016.421875, 454.703125, 0.0], [-3.0, -50.0, 1.0], [-13.0, 45.0, 0.0], [-2.0, -30.0, 0.0], [4.0, -20.0, 1.0], [4.0, -9.0, 0.0], [13.0, -16.0, 0.0], [2.0, 24.0, 1.0], [-22.0, 9.0, 0.0], [-16.0, -12.0, 0.0], [-60.0, -32.0, 0.0], [-45.0, -14.0, 0.0], [-36.0, -8.0, 0.0], [-11.0, 1.0, 1.0], [165.0, 80.0, 0.0], [-20.0, -14.0, 0.0], [-55.0, -27.0, 0.0], [-66.0, -19.0, 0.0], [-16.0, -2.0, 1.0], [172.0, 60.0, 0.0], [-8.0, -9.0, 0.0], [-7.0, -2.0, 1.0], [15.0, 22.0, 0.0], [-17.0, -10.0, 1.0], [-45.0, 2.0, 0.0], [4.0, -32.0, 1.0], [5.0, 32.0, 0.0], [4.0, -33.0, 1.0], [0.0, -3.0, 0.0], [-3.0, -24.0, 0.0], [-8.0, 15.0, 1.0], [-29.0, 29.0, 0.0], [5.0, -38.0, 1.0], [-18.0, 30.0, 0.0], [6.0, -38.0, 1.0], [17.0, 0.0, 0.0], [-4.0, -29.0, 0.0], [-14.0, 32.0, 1.0], [-32.0, 23.0, 0.0], [4.0, -36.0, 1.0], [-19.0, 32.0, 0.0], [5.0, -42.0, 1.0], [20.0, 5.0, 0.0], [-4.0, -33.0, 0.0], [-12.0, 22.0, 1.0], [-39.0, 37.0, 0.0], [2.0, -38.0, 1.0], [-17.0, 36.0, 0.0], [3.0, -37.0, 1.0], [18.0, -9.0, 0.0], [-7.0, -24.0, 0.0], [-11.0, 24.0, 1.0], [13.0, 13.0, 0.0], [-16.0, 0.0, 1.0], [16.0, 18.0, 0.0], [-16.0, -4.0, 1.0], [-248.578125, 126.703125, 0.0], [-2.0, 8.0, 1.0], [-15.0, 118.0, 0.0], [18.0, 31.0, 1.0], [-32.0, -166.0, 0.0], [-10.0, 36.0, 1.0], [7.0, 82.0, 0.0], [7.0, 27.0, 0.0], [12.0, 25.0, 1.0], [361.0, 28.0, 0.0], [-35.0, 38.0, 1.0], [116.0, -108.0, 0.0], [-45.0, 58.0, 1.0], [-319.0, -177.0, 0.0], [-24.0, -9.0, 0.0], [-9.0, 3.0, 1.0], [-50.0, 54.0, 0.0], [-1.0, 58.0, 0.0], [12.0, 46.0, 1.0], [22.0, 38.0, 0.0], [16.0, 19.0, 0.0], [32.0, 27.0, 0.0], [35.0, 17.0, 0.0], [36.0, 7.0, 1.0], [59.0, -7.0, 0.0], [-39.0, -3.0, 0.0], [-50.0, -18.0, 1.0], [67.0, -168.0, 0.0], [-33.0, -12.0, 0.0], [-32.0, 4.0, 1.0], [51.0, 74.0, 0.0], [-19.0, -6.0, 1.0], [-28.0, 4.0, 0.0], [-4.0, 0.0, 1.0], [243.0, -33.0, 0.0], [-17.0, -8.0, 0.0], [-15.0, -3.0, 0.0], [-25.0, 4.0, 1.0], [-79.0, -119.0, 0.0], [-8.0, -4.0, 0.0], [-17.0, 0.0, 1.0], [-31.0, -6.0, 0.0], [-28.0, -3.0, 1.0], [-82.0, -17.0, 0.0], [-17.0, 7.0, 1.0], [-431.578125, -277.296875, 0.0], [-1.0, 34.0, 0.0], [-3.0, 7.0, 0.0], [-9.0, 5.0, 0.0], [-9.0, 1.0, 0.0], [-11.0, -4.0, 0.0], [-15.0, -10.0, 0.0], [-11.0, -22.0, 0.0], [0.0, -11.0, 0.0], [5.0, -13.0, 0.0], [22.0, -12.0, 0.0], [11.0, 0.0, 0.0], [9.0, 4.0, 0.0], [7.0, 9.0, 0.0], [7.0, 20.0, 0.0], [0.0, 28.0, 1.0], [-35.0, -71.0, 0.0], [-29.0, -60.0, 0.0], [-9.0, -12.0, 0.0], [-10.0, -8.0, 0.0], [-3.0, 1.0, 1.0], [19.0, 97.0, 0.0], [-45.0, -15.0, 0.0], [-24.0, -3.0, 1.0], [55.0, 76.0, 0.0], [-52.0, 27.0, 1.0], [89.0, 12.0, 0.0], [-16.0, 47.0, 0.0], [-2.0, 17.0, 1.0], [68.0, -45.0, 0.0], [6.0, 52.0, 0.0], [2.0, 10.0, 0.0], [4.0, 3.0, 1.0], [78.0, -106.0, 0.0], [-52.0, -13.0, 0.0], [-20.0, -17.0, 1.0], [58.0, -32.0, 0.0], [-24.0, -1.0, 0.0], [-31.0, -8.0, 0.0], [-13.0, -10.0, 1.0], [26.0, -73.0, 0.0], [-20.0, 35.0, 0.0], [-9.0, 26.0, 1.0], [508.421875, 372.703125, 0.0], [-5.0, -20.0, 0.0], [-9.0, 12.0, 0.0], [2.0, -7.0, 0.0], [-3.0, 7.0, 1.0], [5.0, -9.0, 0.0], [-8.0, 11.0, 0.0], [1.0, 3.0, 0.0], [2.0, -2.0, 0.0], [1.0, -4.0, 0.0], [-2.0, 1.0, 1.0], [1.0, 0.0, 0.0], [-3.0, 3.0, 0.0], [0.0, 8.0, 0.0], [8.0, 7.0, 0.0], [-7.0, -7.0, 0.0], [0.0, -7.0, 0.0], [9.0, -8.0, 0.0], [7.0, 3.0, 0.0], [-4.0, 13.0, 1.0], [4.0, 1.0, 0.0], [0.0, -10.0, 0.0], [-5.0, -8.0, 1.0], [9.0, 11.0, 0.0], [8.0, 7.0, 0.0], [-9.0, 5.0, 1.0], [-13.0, 2.0, 0.0], [2.0, 2.0, 0.0], [-4.0, -1.0, 0.0], [3.0, 2.0, 0.0], [-17.0, 1.0, 1.0], [7.0, -2.0, 0.0], [-8.0, 0.0, 0.0], [-7.0, 4.0, 0.0], [-12.0, 15.0, 1.0], [1.0, 3.0, 0.0], [1.0, 4.0, 0.0], [9.0, 3.0, 1.0], [-4.0, 0.0, 0.0], [11.0, -1.0, 0.0], [-8.0, 1.0, 0.0], [6.0, 2.0, 0.0], [19.0, -4.0, 1.0], [-4.0, 2.0, 0.0], [8.0, -1.0, 1.0], [10.0, -26.0, 0.0], [0.0, -1.0, 1.0], [0.0, -2.0, 0.0], [5.0, 3.0, 0.0], [-1.0, 10.0, 1.0], [2.0, -2.0, 0.0], [1.0, 9.0, 0.0], [-8.0, 7.0, 0.0], [4.0, 1.0, 0.0], [-13.0, 2.0, 1.0], [-10.0, -16.0, 0.0], [-10.0, 4.0, 0.0], [8.0, 0.0, 0.0], [-7.0, 3.0, 0.0], [8.0, 2.0, 1.0], [11.0, -38.0, 0.0], [0.0, 1.0, 1.0], [6.0, -3.0, 0.0], [1.0, -1.0, 1.0], [1.0, 0.0, 0.0], [1.0, -13.0, 0.0], [-13.0, 1.0, 0.0], [-6.0, 7.0, 0.0], [-1.0, 12.0, 0.0], [12.0, 15.0, 0.0], [-12.0, -1.0, 0.0], [-20.0, 5.0, 0.0], [-7.0, 11.0, 0.0], [0.0, 6.0, 0.0], [16.0, 12.0, 0.0], [33.0, -4.0, 0.0], [9.0, -12.0, 0.0], [-1.0, -16.0, 0.0], [-4.0, -6.0, 0.0], [-5.0, 0.0, 0.0], [10.0, -5.0, 0.0], [-9.0, -6.0, 1.0], [116.421875, 74.703125, 0.0], [16.0, 9.0, 0.0], [15.0, 1.0, 0.0], [5.0, -4.0, 0.0], [-2.0, -8.0, 0.0], [-10.0, -8.0, 0.0], [-10.0, -3.0, 0.0], [-10.0, 2.0, 1.0], [9.0, 7.0, 0.0], [-12.0, -18.0, 0.0], [-1.0, -12.0, 0.0], [17.0, 16.0, 0.0], [6.0, -16.0, 0.0], [2.0, 20.0, 0.0], [17.0, -15.0, 0.0], [-3.0, 16.0, 0.0], [-19.0, 11.0, 1.0], [-69.578125, 124.703125, 0.0], [-13.0, 1.0, 0.0], [-8.0, -7.0, 0.0], [-1.0, -3.0, 0.0], [3.0, -2.0, 0.0], [13.0, -1.0, 0.0], [15.0, 9.0, 1.0], [-26.0, -3.0, 0.0], [-10.0, -21.0, 0.0], [2.0, -6.0, 0.0], [16.0, 20.0, 0.0], [3.0, -18.0, 0.0], [1.0, 15.0, 0.0], [17.0, -12.0, 0.0], [-7.0, 15.0, 0.0], [-15.0, 14.0, 1.0], [35.421875, -237.296875, 0.0], [-9.0, -1.0, 0.0], [-10.0, -7.0, 0.0], [-4.0, -6.0, 0.0], [2.0, -4.0, 0.0], [13.0, 0.0, 0.0], [14.0, 12.0, 0.0], [0.0, 3.0, 1.0], [-23.0, -13.0, 0.0], [-3.0, -8.0, 0.0], [2.0, -16.0, 0.0], [10.0, 22.0, 0.0], [12.0, -19.0, 0.0], [-2.0, 19.0, 0.0], [14.0, 2.0, 0.0], [-9.0, 10.0, 0.0], [-11.0, 1.0, 1.0]], "gt_class_names": ["fence", "pond", "sun", "duck", "flower", "flower", "flower"]}