{"img_id": "sceneid-146-userid-87", "img_w": 1100, "img_h": 770, "object_divisions": [0, 11, 27, 43, 48, 53], "scene_strokes": [[341.421875, 691.703125, 0.0], [71.0, -144.0, 0.0], [226.0, -556.0, 1.0], [-116.0, 721.0, 0.0], [61.0, -129.0, 0.0], [68.0, -161.0, 0.0], [114.0, -312.0, 0.0], [55.0, -142.0, 1.0], [-367.0, 690.0, 0.0], [15.0, -23.0, 1.0], [31.0, -62.0, 0.0], [16.0, -31.0, 1.0], [21.0, -53.0, 0.0], [17.0, -32.0, 1.0], [20.0, -39.0, 0.0], [11.0, -21.0, 1.0], [22.0, -56.0, 0.0], [17.0, -36.0, 1.0], [16.0, -46.0, 0.0], [7.0, -17.0, 1.0], [16.0, -42.0, 0.0], [11.0, -30.0, 1.0], [14.0, -44.0, 0.0], [11.0, -28.0, 1.0], [10.0, -32.0, 0.0], [8.0, -27.0, 1.0], [378.421875, 328.703125, 0.0], [-58.0, -3.0, 0.0], [-70.0, -12.0, 0.0], [-50.0, -3.0, 0.0], [-117.0, 2.0, 0.0], [-197.0, -15.0, 0.0], [-156.0, -7.0, 0.0], [-336.0, 2.0, 0.0], [-97.0, -3.0, 1.0], [1071.0, 149.0, 0.0], [-170.0, -35.0, 0.0], [-61.0, -6.0, 0.0], [-119.0, -4.0, 0.0], [-145.0, -16.0, 0.0], [-132.0, -1.0, 0.0], [-145.0, -11.0, 0.0], [-205.0, -7.0, 0.0], [-87.0, 3.0, 1.0], [82.0, -65.0, 0.0], [3.0, 60.0, 0.0], [2.0, -1.0, 1.0], [45.0, -59.0, 0.0], [5.0, 74.0, 1.0], [57.0, -72.0, 0.0], [4.0, 78.0, 1.0], [68.0, -82.0, 0.0], [5.0, 73.0, 1.0], [55.0, -76.0, 0.0], [4.0, 77.0, 1.0], [60.0, -71.0, 0.0], [4.0, 83.0, 1.0], [37.0, -84.0, 0.0], [2.0, 88.0, 1.0], [263.0, -76.0, 0.0], [0.0, 78.0, 1.0], [56.0, -66.0, 0.0], [1.0, 82.0, 1.0], [67.0, -85.0, 0.0], [4.0, 70.0, 1.0], [66.0, -70.0, 0.0], [8.0, 90.0, 1.0], [-404.0, -114.0, 0.0], [7.0, 71.0, 0.0], [-1.0, 20.0, 1.0], [58.0, -83.0, 0.0], [3.0, 66.0, 0.0], [3.0, 9.0, 1.0], [61.0, -74.0, 0.0], [0.0, 86.0, 1.0], [100.421875, -146.296875, 0.0], [0.0, 59.0, 0.0], [-6.0, 62.0, 1.0], [8.0, -123.0, 0.0], [44.0, 8.0, 0.0], [30.0, 0.0, 0.0], [107.0, 11.0, 0.0], [91.0, 0.0, 1.0], [2.0, 3.0, 0.0], [-17.0, 126.0, 1.0], [-262.0, -26.0, 0.0], [81.0, 4.0, 0.0], [190.0, 19.0, 1.0], [-328.0, -77.0, 0.0], [55.0, 0.0, 1.0], [-266.0, -87.0, 0.0], [-13.0, 106.0, 1.0], [6.0, -109.0, 0.0], [127.0, 0.0, 0.0], [96.0, 8.0, 0.0], [2.0, 45.0, 0.0], [-13.0, 73.0, 1.0], [-215.0, -13.0, 0.0], [43.0, -1.0, 0.0], [134.0, 10.0, 0.0], [51.0, 0.0, 1.0], [-154.0, 9.0, 0.0], [-1.0, 7.0, 0.0], [4.0, 8.0, 0.0], [9.0, 1.0, 0.0], [7.0, -7.0, 0.0], [-1.0, -19.0, 0.0], [-11.0, -4.0, 0.0], [-6.0, 4.0, 0.0], [1.0, 4.0, 1.0], [52.0, 17.0, 0.0], [4.0, 6.0, 0.0], [10.0, 4.0, 0.0], [10.0, -10.0, 0.0], [1.0, -6.0, 0.0], [-1.0, -9.0, 0.0], [-8.0, -7.0, 0.0], [-13.0, 4.0, 0.0], [-3.0, 8.0, 1.0], [211.0, 32.0, 0.0], [11.0, 7.0, 0.0], [4.0, 0.0, 0.0], [7.0, -7.0, 0.0], [0.0, -8.0, 0.0], [-4.0, -4.0, 0.0], [-9.0, 0.0, 0.0], [-6.0, 4.0, 1.0], [95.0, 28.0, 0.0], [15.0, 4.0, 0.0], [7.0, -8.0, 0.0], [0.0, -8.0, 0.0], [-6.0, -8.0, 0.0], [-7.0, -1.0, 0.0], [-10.0, 3.0, 0.0], [-3.0, 6.0, 1.0], [-110.0, -86.0, 0.0], [-4.0, -29.0, 0.0], [15.0, -4.0, 0.0], [56.0, -2.0, 0.0], [5.0, 2.0, 0.0], [0.0, 4.0, 0.0], [-8.0, 41.0, 0.0], [-5.0, 2.0, 0.0], [-68.0, -7.0, 1.0], [128.0, 4.0, 0.0], [5.0, -36.0, 0.0], [33.0, -2.0, 0.0], [33.0, 3.0, 0.0], [4.0, 5.0, 0.0], [-4.0, 34.0, 0.0], [-42.0, 2.0, 0.0], [-40.0, -3.0, 1.0], [-401.0, -45.0, 0.0], [-2.0, -23.0, 0.0], [18.0, -2.0, 0.0], [41.0, 2.0, 0.0], [-1.0, 23.0, 0.0], [-9.0, 4.0, 0.0], [-50.0, 2.0, 1.0], [103.0, -5.0, 0.0], [0.0, -24.0, 0.0], [65.0, 0.0, 0.0], [4.0, 3.0, 0.0], [0.0, 30.0, 0.0], [-50.0, 1.0, 0.0], [-26.0, -4.0, 1.0], [93.421875, -288.296875, 0.0], [-30.0, 90.0, 0.0], [-34.0, 74.0, 0.0], [-2.0, 6.0, 0.0], [3.0, -1.0, 1.0], [71.0, -169.0, 0.0], [24.0, 11.0, 0.0], [30.0, 5.0, 0.0], [8.0, 7.0, 0.0], [-9.0, 32.0, 0.0], [-12.0, 27.0, 0.0], [-35.0, 102.0, 1.0], [-74.0, -15.0, 0.0], [40.0, 9.0, 0.0], [44.0, 5.0, 1.0], [17.0, -55.0, 0.0], [4.0, 2.0, 0.0], [7.0, -6.0, 0.0], [1.0, -7.0, 0.0], [-5.0, -6.0, 0.0], [-7.0, 0.0, 0.0], [-3.0, 5.0, 0.0], [4.0, 8.0, 1.0], [15.0, -41.0, 0.0], [3.0, 7.0, 0.0], [10.0, 0.0, 0.0], [6.0, -8.0, 0.0], [-3.0, -10.0, 0.0], [-9.0, -5.0, 0.0], [-5.0, 1.0, 0.0], [-7.0, 9.0, 0.0], [3.0, 3.0, 1.0], [-144.578125, 51.703125, 0.0], [2.0, 4.0, 0.0], [10.0, 4.0, 0.0], [8.0, -1.0, 0.0], [4.0, -6.0, 0.0], [-1.0, -13.0, 0.0], [-13.0, -6.0, 0.0], [-7.0, 2.0, 0.0], [-2.0, 4.0, 0.0], [1.0, 12.0, 1.0], [6.0, -21.0, 0.0], [2.0, -8.0, 0.0], [7.0, 15.0, 0.0], [7.0, -19.0, 0.0], [3.0, 21.0, 1.0], [-18.0, 22.0, 0.0], [-5.0, 8.0, 0.0], [-1.0, 11.0, 0.0], [7.0, 6.0, 0.0], [16.0, 0.0, 0.0], [8.0, -3.0, 0.0], [2.0, -5.0, 0.0], [-4.0, -13.0, 0.0], [-14.0, -6.0, 0.0], [-4.0, 3.0, 1.0], [-1.0, 26.0, 0.0], [0.0, 13.0, 1.0], [12.0, -11.0, 0.0], [0.0, 13.0, 1.0]], "gt_class_names": ["road", "rail", "train", "school bus", "cat"]}