{"img_id": "sceneid-106-userid-45", "img_w": 1100, "img_h": 770, "object_divisions": [0, 3, 6], "scene_strokes": [[425.421875, 374.703125, 0.0], [6.0, -12.0, 0.0], [9.0, -8.0, 0.0], [12.0, -5.0, 0.0], [11.0, 1.0, 0.0], [7.0, 8.0, 0.0], [3.0, 11.0, 0.0], [-3.0, 26.0, 0.0], [2.0, 17.0, 1.0], [-24.0, 0.0, 0.0], [44.0, -11.0, 0.0], [-27.0, 98.0, 1.0], [-23.0, -83.0, 0.0], [10.0, 25.0, 0.0], [11.0, 49.0, 0.0], [10.0, 17.0, 1.0], [-253.578125, 8.703125, 0.0], [31.0, -24.0, 0.0], [17.0, -7.0, 0.0], [6.0, 1.0, 0.0], [3.0, 5.0, 0.0], [-1.0, 7.0, 0.0], [-6.0, 8.0, 0.0], [-9.0, 9.0, 0.0], [-19.0, 9.0, 0.0], [-40.0, 14.0, 1.0], [27.0, -27.0, 0.0], [-25.0, 15.0, 0.0], [-9.0, 17.0, 1.0], [-1.0, -42.0, 0.0], [55.0, -24.0, 0.0], [16.0, -20.0, 0.0], [-2.0, -6.0, 0.0], [-10.0, -1.0, 0.0], [-49.0, 17.0, 0.0], [-29.0, 23.0, 0.0], [-2.0, 5.0, 0.0], [2.0, 3.0, 0.0], [14.0, 1.0, 0.0], [18.0, -7.0, 1.0]], "gt_class_names": ["umbrella", "sandwich"]}