{"img_id": "sceneid-49-userid-19", "img_w": 1100, "img_h": 770, "object_divisions": [0, 6, 15, 21, 29, 35, 39, 50, 53], "scene_strokes": [[622.0, 155.703125, 0.0], [280.0, -8.0, 0.0], [77.0, 0.0, 0.0], [29.0, 3.0, 1.0], [-394.0, 8.0, 0.0], [-1.0, 114.0, 0.0], [-5.0, 51.0, 0.0], [1.0, 72.0, 1.0], [-3.0, -1.0, 0.0], [57.0, 4.0, 0.0], [126.0, -7.0, 0.0], [226.0, -4.0, 0.0], [55.0, -5.0, 0.0], [3.0, -17.0, 0.0], [-16.0, -110.0, 0.0], [-12.0, -47.0, 0.0], [-22.0, -62.0, 1.0], [-22.0, 2.0, 0.0], [24.0, 0.0, 1.0], [-412.0, 38.0, 0.0], [26.0, 1.0, 0.0], [265.0, -14.0, 0.0], [68.0, -1.0, 0.0], [66.0, 3.0, 1.0], [-427.0, 32.0, 0.0], [16.0, -4.0, 0.0], [17.0, 5.0, 0.0], [43.0, -4.0, 0.0], [40.0, 3.0, 0.0], [61.0, -4.0, 0.0], [42.0, 10.0, 0.0], [36.0, -8.0, 0.0], [32.0, 1.0, 0.0], [48.0, -8.0, 0.0], [97.0, 4.0, 1.0], [-329.0, 76.703125, 0.0], [0.0, 21.0, 1.0], [-3.0, -23.0, 0.0], [-15.0, 18.0, 1.0], [12.0, 6.0, 0.0], [2.0, 1.0, 1.0], [2.0, 1.0, 0.0], [-21.0, -6.0, 1.0], [7.0, -4.0, 0.0], [-15.0, -16.0, 0.0], [-16.0, -2.0, 0.0], [-35.0, 19.0, 0.0], [-7.0, 1.0, 1.0], [58.0, 8.0, 0.0], [-63.0, 0.0, 0.0], [-1.0, -8.0, 1.0], [11.0, 2.0, 0.0], [-3.0, 3.0, 0.0], [5.0, 0.0, 0.0], [-2.0, -4.0, 0.0], [-1.0, 5.0, 0.0], [7.0, -1.0, 0.0], [-5.0, -4.0, 1.0], [30.0, -9.0, 0.0], [-5.0, -12.0, 0.0], [-7.0, -4.0, 1.0], [11.0, 31.0, 0.0], [-2.0, 6.0, 0.0], [-14.0, 10.0, 1.0], [35.0, 79.703125, 0.0], [-5.0, -23.0, 1.0], [0.0, 6.0, 0.0], [-3.0, 8.0, 0.0], [7.0, 0.0, 0.0], [2.0, -6.0, 0.0], [-5.0, -4.0, 0.0], [-10.0, 4.0, 0.0], [0.0, 3.0, 1.0], [12.0, 1.0, 0.0], [14.0, -25.0, 1.0], [-27.0, 27.0, 0.0], [-11.0, -8.0, 1.0], [16.0, 2.0, 0.0], [-18.0, -10.0, 1.0], [21.0, 7.0, 0.0], [1.0, -10.0, 1.0], [125.0, 8.703125, 0.0], [-10.0, 6.0, 0.0], [3.0, 8.0, 0.0], [6.0, 2.0, 0.0], [14.0, -5.0, 0.0], [3.0, -5.0, 0.0], [-2.0, -6.0, 0.0], [-14.0, -5.0, 0.0], [-9.0, 1.0, 0.0], [-3.0, 4.0, 1.0], [12.0, 1.0, 0.0], [-6.0, -18.0, 0.0], [-3.0, -5.0, 0.0], [0.0, 4.0, 1.0], [11.0, 18.0, 0.0], [0.0, -15.0, 0.0], [2.0, -4.0, 0.0], [2.0, 2.0, 1.0], [-4.0, 18.0, 0.0], [0.0, -13.0, 1.0], [8.0, 11.0, 0.0], [5.0, -9.0, 1.0], [-16.0, 10.0, 0.0], [3.0, -12.0, 1.0], [-16.0, 18.0, 0.0], [-4.0, -11.0, 1.0], [13.0, 11.0, 0.0], [-12.0, -9.0, 1.0], [93.0, 0.703125, 0.0], [-13.0, 11.0, 0.0], [-1.0, 8.0, 0.0], [6.0, 4.0, 0.0], [11.0, -2.0, 0.0], [6.0, -13.0, 0.0], [-7.0, -7.0, 0.0], [-17.0, -3.0, 1.0], [14.0, 6.0, 0.0], [1.0, -17.0, 0.0], [3.0, -3.0, 1.0], [-12.0, 20.0, 0.0], [-10.0, -13.0, 0.0], [0.0, 4.0, 1.0], [2.0, 14.0, 0.0], [-7.0, -7.0, 0.0], [-1.0, -3.0, 0.0], [3.0, 2.0, 1.0], [28.0, 4.0, 0.0], [4.0, -8.0, 1.0], [-1.0, 7.0, 0.0], [8.0, -7.0, 1.0], [-562.0, -108.296875, 0.0], [-10.0, -8.0, 0.0], [-16.0, -5.0, 0.0], [-42.0, -3.0, 0.0], [-36.0, 5.0, 0.0], [-27.0, 8.0, 0.0], [-31.0, 14.0, 0.0], [-23.0, 18.0, 0.0], [-13.0, 17.0, 0.0], [-5.0, 15.0, 0.0], [0.0, 19.0, 0.0], [5.0, 14.0, 0.0], [15.0, 16.0, 0.0], [32.0, 13.0, 0.0], [16.0, 3.0, 0.0], [45.0, 3.0, 0.0], [40.0, -3.0, 0.0], [50.0, -11.0, 0.0], [43.0, -16.0, 0.0], [30.0, -21.0, 0.0], [8.0, -10.0, 0.0], [6.0, -19.0, 0.0], [-8.0, -23.0, 0.0], [-13.0, -12.0, 0.0], [-30.0, -11.0, 0.0], [-33.0, -3.0, 0.0], [-68.0, 7.0, 1.0], [5.0, 124.0, 0.0], [2.0, 62.0, 0.0], [-3.0, 26.0, 1.0], [-1.0, 5.0, 0.0], [-22.0, 37.0, 0.0], [-15.0, 47.0, 1.0], [38.0, -79.0, 0.0], [19.0, 36.0, 0.0], [31.0, 42.0, 1.0], [-84.0, -260.296875, 0.0], [-6.0, -4.0, 0.0], [-3.0, 10.0, 0.0], [1.0, 13.0, 0.0], [6.0, 7.0, 0.0], [4.0, 0.0, 0.0], [3.0, -5.0, 0.0], [0.0, -13.0, 0.0], [-6.0, -8.0, 0.0], [-8.0, -1.0, 1.0], [0.0, 5.0, 0.0], [-11.0, -4.0, 0.0], [-7.0, 10.0, 0.0], [-7.0, -3.0, 0.0], [-9.0, 7.0, 0.0], [-6.0, -4.0, 0.0], [-11.0, 1.0, 0.0], [-11.0, 6.0, 0.0], [1.0, 11.0, 1.0], [60.0, 0.0, 0.0], [-53.0, 3.0, 0.0], [-8.0, 3.0, 1.0], [47.0, -3.0, 0.0], [5.0, 9.0, 1.0], [-36.0, -2.0, 0.0], [-1.0, 13.0, 1.0], [51.0, -36.0, 0.0], [3.0, 1.0, 1.0], [2.0, 0.0, 0.0], [9.0, -6.0, 1.0], [-8.0, 10.0, 0.0], [8.0, -5.0, 1.0], [-17.0, 9.0, 0.0], [-9.0, -5.0, 1.0], [8.0, 6.0, 0.0], [-7.0, 1.0, 1.0], [6.0, 0.0, 0.0], [-6.0, -1.0, 1.0], [87.0, -0.296875, 0.0], [0.0, -1.0, 1.0], [2.0, -2.0, 0.0], [-28.0, 4.0, 0.0], [-32.0, 12.0, 0.0], [7.0, 8.0, 0.0], [43.0, 1.0, 0.0], [21.0, -4.0, 0.0], [8.0, -7.0, 0.0], [-3.0, -6.0, 0.0], [-8.0, -4.0, 0.0], [-22.0, -2.0, 1.0], [-43.0, 24.0, 0.0], [3.0, 12.0, 0.0], [8.0, 7.0, 0.0], [27.0, 7.0, 0.0], [15.0, -5.0, 0.0], [16.0, -12.0, 0.0], [6.0, -9.0, 0.0], [-2.0, -5.0, 1.0]], "gt_class_names": ["fish tank", "fish", "house plant", "house plant", "house plant", "table", "cat", "bowl"]}