{"img_id": "sceneid-172-userid-92", "img_w": 1100, "img_h": 770, "object_divisions": [0, 7, 12, 15, 17, 24, 30], "scene_strokes": [[300.0, 247.703125, 0.0], [-159.0, 36.0, 0.0], [-26.0, 12.0, 0.0], [-11.0, 11.0, 0.0], [-2.0, 16.0, 0.0], [6.0, 187.0, 0.0], [-1.0, 61.0, 0.0], [-4.0, 30.0, 0.0], [76.0, 8.0, 0.0], [165.0, 32.0, 0.0], [9.0, -25.0, 0.0], [12.0, -59.0, 0.0], [4.0, -64.0, 0.0], [6.0, -32.0, 0.0], [0.0, -8.0, 0.0], [-4.0, -6.0, 0.0], [-37.0, -10.0, 0.0], [-64.0, -10.0, 0.0], [-120.0, -1.0, 0.0], [13.0, -41.0, 0.0], [7.0, -42.0, 0.0], [-1.0, -26.0, 0.0], [-10.0, -17.0, 0.0], [-21.0, -14.0, 0.0], [-19.0, 1.0, 0.0], [-19.0, 13.0, 1.0], [202.0, -52.0, 0.0], [28.0, -5.0, 0.0], [15.0, 1.0, 0.0], [15.0, 6.0, 0.0], [6.0, 9.0, 0.0], [-1.0, 41.0, 0.0], [-14.0, 74.0, 1.0], [10.0, -13.0, 0.0], [92.0, -11.0, 0.0], [52.0, 0.0, 0.0], [22.0, 3.0, 0.0], [14.0, 8.0, 0.0], [-1.0, 16.0, 0.0], [-16.0, 39.0, 0.0], [-3.0, 26.0, 0.0], [-2.0, 112.0, 0.0], [-6.0, 54.0, 1.0], [-164.0, 32.0, 0.0], [141.0, -51.0, 0.0], [28.0, -16.0, 1.0], [-148.0, -79.0, 0.0], [6.0, 1.0, 0.0], [44.0, -11.0, 0.0], [56.0, -19.0, 0.0], [12.0, -10.0, 1.0], [54.0, -84.0, 0.0], [13.0, 19.0, 0.0], [7.0, 36.0, 0.0], [0.0, 26.0, 0.0], [-8.0, 72.0, 0.0], [1.0, 72.0, 0.0], [-5.0, 6.0, 0.0], [-55.0, 0.0, 1.0], [-144.0, -222.0, 0.0], [-6.0, 8.0, 0.0], [-5.0, 17.0, 0.0], [-1.0, 29.0, 1.0], [343.0, 174.703125, 0.0], [-1.0, 2.0, 0.0], [-3.0, -7.0, 0.0], [-4.0, -24.0, 0.0], [-1.0, -65.0, 0.0], [3.0, -31.0, 0.0], [8.0, -36.0, 0.0], [24.0, -50.0, 0.0], [18.0, -23.0, 0.0], [21.0, -20.0, 0.0], [17.0, -10.0, 0.0], [35.0, -12.0, 0.0], [37.0, -5.0, 0.0], [42.0, 3.0, 0.0], [27.0, 8.0, 0.0], [26.0, 17.0, 0.0], [14.0, 19.0, 0.0], [11.0, 29.0, 0.0], [7.0, 42.0, 0.0], [4.0, 78.0, 0.0], [17.0, 93.0, 0.0], [-1.0, 15.0, 0.0], [-35.0, 2.0, 0.0], [-91.0, -7.0, 0.0], [-177.0, 1.0, 0.0], [-7.0, -3.0, 0.0], [5.0, -31.0, 1.0], [40.0, 31.0, 0.0], [-3.0, -39.0, 0.0], [3.0, -72.0, 0.0], [9.0, -44.0, 0.0], [14.0, -37.0, 0.0], [19.0, -29.0, 0.0], [18.0, -16.0, 0.0], [31.0, -12.0, 0.0], [20.0, -1.0, 0.0], [23.0, 4.0, 0.0], [20.0, 10.0, 0.0], [12.0, 10.0, 0.0], [13.0, 19.0, 0.0], [31.0, 108.0, 0.0], [3.0, 20.0, 0.0], [1.0, 73.0, 0.0], [4.0, 15.0, 1.0], [-123.0, -39.0, 0.0], [5.0, -6.0, 0.0], [35.0, -20.0, 0.0], [39.0, -17.0, 0.0], [13.0, -1.0, 0.0], [7.0, 14.0, 0.0], [11.0, 9.0, 0.0], [-22.0, 2.0, 0.0], [-29.0, 8.0, 0.0], [-62.0, 25.0, 0.0], [1.0, -18.0, 0.0], [-4.0, -16.0, 0.0], [-10.0, -12.0, 0.0], [-30.0, -17.0, 0.0], [-45.0, -12.0, 0.0], [-6.0, 6.0, 0.0], [-4.0, 29.0, 0.0], [2.0, 13.0, 0.0], [19.0, 7.0, 0.0], [54.0, 11.0, 0.0], [43.0, 14.0, 0.0], [-3.0, -17.0, 0.0], [-39.0, -50.0, 0.0], [-13.0, -28.0, 0.0], [-1.0, -13.0, 0.0], [4.0, -20.0, 0.0], [15.0, -37.0, 0.0], [2.0, -13.0, 0.0], [0.0, -10.0, 0.0], [-8.0, -21.0, 1.0], [46.0, 188.0, 0.0], [-8.0, -26.0, 0.0], [1.0, -24.0, 0.0], [23.0, -48.0, 0.0], [3.0, -15.0, 0.0], [-10.0, -44.0, 1.0], [-24.0, 132.0, 0.0], [-2.0, -25.0, 0.0], [13.0, -51.0, 0.0], [-13.0, -42.0, 0.0], [-2.0, -16.0, 0.0], [6.0, -15.0, 0.0], [10.0, -13.0, 1.0], [153.0, -170.296875, 0.0], [-7.0, 44.0, 1.0], [14.0, -49.0, 0.0], [13.0, 6.0, 0.0], [1.0, 12.0, 0.0], [-9.0, 23.0, 0.0], [1.0, 9.0, 0.0], [-14.0, -2.0, 1.0], [14.0, -53.0, 0.0], [-7.0, -11.0, 0.0], [-2.0, -10.0, 0.0], [0.0, -11.0, 0.0], [10.0, -21.0, 0.0], [-3.0, -14.0, 0.0], [10.0, 32.0, 0.0], [0.0, 26.0, 0.0], [-7.0, 15.0, 1.0], [-125.0, 47.703125, 0.0], [0.0, -37.0, 0.0], [6.0, -13.0, 0.0], [6.0, -3.0, 0.0], [3.0, 5.0, 0.0], [-3.0, 31.0, 0.0], [3.0, 20.0, 0.0], [-17.0, -3.0, 1.0], [9.0, -62.0, 0.0], [-3.0, -28.0, 0.0], [1.0, -47.0, 0.0], [-8.0, -13.0, 0.0], [21.0, 28.0, 0.0], [6.0, 20.0, 0.0], [-21.0, 50.0, 1.0], [-508.0, -35.296875, 0.0], [-9.0, -2.0, 0.0], [-23.0, 9.0, 0.0], [-22.0, 18.0, 0.0], [-17.0, 26.0, 0.0], [-6.0, 17.0, 0.0], [-2.0, 20.0, 0.0], [7.0, 28.0, 0.0], [16.0, 19.0, 0.0], [17.0, 8.0, 0.0], [25.0, -1.0, 0.0], [26.0, -14.0, 0.0], [12.0, -13.0, 0.0], [12.0, -20.0, 0.0], [8.0, -21.0, 0.0], [2.0, -29.0, 0.0], [-5.0, -15.0, 0.0], [-10.0, -15.0, 0.0], [-19.0, -15.0, 0.0], [-24.0, -3.0, 0.0], [-20.0, 13.0, 1.0], [-4.0, 36.0, 0.0], [-2.0, 17.0, 1.0], [42.0, -20.0, 0.0], [2.0, 26.0, 1.0], [-48.0, 27.0, 0.0], [12.0, 11.0, 0.0], [11.0, 0.0, 0.0], [16.0, -7.0, 0.0], [16.0, -16.0, 1.0], [-30.0, 59.0, 0.0], [-11.0, 85.0, 1.0], [2.0, -50.0, 0.0], [17.0, 4.0, 0.0], [56.0, 0.0, 0.0], [23.0, 5.0, 1.0], [-108.0, -7.0, 0.0], [-21.0, 61.0, 0.0], [57.0, 1.0, 0.0], [74.0, 16.0, 0.0], [11.0, -3.0, 1.0], [8.0, -112.296875, 0.0], [-10.0, 38.0, 0.0], [-8.0, 61.0, 1.0], [20.0, -103.0, 0.0], [44.0, 16.0, 0.0], [-2.0, 14.0, 0.0], [-25.0, 91.0, 0.0], [-6.0, 4.0, 0.0], [-35.0, -16.0, 1.0], [25.0, -107.0, 0.0], [45.0, -18.0, 0.0], [4.0, 1.0, 1.0], [2.0, 2.0, 0.0], [-9.0, 30.0, 1.0], [-41.0, 15.0, 0.0], [22.0, 4.0, 0.0], [8.0, -5.0, 1.0], [-32.0, 39.0, 0.0], [22.0, 2.0, 0.0], [11.0, -6.0, 1.0]], "gt_class_names": ["couch", "fireplace", "candle", "candle", "yoga", "book"]}