{"img_id": "sceneid-91-userid-63", "img_w": 1100, "img_h": 770, "object_divisions": [0, 2, 13, 17, 18, 28, 35, 36], "scene_strokes": [[652.421875, 319.703125, 0.0], [3.0, 122.0, 0.0], [1.0, 14.0, 0.0], [2.0, 8.0, 0.0], [2.0, -1.0, 1.0], [4.0, -101.0, 0.0], [21.0, -5.0, 0.0], [16.0, -8.0, 0.0], [16.0, -16.0, 0.0], [3.0, -13.0, 0.0], [-6.0, -25.0, 0.0], [-11.0, -13.0, 0.0], [-16.0, -4.0, 0.0], [-8.0, 5.0, 0.0], [-3.0, 9.0, 0.0], [3.0, 0.0, 0.0], [5.0, -16.0, 0.0], [-4.0, -27.0, 0.0], [-10.0, -13.0, 0.0], [-18.0, -8.0, 0.0], [-13.0, 2.0, 0.0], [-9.0, 6.0, 0.0], [-5.0, 5.0, 0.0], [-5.0, 14.0, 0.0], [-9.0, -12.0, 0.0], [-20.0, -14.0, 0.0], [-12.0, -1.0, 0.0], [-9.0, 3.0, 0.0], [-10.0, 12.0, 0.0], [-3.0, 18.0, 0.0], [3.0, 27.0, 0.0], [11.0, 31.0, 0.0], [9.0, 10.0, 0.0], [5.0, -1.0, 0.0], [2.0, -5.0, 0.0], [-2.0, -3.0, 0.0], [-6.0, 3.0, 0.0], [-9.0, 17.0, 0.0], [-1.0, 19.0, 0.0], [7.0, 16.0, 0.0], [19.0, 7.0, 0.0], [22.0, -8.0, 0.0], [26.0, -15.0, 1.0], [-119.578125, 48.703125, 0.0], [-87.0, -8.0, 0.0], [-81.0, -1.0, 1.0], [170.0, 6.0, 0.0], [5.0, 63.0, 0.0], [-58.0, -16.0, 0.0], [-46.0, -6.0, 0.0], [-42.0, 2.0, 0.0], [-31.0, 9.0, 0.0], [3.0, -21.0, 0.0], [-1.0, -36.0, 1.0], [7.0, 4.0, 0.0], [76.0, 29.0, 0.0], [35.0, 6.0, 0.0], [44.0, -1.0, 1.0], [-159.0, 0.0, 0.0], [143.0, 16.0, 0.0], [13.0, 4.0, 1.0], [16.0, 11.0, 0.0], [-24.0, 32.0, 0.0], [-40.0, -13.0, 0.0], [-36.0, -2.0, 0.0], [-48.0, 4.0, 0.0], [-51.0, 12.0, 0.0], [13.0, -20.0, 0.0], [21.0, -16.0, 1.0], [-6.0, 6.0, 0.0], [37.0, 5.0, 0.0], [53.0, 2.0, 0.0], [66.0, 15.0, 1.0], [8.0, -7.0, 0.0], [1.0, 28.0, 0.0], [-3.0, 3.0, 1.0], [-18.0, -4.0, 0.0], [5.0, 31.0, 1.0], [-166.0, -56.0, 0.0], [-5.0, 39.0, 1.0], [14.0, -56.0, 0.0], [1.0, 10.0, 1.0], [12.0, 21.0, 0.0], [-3.0, -2.0, 0.0], [2.0, 14.0, 1.0], [-92.578125, -125.296875, 0.0], [4.0, -6.0, 0.0], [11.0, -2.0, 0.0], [6.0, 9.0, 0.0], [-5.0, 20.0, 0.0], [-16.0, 11.0, 0.0], [-13.0, -6.0, 0.0], [-6.0, -14.0, 0.0], [2.0, -8.0, 0.0], [5.0, -4.0, 0.0], [11.0, 0.0, 1.0], [4.0, 31.0, 0.0], [-1.0, 47.0, 1.0], [1.0, -26.0, 0.0], [17.0, 23.0, 0.0], [-25.0, -26.0, 0.0], [-4.0, 20.0, 1.0], [12.0, 12.0, 0.0], [12.0, 37.0, 0.0], [-12.0, -29.0, 0.0], [-9.0, 30.0, 1.0], [-16.578125, -63.296875, 0.0], [2.0, -5.0, 0.0], [3.0, -1.0, 0.0], [1.0, 3.0, 0.0], [-9.0, 0.0, 0.0], [6.0, 1.0, 0.0], [-3.0, 4.0, 0.0], [-4.0, -1.0, 0.0], [1.0, 7.0, 0.0], [-3.0, 3.0, 0.0], [2.0, 23.0, 0.0], [10.0, 0.0, 0.0], [-3.0, -16.0, 0.0], [3.0, -12.0, 0.0], [-4.0, -2.0, 1.0], [729.421875, -182.296875, 0.0], [1.0, -2.0, 0.0], [-39.0, -1.0, 0.0], [1.0, 142.0, 0.0], [5.0, 82.0, 1.0], [33.0, -224.0, 0.0], [-3.0, 26.0, 0.0], [9.0, 194.0, 1.0], [-17.0, -196.0, 0.0], [-17.0, 2.0, 1.0], [23.0, 10.0, 0.0], [-27.0, 8.0, 1.0], [8.0, 23.0, 0.0], [-11.0, 0.0, 1.0], [10.0, 26.0, 0.0], [-11.0, 4.0, 1.0], [16.0, 29.0, 0.0], [-5.0, 5.0, 1.0], [15.0, 32.0, 0.0], [-14.0, 6.0, 1.0], [-6.0, 26.0, 0.0], [-11.0, 7.0, 1.0], [3.0, -199.0, 0.0], [-52.0, 0.0, 0.0], [-24.0, 15.0, 0.0], [-8.0, 15.0, 0.0], [-10.0, 35.0, 0.0], [-12.0, 72.0, 0.0], [-17.0, 32.0, 0.0], [-31.0, 27.0, 0.0], [-46.0, 24.0, 0.0], [58.0, 7.0, 0.0], [31.0, -3.0, 0.0], [6.0, -3.0, 0.0], [7.0, -9.0, 0.0], [12.0, -30.0, 0.0], [9.0, -46.0, 0.0], [13.0, -41.0, 0.0], [18.0, -22.0, 0.0], [36.0, -34.0, 0.0], [18.0, -9.0, 0.0], [-1.0, -12.0, 1.0], [-784.578125, -203.296875, 0.0], [8.0, -5.0, 0.0], [15.0, 0.0, 0.0], [15.0, 11.0, 0.0], [5.0, 10.0, 0.0], [2.0, 17.0, 0.0], [-7.0, 19.0, 0.0], [-15.0, 12.0, 0.0], [-14.0, 1.0, 0.0], [-11.0, -4.0, 0.0], [-11.0, -11.0, 0.0], [-5.0, -19.0, 0.0], [8.0, -20.0, 0.0], [12.0, -6.0, 1.0], [55.0, -17.0, 0.0], [16.0, -13.0, 0.0], [12.0, -5.0, 1.0], [-23.0, 52.0, 0.0], [26.0, 22.0, 0.0], [8.0, 11.0, 0.0], [1.0, 10.0, 1.0], [-71.0, 19.0, 0.0], [8.0, 25.0, 0.0], [0.0, 12.0, 1.0], [-65.0, -34.0, 0.0], [-17.0, 16.0, 1.0], [10.0, -67.0, 0.0], [-7.0, -5.0, 0.0], [-24.0, 0.0, 0.0], [-6.0, -3.0, 1.0], [63.0, -68.0, 0.0], [-13.0, -17.0, 1.0], [280.421875, 20.703125, 0.0], [-33.0, 1.0, 0.0], [-16.0, 8.0, 0.0], [-7.0, 12.0, 0.0], [4.0, 21.0, 0.0], [-21.0, -1.0, 0.0], [-10.0, 16.0, 0.0], [0.0, 13.0, 0.0], [6.0, 17.0, 0.0], [8.0, 11.0, 0.0], [19.0, 9.0, 0.0], [7.0, 0.0, 0.0], [13.0, -7.0, 0.0], [15.0, -24.0, 0.0], [2.0, 1.0, 0.0], [6.0, 21.0, 0.0], [8.0, 15.0, 0.0], [12.0, 13.0, 0.0], [10.0, 5.0, 0.0], [24.0, -1.0, 0.0], [21.0, -17.0, 0.0], [4.0, -6.0, 0.0], [3.0, -17.0, 0.0], [-4.0, -18.0, 0.0], [5.0, 8.0, 0.0], [19.0, 16.0, 0.0], [23.0, 6.0, 0.0], [20.0, -10.0, 0.0], [8.0, -15.0, 0.0], [1.0, -16.0, 0.0], [-13.0, -26.0, 0.0], [-20.0, -13.0, 0.0], [-19.0, 2.0, 0.0], [-6.0, 5.0, 0.0], [0.0, 9.0, 0.0], [4.0, -2.0, 0.0], [2.0, -7.0, 0.0], [-3.0, -18.0, 0.0], [-9.0, -13.0, 0.0], [-21.0, -12.0, 0.0], [-16.0, -3.0, 0.0], [-23.0, 5.0, 0.0], [-10.0, 8.0, 0.0], [-5.0, 9.0, 0.0], [-1.0, -10.0, 0.0], [-6.0, -7.0, 0.0], [-7.0, 11.0, 1.0]], "gt_class_names": ["tree", "bench", "yoga", "wine bottle", "slide", "sun", "cloud"]}