{"img_id": "sceneid-150-userid-88", "img_w": 1100, "img_h": 770, "object_divisions": [0, 12, 21, 22, 27, 29], "scene_strokes": [[406.421875, 495.703125, 0.0], [157.0, 2.0, 0.0], [14.0, -5.0, 1.0], [-176.0, 1.0, 0.0], [0.0, -38.0, 0.0], [13.0, -1.0, 0.0], [25.0, 4.0, 0.0], [116.0, -12.0, 0.0], [32.0, 1.0, 0.0], [16.0, 4.0, 0.0], [-13.0, 48.0, 0.0], [-12.0, 2.0, 1.0], [-180.0, -94.0, 0.0], [4.0, 14.0, 0.0], [-3.0, 42.0, 1.0], [0.0, -58.0, 0.0], [23.0, -1.0, 0.0], [52.0, 7.0, 0.0], [143.0, -5.0, 0.0], [4.0, 5.0, 1.0], [-3.0, -2.0, 0.0], [-8.0, 45.0, 1.0], [-204.0, -93.0, 0.0], [3.0, 28.0, 0.0], [-4.0, 24.0, 1.0], [0.0, -54.0, 0.0], [174.0, 1.0, 0.0], [28.0, -4.0, 0.0], [-1.0, 9.0, 0.0], [6.0, 5.0, 0.0], [5.0, 12.0, 0.0], [-1.0, 37.0, 1.0], [-221.0, 78.0, 0.0], [-10.0, -14.0, 0.0], [-3.0, -15.0, 0.0], [-2.0, -35.0, 0.0], [4.0, -44.0, 0.0], [1.0, -94.0, 0.0], [-6.0, -22.0, 0.0], [-1.0, -23.0, 0.0], [5.0, -20.0, 0.0], [1.0, -35.0, 0.0], [4.0, -21.0, 0.0], [9.0, -16.0, 0.0], [11.0, -4.0, 0.0], [-6.0, 42.0, 0.0], [7.0, 65.0, 0.0], [0.0, 95.0, 0.0], [-3.0, 30.0, 0.0], [-13.0, 54.0, 0.0], [0.0, 26.0, 1.0], [216.0, 42.0, 0.0], [7.0, -5.0, 0.0], [23.0, -74.0, 0.0], [12.0, -84.0, 0.0], [-5.0, -95.0, 0.0], [-5.0, -29.0, 0.0], [-12.0, -48.0, 0.0], [-10.0, -23.0, 0.0], [-3.0, -4.0, 0.0], [-3.0, 2.0, 0.0], [-6.0, 29.0, 0.0], [8.0, 179.0, 0.0], [-6.0, 44.0, 1.0], [-200.0, -100.0, 0.0], [94.0, -8.0, 0.0], [47.0, 0.0, 0.0], [38.0, 7.0, 0.0], [32.0, 13.0, 0.0], [0.0, -3.0, 1.0], [-214.0, -72.0, 0.0], [121.0, -8.0, 0.0], [34.0, 4.0, 0.0], [40.0, 12.0, 1.0], [-192.0, -52.0, 0.0], [98.0, -12.0, 0.0], [92.0, -1.0, 0.0], [23.0, 4.0, 1.0], [-172.578125, 167.703125, 0.0], [0.0, 15.0, 0.0], [-13.0, 49.0, 0.0], [47.0, 0.0, 0.0], [39.0, 7.0, 0.0], [10.0, -3.0, 0.0], [2.0, -5.0, 0.0], [3.0, -33.0, 0.0], [-3.0, -42.0, 0.0], [-32.0, 4.0, 0.0], [-48.0, -6.0, 0.0], [-17.0, 1.0, 1.0], [96.0, 4.0, 0.0], [-13.0, -33.0, 0.0], [2.0, -11.0, 1.0], [-73.0, 40.0, 0.0], [9.0, -33.0, 1.0], [4.0, -3.0, 0.0], [18.0, -4.0, 0.0], [46.0, -2.0, 1.0], [-88.0, 119.0, 0.0], [-10.0, -41.0, 0.0], [0.0, -5.0, 0.0], [5.0, -2.0, 1.0], [106.0, 54.0, 0.0], [21.0, -28.0, 0.0], [3.0, -9.0, 0.0], [-1.0, -11.0, 1.0], [-123.0, -9.0, 0.0], [26.0, -3.0, 0.0], [104.0, 11.0, 1.0], [-8.0, -1.0, 0.0], [-16.0, -52.0, 0.0], [-9.0, -16.0, 0.0], [-6.0, -3.0, 0.0], [2.0, -4.0, 1.0], [-79.0, 0.0, 0.0], [-14.0, 51.0, 0.0], [-9.0, 18.0, 1.0], [34.421875, -106.296875, 0.0], [-6.0, 26.0, 0.0], [-6.0, 63.0, 0.0], [1.0, 14.0, 0.0], [7.0, -5.0, 0.0], [9.0, -19.0, 0.0], [5.0, -49.0, 0.0], [-8.0, -21.0, 0.0], [-5.0, -3.0, 0.0], [-6.0, 4.0, 1.0], [49.421875, -42.296875, 0.0], [11.0, -4.0, 0.0], [6.0, 10.0, 0.0], [0.0, 12.0, 0.0], [-6.0, 13.0, 0.0], [-1.0, 14.0, 1.0], [-9.0, -41.0, 0.0], [-5.0, 9.0, 0.0], [-3.0, 22.0, 0.0], [4.0, 34.0, 0.0], [-5.0, 3.0, 0.0], [-14.0, 35.0, 0.0], [2.0, 28.0, 0.0], [12.0, 13.0, 0.0], [13.0, -1.0, 0.0], [7.0, -8.0, 0.0], [0.0, -25.0, 0.0], [3.0, -5.0, 0.0], [-3.0, -8.0, 0.0], [3.0, -7.0, 0.0], [-6.0, -9.0, 0.0], [-1.0, -13.0, 0.0], [6.0, -40.0, 1.0], [-17.0, 75.0, 0.0], [0.0, 14.0, 0.0], [6.0, -3.0, 0.0], [2.0, -7.0, 0.0], [-5.0, -10.0, 0.0], [-11.0, -9.0, 1.0], [12.0, -69.0, 0.0], [-1.0, 29.0, 1.0], [10.0, -29.0, 0.0], [-8.0, 34.0, 1.0], [23.421875, 63.703125, 0.0], [6.0, -50.0, 0.0], [8.0, -7.0, 0.0], [6.0, 0.0, 0.0], [4.0, 4.0, 0.0], [-10.0, 44.0, 0.0], [-9.0, 7.0, 0.0], [-6.0, -2.0, 1.0], [1.0, 15.0, 0.0], [-1.0, 8.0, 0.0], [4.0, 4.0, 0.0], [5.0, -5.0, 0.0], [1.0, -7.0, 0.0], [-5.0, -11.0, 1.0]], "gt_class_names": ["stairs", "box", "rifle", "guitar", "umbrella"]}