{"img_id": "sceneid-132-userid-55", "img_w": 1100, "img_h": 770, "object_divisions": [0, 7, 19, 22, 26, 28], "scene_strokes": [[194.0, 415.703125, 0.0], [185.0, -12.0, 0.0], [167.0, -5.0, 0.0], [212.0, 3.0, 0.0], [120.0, 9.0, 0.0], [31.0, 5.0, 1.0], [-720.0, 108.0, 0.0], [225.0, -12.0, 0.0], [199.0, 0.0, 0.0], [76.0, 2.0, 0.0], [270.0, 19.0, 1.0], [-671.0, -72.0, 0.0], [42.0, -2.0, 1.0], [156.0, -3.0, 0.0], [37.0, -1.0, 1.0], [133.0, 2.0, 0.0], [37.0, 1.0, 1.0], [123.0, 3.0, 0.0], [40.0, 3.0, 1.0], [86.0, 4.0, 0.0], [14.0, 1.0, 1.0], [-441.0, -258.296875, 0.0], [148.0, -14.0, 0.0], [74.0, 0.0, 0.0], [8.0, 27.0, 0.0], [4.0, 115.0, 0.0], [-3.0, 6.0, 0.0], [-73.0, -4.0, 0.0], [-161.0, 8.0, 0.0], [-22.0, -5.0, 0.0], [5.0, -26.0, 0.0], [9.0, -113.0, 1.0], [-18.0, 150.0, 0.0], [-6.0, 19.0, 0.0], [-1.0, 19.0, 0.0], [6.0, 11.0, 0.0], [7.0, 5.0, 0.0], [12.0, 3.0, 0.0], [15.0, -7.0, 0.0], [15.0, -18.0, 0.0], [4.0, -12.0, 0.0], [-3.0, -15.0, 0.0], [-9.0, -9.0, 0.0], [-19.0, 0.0, 0.0], [-9.0, 2.0, 0.0], [-16.0, 11.0, 0.0], [-4.0, 10.0, 0.0], [6.0, 8.0, 1.0], [212.0, -14.0, 0.0], [-1.0, 17.0, 0.0], [3.0, 12.0, 0.0], [8.0, 11.0, 0.0], [16.0, 7.0, 0.0], [21.0, -1.0, 0.0], [13.0, -10.0, 0.0], [16.0, -22.0, 0.0], [0.0, -21.0, 0.0], [-5.0, -7.0, 0.0], [-17.0, -9.0, 0.0], [-16.0, 1.0, 0.0], [-22.0, 13.0, 0.0], [-11.0, 13.0, 1.0], [-178.0, -117.0, 0.0], [42.0, -5.0, 0.0], [-1.0, 80.0, 1.0], [-40.0, -70.0, 0.0], [-2.0, 24.0, 0.0], [-12.0, 46.0, 0.0], [1.0, 6.0, 1.0], [-182.0, -146.0, 0.0], [7.0, 23.0, 0.0], [14.0, 8.0, 0.0], [15.0, -2.0, 0.0], [10.0, -5.0, 0.0], [13.0, -21.0, 0.0], [0.0, -13.0, 0.0], [-14.0, -12.0, 1.0], [-26.0, 2.0, 0.0], [-19.0, 14.0, 0.0], [-5.0, 12.0, 0.0], [3.0, 9.0, 1.0], [25.0, 31.0, 0.0], [-4.0, 19.0, 0.0], [-41.0, 83.0, 0.0], [-15.0, 9.0, 0.0], [-42.0, 39.0, 0.0], [-17.0, 12.0, 0.0], [54.0, -61.0, 0.0], [15.0, -10.0, 0.0], [31.0, 54.0, 0.0], [21.0, 18.0, 1.0], [-26.0, -110.0, 0.0], [67.0, -17.0, 1.0], [-90.0, 6.0, 0.0], [-43.0, 6.0, 1.0], [107.0, -89.0, 0.0], [-1.0, 1.0, 1.0], [-16.0, 20.0, 0.0], [14.0, 3.0, 0.0], [13.0, -6.0, 1.0], [344.0, 352.703125, 0.0], [26.0, -42.0, 0.0], [11.0, -9.0, 0.0], [116.0, -7.0, 0.0], [63.0, 0.0, 0.0], [5.0, 5.0, 0.0], [-2.0, 10.0, 0.0], [-20.0, 63.0, 0.0], [-11.0, 3.0, 0.0], [-96.0, -14.0, 0.0], [-79.0, -2.0, 0.0], [-50.0, -6.0, 0.0], [-21.0, 34.0, 0.0], [-8.0, 7.0, 1.0], [261.0, -16.0, 0.0], [-14.0, -2.0, 0.0], [-12.0, 4.0, 0.0], [-18.0, 36.0, 0.0], [-6.0, 5.0, 1.0], [-190.0, -59.0, 0.0], [-6.0, 12.0, 0.0], [4.0, 7.0, 0.0], [214.0, 11.0, 0.0], [12.0, 0.0, 0.0], [3.0, -9.0, 1.0], [-528.0, -15.296875, 0.0], [0.0, -11.0, 0.0], [6.0, -15.0, 0.0], [31.0, -46.0, 0.0], [17.0, -3.0, 0.0], [130.0, -1.0, 0.0], [10.0, 5.0, 0.0], [1.0, 14.0, 0.0], [-20.0, 59.0, 0.0], [-100.0, -5.0, 0.0], [-64.0, 2.0, 0.0], [-27.0, -3.0, 1.0], [-2.0, 2.0, 0.0], [-47.0, 0.0, 0.0], [-21.0, 30.0, 0.0], [7.0, 2.0, 0.0], [164.0, 3.0, 0.0], [63.0, -2.0, 0.0], [3.0, -15.0, 0.0], [11.0, -13.0, 1.0], [-2.0, 12.0, 0.0], [-5.0, 20.0, 0.0], [-25.0, 44.0, 1.0], [-194.0, -44.0, 0.0], [-23.0, 53.0, 1.0], [134.0, -569.296875, 0.0], [41.0, 3.0, 0.0], [5.0, 4.0, 0.0], [-10.0, 77.0, 0.0], [-24.0, 6.0, 0.0], [-17.0, -1.0, 0.0], [8.0, -49.0, 0.0], [-3.0, -29.0, 0.0], [-4.0, 5.0, 1.0], [18.0, 77.0, 0.0], [2.0, 120.0, 0.0], [-9.0, 79.0, 0.0], [2.0, 14.0, 1.0]], "gt_class_names": ["street", "yoga", "bench", "bench", "stop sign"]}