{"img_id": "sceneid-55-userid-23", "img_w": 1100, "img_h": 770, "object_divisions": [0, 1, 2, 3, 8, 12, 16, 19, 22, 25, 34], "scene_strokes": [[-0.578125, 230.703125, 0.0], [13.0, 9.0, 0.0], [12.0, 2.0, 0.0], [51.0, -30.0, 0.0], [23.0, -8.0, 0.0], [37.0, -3.0, 0.0], [32.0, 8.0, 0.0], [59.0, 25.0, 0.0], [37.0, 1.0, 0.0], [13.0, -3.0, 0.0], [56.0, -31.0, 0.0], [38.0, -11.0, 0.0], [17.0, 0.0, 0.0], [26.0, 6.0, 0.0], [51.0, 24.0, 0.0], [23.0, 5.0, 0.0], [18.0, -5.0, 0.0], [54.0, -28.0, 0.0], [49.0, -9.0, 0.0], [32.0, 5.0, 0.0], [48.0, 20.0, 0.0], [22.0, 5.0, 0.0], [26.0, -3.0, 0.0], [53.0, -25.0, 0.0], [46.0, -3.0, 0.0], [28.0, 7.0, 0.0], [45.0, 27.0, 0.0], [16.0, 6.0, 0.0], [20.0, -3.0, 0.0], [36.0, -17.0, 0.0], [24.0, -3.0, 0.0], [17.0, 6.0, 0.0], [34.0, 24.0, 0.0], [13.0, 5.0, 0.0], [12.0, -1.0, 0.0], [15.0, -9.0, 1.0], [-1064.578125, -212.296875, 0.0], [11.0, 8.0, 0.0], [11.0, -2.0, 0.0], [19.0, 18.0, 0.0], [28.0, -9.0, 0.0], [30.0, 20.0, 0.0], [18.0, -9.0, 0.0], [21.0, -4.0, 0.0], [26.0, 20.0, 0.0], [10.0, 4.0, 0.0], [37.0, -8.0, 0.0], [38.0, 4.0, 0.0], [11.0, -2.0, 0.0], [36.0, -16.0, 0.0], [33.0, -2.0, 0.0], [19.0, -6.0, 0.0], [50.0, -42.0, 1.0], [234.421875, 18.703125, 0.0], [12.0, 6.0, 0.0], [16.0, 24.0, 0.0], [7.0, 2.0, 0.0], [41.0, -10.0, 0.0], [10.0, 4.0, 0.0], [20.0, 25.0, 0.0], [64.0, -1.0, 0.0], [39.0, 14.0, 0.0], [58.0, -16.0, 0.0], [14.0, -8.0, 0.0], [31.0, -31.0, 1.0], [106.421875, 97.703125, 0.0], [-28.0, -7.0, 0.0], [-15.0, -10.0, 0.0], [-18.0, -20.0, 0.0], [-15.0, -28.0, 0.0], [-8.0, -24.0, 0.0], [-4.0, -29.0, 1.0], [5.0, 42.0, 0.0], [-25.0, 27.0, 0.0], [-12.0, 20.0, 1.0], [42.0, 5.0, 0.0], [-12.0, 24.0, 1.0], [44.0, 2.0, 0.0], [5.0, 1.0, 0.0], [0.0, 5.0, 0.0], [-10.0, 17.0, 1.0], [47.0, 7.0, 0.0], [-7.0, 23.0, 1.0], [-353.578125, 299.703125, 0.0], [-8.0, -49.0, 0.0], [-9.0, -19.0, 1.0], [38.0, 55.0, 0.0], [-13.0, -52.0, 1.0], [34.0, 45.0, 0.0], [-7.0, -25.0, 0.0], [-9.0, -17.0, 1.0], [-73.0, 3.0, 0.0], [45.0, 2.0, 0.0], [56.0, -12.0, 0.0], [4.0, -6.0, 0.0], [0.0, -8.0, 0.0], [-6.0, -27.0, 0.0], [-10.0, -20.0, 0.0], [-58.0, 1.0, 0.0], [-32.0, 15.0, 0.0], [-6.0, 13.0, 0.0], [1.0, 20.0, 1.0], [234.421875, 192.703125, 0.0], [-16.0, -61.0, 1.0], [44.0, 48.0, 0.0], [-11.0, -35.0, 1.0], [-52.0, -9.0, 0.0], [39.0, 6.0, 0.0], [47.0, 0.0, 0.0], [8.0, -8.0, 0.0], [0.0, -15.0, 0.0], [-12.0, -25.0, 0.0], [-11.0, -11.0, 0.0], [-24.0, -10.0, 0.0], [-16.0, -2.0, 0.0], [-15.0, 6.0, 0.0], [-10.0, 9.0, 0.0], [-9.0, 15.0, 0.0], [-4.0, 14.0, 1.0], [92.0, 16.0, 0.0], [18.0, 39.0, 0.0], [3.0, 21.0, 1.0], [-832.578125, -78.296875, 0.0], [27.0, -37.0, 1.0], [-1.0, 32.0, 0.0], [9.0, -22.0, 1.0], [-26.0, -26.0, 0.0], [48.0, 40.0, 0.0], [13.0, 5.0, 0.0], [9.0, -41.0, 0.0], [-4.0, -18.0, 0.0], [-6.0, -9.0, 0.0], [-12.0, -7.0, 0.0], [-19.0, -2.0, 0.0], [-20.0, 16.0, 1.0], [210.421875, -31.296875, 0.0], [6.0, 3.0, 0.0], [18.0, 22.0, 0.0], [5.0, -24.0, 0.0], [-1.0, -16.0, 0.0], [-4.0, -10.0, 0.0], [-8.0, -8.0, 0.0], [-8.0, -1.0, 0.0], [-8.0, 7.0, 1.0], [7.0, 26.0, 0.0], [-3.0, -3.0, 0.0], [2.0, 13.0, 0.0], [-9.0, 26.0, 0.0], [-4.0, 8.0, 0.0], [-9.0, 6.0, 1.0], [35.0, -31.0, 0.0], [-7.0, 30.0, 0.0], [-11.0, 12.0, 1.0], [173.421875, -49.296875, 0.0], [25.0, -3.0, 0.0], [19.0, -7.0, 0.0], [-12.0, -32.0, 0.0], [-14.0, -19.0, 0.0], [-15.0, -6.0, 0.0], [-10.0, 7.0, 0.0], [-4.0, 13.0, 0.0], [0.0, 37.0, 1.0], [32.0, 12.0, 0.0], [10.0, 29.0, 0.0], [2.0, 26.0, 1.0], [9.0, -59.0, 0.0], [6.0, 11.0, 0.0], [5.0, 23.0, 1.0], [-213.578125, 105.703125, 0.0], [-51.0, -1.0, 0.0], [-9.0, 6.0, 0.0], [5.0, -44.0, 0.0], [-4.0, -12.0, 0.0], [-11.0, -7.0, 0.0], [-13.0, 3.0, 0.0], [-17.0, 11.0, 0.0], [-24.0, 27.0, 0.0], [-13.0, 39.0, 0.0], [-3.0, 38.0, 0.0], [11.0, 42.0, 0.0], [15.0, 25.0, 0.0], [13.0, 12.0, 0.0], [13.0, 0.0, 0.0], [6.0, -15.0, 0.0], [5.0, -19.0, 0.0], [-1.0, -42.0, 0.0], [38.0, 4.0, 0.0], [51.0, -10.0, 0.0], [-3.0, 26.0, 0.0], [1.0, 30.0, 0.0], [4.0, 18.0, 0.0], [4.0, 2.0, 0.0], [43.0, 3.0, 0.0], [108.0, 0.0, 0.0], [59.0, 5.0, 0.0], [7.0, -8.0, 0.0], [0.0, -15.0, 0.0], [-4.0, -110.0, 0.0], [-7.0, -46.0, 0.0], [-10.0, -6.0, 0.0], [-75.0, -17.0, 0.0], [-54.0, -5.0, 0.0], [-53.0, 2.0, 0.0], [-12.0, 4.0, 0.0], [-9.0, 16.0, 0.0], [-3.0, 12.0, 0.0], [-1.0, 44.0, 1.0], [216.0, 47.0, 0.0], [-47.0, -7.0, 0.0], [-53.0, -2.0, 0.0], [-5.0, -7.0, 0.0], [-8.0, -30.0, 0.0], [-3.0, -54.0, 1.0], [49.0, 12.0, 0.0], [4.0, 59.0, 1.0], [41.0, -58.0, 0.0], [4.0, 69.0, 1.0], [-62.0, -42.0, 0.0], [75.0, 9.0, 1.0], [-311.0, -31.0, 0.0], [-5.0, -6.0, 0.0], [-13.0, -3.0, 0.0], [-22.0, 9.0, 0.0], [-21.0, 3.0, 0.0], [-35.0, 18.0, 0.0], [-37.0, -13.0, 0.0], [-5.0, 1.0, 1.0], [126.0, 32.0, 0.0], [-11.0, -7.0, 0.0], [-13.0, -1.0, 0.0], [-80.0, 16.0, 0.0], [-20.0, -3.0, 1.0], [120.0, 54.0, 0.0], [-14.0, -10.0, 0.0], [-16.0, -5.0, 0.0], [-28.0, 13.0, 0.0], [-35.0, 0.0, 0.0], [-13.0, 12.0, 1.0], [98.0, 17.0, 0.0], [-27.0, -7.0, 0.0], [-10.0, 1.0, 0.0], [-20.0, 12.0, 0.0], [-15.0, 1.0, 0.0], [-19.0, -6.0, 0.0], [-24.0, 2.0, 1.0]], "gt_class_names": ["ocean", "cloud", "cloud", "sun", "jellyfish", "jellyfish", "jellyfish", "jellyfish", "jellyfish", "submarine"]}