{"img_id": "sceneid-143-userid-65", "img_w": 1100, "img_h": 770, "object_divisions": [0, 9, 14, 15, 16, 17, 18, 19, 20, 21, 22, 23, 26, 32, 38, 42], "scene_strokes": [[76.421875, 551.703125, 0.0], [13.0, -18.0, 0.0], [17.0, -37.0, 0.0], [7.0, -27.0, 0.0], [4.0, -33.0, 0.0], [-4.0, -104.0, 0.0], [-30.0, -141.0, 1.0], [122.0, -10.0, 0.0], [-9.0, 15.0, 0.0], [-18.0, 51.0, 0.0], [-7.0, 28.0, 0.0], [-7.0, 58.0, 0.0], [0.0, 51.0, 0.0], [6.0, 44.0, 0.0], [33.0, 122.0, 1.0], [-125.0, -363.0, 0.0], [11.0, 9.0, 0.0], [10.0, 16.0, 0.0], [25.0, 57.0, 1.0], [-10.0, -70.0, 0.0], [-12.0, -22.0, 0.0], [-54.0, -50.0, 0.0], [-8.0, -11.0, 0.0], [12.0, -1.0, 0.0], [11.0, 5.0, 0.0], [17.0, 16.0, 0.0], [25.0, 33.0, 1.0], [64.0, -20.0, 0.0], [13.0, -28.0, 0.0], [8.0, -10.0, 0.0], [16.0, -19.0, 0.0], [27.0, -19.0, 0.0], [-3.0, 9.0, 0.0], [-28.0, 37.0, 0.0], [-14.0, 26.0, 1.0], [-8.0, 37.0, 0.0], [6.0, -10.0, 0.0], [18.0, -17.0, 0.0], [17.0, -11.0, 0.0], [21.0, -10.0, 0.0], [20.0, -5.0, 0.0], [-42.0, 35.0, 0.0], [-19.0, 35.0, 1.0], [-72.0, -48.0, 0.0], [-16.0, -44.0, 0.0], [-6.0, -27.0, 0.0], [8.0, -2.0, 0.0], [9.0, 9.0, 0.0], [6.0, 22.0, 0.0], [1.0, 22.0, 1.0], [37.0, 152.0, 0.0], [11.0, -4.0, 0.0], [16.0, -33.0, 0.0], [12.0, 1.0, 0.0], [15.0, -10.0, 0.0], [14.0, -31.0, 0.0], [14.0, -2.0, 0.0], [8.0, -5.0, 0.0], [9.0, -15.0, 0.0], [8.0, -33.0, 0.0], [22.0, -13.0, 0.0], [6.0, -7.0, 0.0], [7.0, -18.0, 0.0], [-2.0, -37.0, 0.0], [10.0, -28.0, 0.0], [-4.0, -29.0, 0.0], [-12.0, -24.0, 0.0], [-3.0, -16.0, 0.0], [-7.0, -15.0, 0.0], [-18.0, -11.0, 0.0], [-13.0, 3.0, 1.0], [-172.0, 316.0, 0.0], [-23.0, -1.0, 0.0], [-6.0, -11.0, 0.0], [-28.0, -18.0, 0.0], [0.0, -31.0, 0.0], [-17.0, -16.0, 0.0], [-5.0, -19.0, 0.0], [-20.0, -17.0, 0.0], [-9.0, -14.0, 0.0], [3.0, -27.0, 1.0], [74.421875, 200.703125, 0.0], [-15.0, 33.0, 0.0], [-17.0, 51.0, 0.0], [-10.0, 58.0, 0.0], [-4.0, 77.0, 1.0], [28.0, -176.0, 0.0], [6.0, 9.0, 0.0], [8.0, 2.0, 0.0], [8.0, -23.0, 0.0], [10.0, 2.0, 0.0], [7.0, -28.0, 0.0], [7.0, -2.0, 0.0], [0.0, -58.0, 0.0], [-8.0, -10.0, 1.0], [-61.0, 89.0, 0.0], [9.0, -18.0, 0.0], [19.0, -20.0, 1.0], [-40.0, -7.0, 0.0], [0.0, -30.0, 0.0], [4.0, -26.0, 1.0], [3.0, 33.0, 0.0], [-6.0, -47.0, 1.0], [209.421875, 312.703125, 0.0], [-16.0, -21.0, 0.0], [-3.0, -25.0, 0.0], [3.0, -13.0, 0.0], [9.0, -9.0, 0.0], [5.0, 2.0, 0.0], [5.0, 12.0, 0.0], [-2.0, -23.0, 0.0], [6.0, -17.0, 0.0], [6.0, 0.0, 0.0], [6.0, 10.0, 0.0], [7.0, -14.0, 0.0], [17.0, -10.0, 0.0], [8.0, 7.0, 0.0], [3.0, 18.0, 0.0], [9.0, -19.0, 0.0], [8.0, -9.0, 0.0], [7.0, -2.0, 0.0], [8.0, 14.0, 0.0], [0.0, 25.0, 0.0], [19.0, -12.0, 0.0], [7.0, 1.0, 0.0], [2.0, 12.0, 0.0], [-10.0, 29.0, 0.0], [8.0, 0.0, 0.0], [3.0, 5.0, 0.0], [-6.0, 11.0, 0.0], [-17.0, 15.0, 0.0], [-1.0, 11.0, 0.0], [-8.0, 8.0, 0.0], [-24.0, 16.0, 0.0], [-14.0, 4.0, 0.0], [-14.0, -1.0, 1.0], [-220.578125, 1.703125, 0.0], [-10.0, -11.0, 0.0], [-9.0, -17.0, 0.0], [-3.0, -21.0, 0.0], [6.0, -18.0, 0.0], [10.0, -2.0, 0.0], [8.0, 15.0, 0.0], [2.0, -15.0, 0.0], [4.0, -7.0, 0.0], [6.0, 0.0, 0.0], [6.0, 12.0, 0.0], [12.0, -22.0, 0.0], [9.0, -6.0, 0.0], [8.0, 0.0, 0.0], [2.0, 12.0, 0.0], [6.0, 0.0, 0.0], [3.0, 5.0, 0.0], [-2.0, 18.0, 0.0], [11.0, 1.0, 0.0], [1.0, 5.0, 0.0], [-17.0, 26.0, 0.0], [4.0, 7.0, 0.0], [-2.0, 9.0, 0.0], [-36.0, 21.0, 1.0], [179.421875, -80.296875, 0.0], [3.0, 6.0, 0.0], [2.0, -3.0, 0.0], [-2.0, -8.0, 0.0], [-6.0, 3.0, 0.0], [3.0, 1.0, 1.0], [29.421875, -9.296875, 0.0], [2.0, 3.0, 0.0], [4.0, -2.0, 0.0], [-3.0, -5.0, 0.0], [-3.0, 1.0, 0.0], [0.0, 4.0, 1.0], [0.421875, 51.703125, 0.0], [3.0, -7.0, 0.0], [-4.0, -1.0, 0.0], [-2.0, 5.0, 0.0], [5.0, 2.0, 1.0], [33.421875, -33.296875, 0.0], [2.0, -7.0, 0.0], [-10.0, 6.0, 1.0], [-221.578125, 15.703125, 0.0], [3.0, -7.0, 0.0], [-3.0, -2.0, 0.0], [-1.0, 6.0, 1.0], [-25.578125, 27.703125, 0.0], [2.0, -4.0, 0.0], [-5.0, 4.0, 0.0], [1.0, 3.0, 1.0], [16.421875, 16.703125, 0.0], [2.0, 4.0, 0.0], [4.0, -4.0, 0.0], [0.0, -4.0, 0.0], [-4.0, 3.0, 1.0], [446.421875, -195.296875, 0.0], [-9.0, 14.0, 0.0], [-75.0, 173.0, 0.0], [-15.0, 26.0, 0.0], [-2.0, 2.0, 0.0], [-1.0, -4.0, 1.0], [95.0, -223.0, 0.0], [270.0, -7.0, 0.0], [110.0, -11.0, 0.0], [24.0, 1.0, 0.0], [2.0, 6.0, 0.0], [-5.0, 15.0, 0.0], [-26.0, 56.0, 0.0], [-21.0, 55.0, 0.0], [-36.0, 121.0, 1.0], [-417.0, -7.0, 0.0], [43.0, 3.0, 0.0], [177.0, -13.0, 0.0], [66.0, 1.0, 0.0], [71.0, 7.0, 0.0], [71.0, 4.0, 0.0], [3.0, 0.0, 0.0], [-1.0, -2.0, 1.0], [-283.578125, -181.296875, 0.0], [-8.0, -2.0, 0.0], [-13.0, 6.0, 0.0], [-15.0, 17.0, 0.0], [-3.0, 19.0, 0.0], [5.0, 9.0, 0.0], [7.0, 3.0, 0.0], [14.0, 0.0, 0.0], [18.0, -7.0, 0.0], [12.0, -17.0, 0.0], [0.0, -16.0, 0.0], [-7.0, -14.0, 0.0], [-8.0, -4.0, 0.0], [-8.0, 0.0, 0.0], [-7.0, 4.0, 1.0], [19.0, -2.0, 0.0], [8.0, -15.0, 0.0], [15.0, -5.0, 0.0], [5.0, 6.0, 0.0], [-2.0, 9.0, 0.0], [-6.0, 6.0, 0.0], [-12.0, 2.0, 1.0], [-2.0, 25.0, 0.0], [15.0, -2.0, 0.0], [5.0, 5.0, 0.0], [-5.0, 7.0, 0.0], [-16.0, 0.0, 1.0], [-25.0, -39.0, 0.0], [-3.0, -18.0, 0.0], [-5.0, -4.0, 0.0], [-2.0, 2.0, 0.0], [4.0, 18.0, 0.0], [5.0, 6.0, 1.0], [-9.0, 49.0, 0.0], [-1.0, 16.0, 0.0], [5.0, 5.0, 0.0], [5.0, -4.0, 0.0], [-5.0, -18.0, 1.0], [-21.0, -25.0, 0.0], [-10.0, -6.0, 0.0], [-7.0, 8.0, 0.0], [21.0, 8.0, 1.0], [101.421875, -30.296875, 0.0], [-3.0, -10.0, 0.0], [1.0, -17.0, 0.0], [3.0, -5.0, 0.0], [9.0, -4.0, 0.0], [7.0, 2.0, 0.0], [3.0, 7.0, 0.0], [0.0, 21.0, 0.0], [-4.0, 5.0, 1.0], [1.0, 2.0, 0.0], [-8.0, -4.0, 0.0], [-11.0, 0.0, 0.0], [-10.0, 11.0, 0.0], [-6.0, 33.0, 0.0], [3.0, 11.0, 0.0], [7.0, 9.0, 0.0], [5.0, 3.0, 0.0], [12.0, -1.0, 0.0], [8.0, -6.0, 0.0], [5.0, -11.0, 0.0], [-1.0, -24.0, 0.0], [-10.0, -26.0, 1.0], [3.0, 6.0, 0.0], [7.0, -6.0, 0.0], [9.0, -1.0, 0.0], [0.0, 6.0, 0.0], [-16.0, 15.0, 1.0], [-24.0, -14.0, 0.0], [-11.0, -4.0, 0.0], [-5.0, 2.0, 0.0], [0.0, 4.0, 0.0], [13.0, 9.0, 1.0], [-5.0, 43.0, 0.0], [-8.0, 7.0, 0.0], [-1.0, 14.0, 0.0], [6.0, -1.0, 0.0], [9.0, -15.0, 1.0], [22.0, 2.0, 0.0], [10.0, 7.0, 0.0], [5.0, 0.0, 0.0], [3.0, -4.0, 0.0], [-4.0, -9.0, 0.0], [-13.0, -5.0, 1.0], [155.421875, -78.296875, 0.0], [-1.0, -8.0, 0.0], [-5.0, -3.0, 0.0], [-8.0, 0.0, 0.0], [-10.0, 9.0, 0.0], [5.0, 40.0, 0.0], [-20.0, -9.0, 0.0], [-17.0, 0.0, 0.0], [-7.0, 4.0, 0.0], [-9.0, 12.0, 0.0], [-2.0, 8.0, 0.0], [6.0, 7.0, 0.0], [9.0, 4.0, 0.0], [32.0, 4.0, 0.0], [15.0, -5.0, 0.0], [6.0, -6.0, 0.0], [-6.0, -28.0, 0.0], [0.0, -17.0, 0.0], [4.0, -1.0, 0.0], [9.0, 8.0, 0.0], [-2.0, -14.0, 0.0], [-4.0, -4.0, 1.0], [-7.0, -4.0, 0.0], [2.0, 2.0, 1.0], [5.0, 6.0, 0.0], [-3.0, 6.0, 1.0], [-28.0, 31.0, 0.0], [-23.0, -1.0, 0.0], [16.0, 3.0, 0.0], [-14.0, 10.0, 0.0], [12.0, 6.0, 1.0]], "gt_class_names": ["tree", "tree", "bush", "bush", "blackberry", "blackberry", "blackberry", "blackberry", "blackberry", "blackberry", "blackberry", "pool", "sea turtle", "sea turtle", "duck"]}