{"img_id": "sceneid-95-userid-63", "img_w": 1100, "img_h": 770, "object_divisions": [0, 10, 13, 16, 19, 25, 31, 33, 34, 36, 42, 45, 51], "scene_strokes": [[859.421875, 247.703125, 0.0], [-45.0, -4.0, 0.0], [-324.0, -8.0, 0.0], [-244.0, -16.0, 0.0], [-46.0, 0.0, 0.0], [-31.0, 5.0, 0.0], [-13.0, 8.0, 0.0], [-4.0, 15.0, 0.0], [15.0, 86.0, 0.0], [9.0, 166.0, 0.0], [6.0, 4.0, 0.0], [50.0, -9.0, 0.0], [113.0, -3.0, 0.0], [145.0, 4.0, 0.0], [268.0, 30.0, 0.0], [90.0, 14.0, 0.0], [83.0, 21.0, 0.0], [15.0, 0.0, 0.0], [6.0, -7.0, 0.0], [1.0, -12.0, 0.0], [-31.0, -173.0, 0.0], [-37.0, -137.0, 0.0], [-5.0, -1.0, 0.0], [82.0, -9.0, 1.0], [-61.0, 40.0, 0.0], [37.0, 2.0, 0.0], [19.0, 6.0, 1.0], [-18.0, 80.0, 0.0], [24.0, 2.0, 0.0], [16.0, 11.0, 1.0], [-23.0, 78.0, 0.0], [25.0, 12.0, 1.0], [-22.0, 82.0, 0.0], [34.0, 17.0, 1.0], [-852.0, -317.0, 0.0], [-14.0, 6.0, 0.0], [-57.0, 13.0, 1.0], [77.0, 18.0, 0.0], [-50.0, 13.0, 1.0], [28.0, 80.0, 0.0], [-37.0, 12.0, 1.0], [65.0, 51.0, 0.0], [-39.0, 9.0, 0.0], [-11.0, 8.0, 1.0], [66.0, 64.0, 0.0], [-28.0, 10.0, 0.0], [-55.0, 3.0, 1.0], [919.421875, -353.296875, 0.0], [5.0, -44.0, 1.0], [0.0, -35.0, 0.0], [7.0, 4.0, 0.0], [5.0, 11.0, 0.0], [-1.0, 11.0, 0.0], [-5.0, 2.0, 0.0], [-7.0, -4.0, 0.0], [-6.0, -12.0, 0.0], [2.0, -3.0, 0.0], [8.0, 3.0, 1.0], [15.0, 14.0, 0.0], [13.0, 7.0, 0.0], [7.0, -1.0, 0.0], [3.0, -16.0, 0.0], [-4.0, -13.0, 0.0], [-4.0, -5.0, 0.0], [-11.0, 0.0, 0.0], [-6.0, 10.0, 0.0], [-5.0, -12.0, 0.0], [-8.0, -8.0, 0.0], [-10.0, -1.0, 0.0], [-7.0, 6.0, 0.0], [2.0, 15.0, 0.0], [-13.0, -7.0, 0.0], [-7.0, 0.0, 0.0], [-4.0, 12.0, 0.0], [4.0, 14.0, 0.0], [6.0, 9.0, 0.0], [4.0, 1.0, 0.0], [-4.0, 2.0, 0.0], [2.0, 10.0, 0.0], [6.0, 5.0, 0.0], [5.0, 0.0, 0.0], [8.0, -9.0, 0.0], [3.0, -16.0, 1.0], [-5.578125, 618.703125, 0.0], [-5.0, -77.0, 1.0], [10.0, -16.0, 0.0], [2.0, 14.0, 0.0], [-7.0, 6.0, 0.0], [-10.0, -13.0, 0.0], [1.0, -7.0, 0.0], [6.0, -4.0, 1.0], [24.0, 43.0, 0.0], [14.0, 0.0, 0.0], [6.0, -10.0, 0.0], [-1.0, -15.0, 0.0], [-6.0, -13.0, 0.0], [-8.0, -4.0, 0.0], [-6.0, 3.0, 0.0], [4.0, 13.0, 0.0], [4.0, -4.0, 0.0], [-2.0, -14.0, 0.0], [-5.0, -12.0, 0.0], [-8.0, -9.0, 0.0], [-6.0, -1.0, 0.0], [-5.0, 20.0, 0.0], [-11.0, -15.0, 0.0], [-11.0, -3.0, 0.0], [-6.0, 13.0, 0.0], [2.0, 19.0, 0.0], [-6.0, -13.0, 0.0], [-4.0, 2.0, 0.0], [-2.0, 7.0, 0.0], [3.0, 28.0, 0.0], [5.0, 13.0, 0.0], [3.0, 1.0, 0.0], [0.0, -11.0, 0.0], [12.0, 6.0, 0.0], [6.0, -2.0, 0.0], [9.0, -20.0, 1.0], [-892.578125, -29.296875, 0.0], [-1.0, 45.0, 0.0], [5.0, 32.0, 1.0], [-1.0, -83.0, 0.0], [4.0, -3.0, 0.0], [6.0, 7.0, 0.0], [-4.0, 11.0, 0.0], [-10.0, 3.0, 0.0], [-8.0, -2.0, 0.0], [-3.0, -7.0, 0.0], [9.0, -6.0, 1.0], [21.0, 16.0, 0.0], [10.0, 1.0, 0.0], [7.0, -5.0, 0.0], [1.0, -10.0, 0.0], [-6.0, -12.0, 0.0], [-11.0, -6.0, 0.0], [-8.0, 3.0, 0.0], [-2.0, 9.0, 0.0], [-14.0, -14.0, 0.0], [-11.0, -4.0, 0.0], [-10.0, 5.0, 0.0], [2.0, 12.0, 0.0], [-8.0, 1.0, 0.0], [-5.0, 5.0, 0.0], [0.0, 11.0, 0.0], [8.0, 17.0, 0.0], [11.0, 7.0, 0.0], [10.0, -12.0, 0.0], [16.0, 0.0, 0.0], [3.0, -7.0, 1.0], [135.421875, -558.296875, 0.0], [13.0, 11.0, 0.0], [4.0, 12.0, 0.0], [-2.0, 17.0, 0.0], [-7.0, 9.0, 0.0], [-8.0, 1.0, 0.0], [-16.0, -5.0, 0.0], [-11.0, -8.0, 0.0], [-4.0, -7.0, 0.0], [-1.0, -5.0, 0.0], [9.0, -12.0, 0.0], [19.0, -6.0, 0.0], [9.0, 3.0, 1.0], [-10.0, 42.0, 0.0], [7.0, 65.0, 0.0], [14.0, 70.0, 1.0], [-12.0, -98.0, 0.0], [105.0, 65.0, 1.0], [-108.0, -65.0, 0.0], [45.0, 54.0, 0.0], [8.0, 16.0, 1.0], [-40.0, 30.0, 0.0], [6.0, 32.0, 0.0], [8.0, 0.0, 0.0], [48.0, 24.0, 0.0], [43.0, 29.0, 1.0], [-103.0, -58.0, 0.0], [50.0, 78.0, 1.0], [483.421875, -118.296875, 0.0], [9.0, 2.0, 0.0], [9.0, 11.0, 0.0], [5.0, 15.0, 0.0], [1.0, 18.0, 0.0], [-5.0, 12.0, 0.0], [-11.0, 9.0, 0.0], [-13.0, 1.0, 0.0], [-10.0, -7.0, 0.0], [-4.0, -10.0, 0.0], [2.0, -31.0, 0.0], [8.0, -11.0, 0.0], [7.0, -2.0, 0.0], [9.0, 4.0, 1.0], [-3.0, 66.0, 0.0], [5.0, 129.0, 1.0], [1.0, -102.0, 0.0], [22.0, 11.0, 0.0], [11.0, 11.0, 0.0], [2.0, 6.0, 1.0], [-44.0, -26.0, 0.0], [-21.0, 43.0, 1.0], [27.0, 68.0, 0.0], [-11.0, 17.0, 0.0], [-37.0, 25.0, 1.0], [40.0, -46.0, 0.0], [-77.0, 9.0, 1.0], [-66.578125, -166.296875, 0.0], [-12.0, 22.0, 0.0], [-18.0, 21.0, 0.0], [-40.0, 27.0, 0.0], [-35.0, 13.0, 0.0], [-15.0, 0.0, 0.0], [-14.0, -4.0, 0.0], [-30.0, -24.0, 0.0], [-11.0, -28.0, 0.0], [4.0, -21.0, 0.0], [8.0, -13.0, 0.0], [12.0, -11.0, 0.0], [14.0, -7.0, 0.0], [24.0, -5.0, 0.0], [20.0, 0.0, 0.0], [57.0, 10.0, 0.0], [35.0, 12.0, 0.0], [9.0, 8.0, 0.0], [4.0, 9.0, 0.0], [-1.0, 8.0, 0.0], [-9.0, 21.0, 0.0], [-5.0, 34.0, 0.0], [-7.0, 16.0, 0.0], [-9.0, 15.0, 0.0], [-17.0, 17.0, 0.0], [-24.0, 10.0, 0.0], [-49.0, 0.0, 0.0], [-14.0, -4.0, 0.0], [-18.0, -12.0, 0.0], [-16.0, -25.0, 0.0], [-7.0, -21.0, 0.0], [-3.0, -27.0, 1.0], [160.0, -20.0, 0.0], [1.0, -25.0, 0.0], [-3.0, -21.0, 0.0], [-18.0, -38.0, 0.0], [-23.0, -22.0, 0.0], [-16.0, -8.0, 0.0], [-22.0, -5.0, 0.0], [-22.0, 8.0, 0.0], [-11.0, 8.0, 0.0], [-17.0, 26.0, 0.0], [-15.0, 34.0, 0.0], [-6.0, 48.0, 0.0], [-7.0, 25.0, 1.0], [82.421875, -37.296875, 0.0], [-2.0, 19.0, 0.0], [-7.0, 17.0, 0.0], [-17.0, 16.0, 0.0], [-24.0, 0.0, 0.0], [-12.0, -12.0, 0.0], [-4.0, -10.0, 0.0], [18.0, 10.0, 0.0], [16.0, 0.0, 0.0], [8.0, -5.0, 0.0], [9.0, -10.0, 0.0], [6.0, -19.0, 0.0], [-4.0, -26.0, 0.0], [11.0, 17.0, 0.0], [0.0, 7.0, 1.0], [35.421875, 10.703125, 0.0], [-7.0, -10.0, 0.0], [-5.0, 1.0, 0.0], [-5.0, 9.0, 0.0], [2.0, 16.0, 0.0], [7.0, 8.0, 0.0], [4.0, -2.0, 0.0], [1.0, -6.0, 0.0], [6.0, 6.0, 0.0], [5.0, -1.0, 0.0], [6.0, -12.0, 0.0], [-3.0, -17.0, 0.0], [-12.0, 0.0, 0.0], [-3.0, 8.0, 0.0], [-2.0, -6.0, 0.0], [2.0, -13.0, 0.0], [5.0, -4.0, 0.0], [5.0, 2.0, 1.0], [-8.0, 2.0, 0.0], [1.0, -8.0, 0.0], [-8.0, 0.0, 0.0], [7.0, 12.0, 1.0], [-157.578125, -195.296875, 0.0], [6.0, -5.0, 0.0], [6.0, 9.0, 0.0], [-1.0, 13.0, 0.0], [-5.0, 10.0, 0.0], [-15.0, 9.0, 0.0], [-9.0, -3.0, 0.0], [-7.0, -10.0, 0.0], [0.0, -9.0, 0.0], [4.0, -6.0, 0.0], [15.0, -2.0, 1.0], [5.0, 44.0, 0.0], [4.0, 82.0, 1.0], [-1.0, -68.0, 0.0], [17.0, 7.0, 0.0], [11.0, 9.0, 1.0], [-36.0, -6.0, 0.0], [-27.0, 23.0, 0.0], [-3.0, 10.0, 1.0], [47.0, 34.0, 0.0], [18.0, 26.0, 1.0], [-30.0, -23.0, 0.0], [-21.0, 46.0, 0.0], [-3.0, 16.0, 1.0], [659.421875, -115.296875, 0.0], [-31.0, -21.0, 0.0], [-53.0, -24.0, 0.0], [-152.0, -45.0, 0.0], [-93.0, -20.0, 0.0], [-65.0, -7.0, 0.0], [-75.0, 4.0, 0.0], [-34.0, 7.0, 0.0], [-21.0, 8.0, 0.0], [-22.0, 11.0, 0.0], [-21.0, 16.0, 1.0], [-12.0, -17.0, 0.0], [-81.0, -37.0, 0.0], [-30.0, -8.0, 0.0], [-19.0, -3.0, 0.0], [-97.0, 3.0, 1.0], [-41.0, -13.0, 0.0], [-36.0, 1.0, 0.0], [-37.0, 12.0, 0.0], [-49.0, 51.0, 0.0], [-27.0, 22.0, 0.0], [-42.0, 24.0, 0.0], [-80.0, 29.0, 1.0], [646.421875, -121.296875, 0.0], [-12.0, -21.0, 0.0], [-17.0, -15.0, 0.0], [-19.0, -10.0, 0.0], [-23.0, -5.0, 0.0], [-18.0, 1.0, 0.0], [-28.0, 14.0, 0.0], [-14.0, 14.0, 0.0], [-7.0, 17.0, 1.0], [126.0, -33.0, 0.0], [30.0, -17.0, 0.0], [11.0, -3.0, 1.0], [-89.0, -9.0, 0.0], [3.0, -25.0, 1.0], [-70.0, 25.0, 0.0], [-39.0, -15.0, 1.0], [-18.0, 40.0, 0.0], [-39.0, -1.0, 1.0], [42.0, 42.0, 0.0], [-10.0, 10.0, 1.0]], "gt_class_names": ["blanket", "flower", "flower", "flower", "yoga", "yoga", "basket", "banana", "apple", "yoga", "mountain", "sun"]}