{"img_id": "sceneid-125-userid-68", "img_w": 1100, "img_h": 770, "object_divisions": [0, 5, 6, 12, 15, 21, 22, 29], "scene_strokes": [[162.421875, 411.703125, 0.0], [37.0, -78.0, 0.0], [92.0, -153.0, 0.0], [32.0, 52.0, 0.0], [15.0, 44.0, 0.0], [57.0, 121.0, 0.0], [13.0, 17.0, 0.0], [6.0, -6.0, 1.0], [-188.0, 0.0, 0.0], [18.0, -50.0, 0.0], [27.0, -42.0, 0.0], [17.0, -12.0, 0.0], [40.0, 47.0, 0.0], [12.0, 39.0, 0.0], [2.0, 28.0, 0.0], [2.0, 3.0, 0.0], [2.0, -2.0, 1.0], [-123.0, -5.0, 0.0], [27.0, 0.0, 0.0], [59.0, 11.0, 0.0], [22.0, 1.0, 0.0], [25.0, -7.0, 0.0], [4.0, 2.0, 1.0], [-8.0, 0.0, 0.0], [58.0, -5.0, 1.0], [-194.0, 3.0, 0.0], [-44.0, -1.0, 0.0], [-18.0, 6.0, 0.0], [1.0, -4.0, 1.0], [320.421875, 1.703125, 0.0], [7.0, -26.0, 0.0], [19.0, -34.0, 0.0], [15.0, -14.0, 0.0], [10.0, -5.0, 0.0], [15.0, 0.0, 0.0], [19.0, 10.0, 0.0], [19.0, 24.0, 0.0], [12.0, 26.0, 0.0], [3.0, 17.0, 0.0], [-60.0, 2.0, 0.0], [-35.0, 5.0, 0.0], [-38.0, -4.0, 0.0], [3.0, -2.0, 1.0], [27.421875, -56.296875, 0.0], [-2.0, 0.0, 1.0], [-1.0, 2.0, 0.0], [-3.0, 3.0, 0.0], [5.0, -3.0, 0.0], [-8.0, -3.0, 0.0], [-5.0, 6.0, 0.0], [8.0, -6.0, 0.0], [6.0, 1.0, 1.0], [-10.0, 8.0, 0.0], [-8.0, 7.0, 0.0], [-4.0, 13.0, 1.0], [7.0, -11.0, 0.0], [7.0, -2.0, 0.0], [6.0, 5.0, 1.0], [-14.0, 5.0, 0.0], [5.0, 7.0, 1.0], [-11.0, 1.0, 0.0], [3.0, 7.0, 0.0], [7.0, 5.0, 1.0], [164.421875, -233.296875, 0.0], [-16.0, 32.0, 0.0], [-6.0, 19.0, 0.0], [4.0, -1.0, 0.0], [4.0, -25.0, 0.0], [9.0, -13.0, 0.0], [2.0, -16.0, 1.0], [0.0, 16.0, 0.0], [-18.0, -22.0, 0.0], [-8.0, 1.0, 0.0], [-7.0, 7.0, 0.0], [1.0, 13.0, 0.0], [7.0, 3.0, 0.0], [-5.0, 31.0, 0.0], [13.0, 5.0, 0.0], [10.0, -7.0, 1.0], [2.0, -30.0, 0.0], [3.0, 5.0, 0.0], [8.0, 0.0, 0.0], [12.0, -8.0, 0.0], [11.0, -2.0, 0.0], [4.0, 3.0, 0.0], [-1.0, 13.0, 0.0], [7.0, 7.0, 0.0], [-11.0, 15.0, 0.0], [-13.0, 7.0, 0.0], [-25.0, -1.0, 0.0], [-5.0, -4.0, 1.0], [317.421875, 40.703125, 0.0], [0.0, -2.0, 1.0], [5.0, -4.0, 0.0], [-15.0, 21.0, 0.0], [-5.0, 13.0, 0.0], [3.0, 26.0, 0.0], [-3.0, 14.0, 0.0], [-37.0, 77.0, 0.0], [-8.0, 40.0, 0.0], [-23.0, 34.0, 0.0], [-40.0, 32.0, 0.0], [-29.0, 46.0, 0.0], [-6.0, 16.0, 0.0], [-3.0, 0.0, 1.0], [293.0, -289.0, 0.0], [-37.0, 30.0, 0.0], [-11.0, 16.0, 0.0], [-4.0, 13.0, 0.0], [3.0, 33.0, 0.0], [-26.0, 95.0, 0.0], [-47.0, 74.0, 0.0], [-9.0, 24.0, 0.0], [0.0, 10.0, 0.0], [-21.0, 28.0, 0.0], [-2.0, 14.0, 0.0], [-9.0, 11.0, 0.0], [-2.0, 8.0, 0.0], [0.0, -5.0, 1.0], [54.0, -371.0, 0.0], [-17.0, 20.0, 0.0], [-10.0, 19.0, 0.0], [-1.0, 5.0, 0.0], [8.0, 17.0, 0.0], [1.0, 16.0, 0.0], [-9.0, 24.0, 0.0], [-8.0, 36.0, 0.0], [-24.0, 53.0, 0.0], [-9.0, 33.0, 0.0], [-23.0, 42.0, 0.0], [-29.0, 36.0, 0.0], [4.0, 0.0, 0.0], [2.0, -4.0, 1.0], [151.0, -269.0, 0.0], [-4.0, -4.0, 0.0], [-3.0, 1.0, 0.0], [-6.0, 13.0, 0.0], [-20.0, 87.0, 0.0], [-23.0, 51.0, 0.0], [-14.0, 77.0, 0.0], [-16.0, 29.0, 0.0], [-28.0, 35.0, 1.0], [131.0, -247.0, 0.0], [-3.0, 0.0, 0.0], [-6.0, 10.0, 0.0], [-33.0, 62.0, 0.0], [-3.0, 42.0, 0.0], [-10.0, 26.0, 0.0], [-32.0, 52.0, 0.0], [-15.0, 36.0, 0.0], [-19.0, 19.0, 0.0], [-8.0, 6.0, 0.0], [-1.0, -4.0, 1.0], [-862.578125, -135.296875, 0.0], [13.0, -2.0, 0.0], [44.0, 16.0, 0.0], [63.0, 8.0, 0.0], [57.0, -15.0, 0.0], [45.0, -24.0, 0.0], [40.0, -13.0, 0.0], [18.0, 2.0, 0.0], [23.0, 9.0, 0.0], [77.0, 4.0, 0.0], [20.0, 6.0, 0.0], [60.0, -2.0, 0.0], [72.0, -8.0, 0.0], [58.0, 0.0, 0.0], [47.0, 1.0, 0.0], [63.0, 9.0, 0.0], [46.0, 0.0, 0.0], [45.0, 5.0, 0.0], [3.0, 3.0, 0.0], [-5.0, 0.0, 1.0], [-140.578125, -15.296875, 0.0], [-2.0, 1.0, 1.0], [1.0, -3.0, 0.0], [35.0, -30.0, 0.0], [50.0, 20.0, 0.0], [7.0, 6.0, 1.0], [-71.0, -14.0, 0.0], [23.0, 21.0, 1.0], [9.0, -13.0, 0.0], [5.0, -10.0, 0.0], [-22.0, 18.0, 0.0], [-15.0, 7.0, 0.0], [-1.0, -2.0, 1.0], [6.0, -13.0, 0.0], [29.0, 8.0, 1.0], [1.0, -13.0, 0.0], [6.0, 24.0, 1.0], [-50.0, -18.0, 0.0], [-3.0, -12.0, 0.0], [10.0, -27.0, 0.0], [-1.0, -24.0, 0.0], [7.0, -9.0, 0.0], [3.0, -12.0, 0.0], [17.0, -6.0, 0.0], [-2.0, 18.0, 0.0], [9.0, 11.0, 0.0], [7.0, -9.0, 0.0], [4.0, -14.0, 0.0], [11.0, -3.0, 0.0], [13.0, 7.0, 0.0], [-3.0, 8.0, 0.0], [3.0, 18.0, 0.0], [-6.0, 8.0, 0.0], [9.0, 7.0, 0.0], [-1.0, 9.0, 0.0], [-8.0, 12.0, 0.0], [8.0, 21.0, 0.0], [-9.0, 16.0, 1.0]], "gt_class_names": ["tent", "stone", "ant", "butterfly", "river", "floor", "campfire"]}