{"img_id": "sceneid-8-userid-60", "img_w": 1100, "img_h": 770, "object_divisions": [0, 5, 6, 7, 8, 9, 12], "scene_strokes": [[258.0, 537.703125, 0.0], [-1.0, -11.0, 0.0], [8.0, -15.0, 0.0], [15.0, -7.0, 0.0], [26.0, 0.0, 0.0], [18.0, -17.0, 0.0], [7.0, -14.0, 0.0], [4.0, -33.0, 0.0], [6.0, -13.0, 0.0], [13.0, -4.0, 0.0], [22.0, 11.0, 0.0], [18.0, 0.0, 0.0], [8.0, -4.0, 0.0], [9.0, -11.0, 0.0], [18.0, -41.0, 0.0], [10.0, -13.0, 0.0], [11.0, -4.0, 0.0], [28.0, 4.0, 0.0], [5.0, -4.0, 1.0], [-231.0, 188.0, 0.0], [14.0, 0.0, 0.0], [8.0, -6.0, 0.0], [5.0, -9.0, 0.0], [0.0, -15.0, 0.0], [4.0, -2.0, 0.0], [36.0, 2.0, 0.0], [14.0, -10.0, 0.0], [6.0, -13.0, 0.0], [5.0, -32.0, 0.0], [14.0, -23.0, 0.0], [12.0, -2.0, 0.0], [15.0, 12.0, 0.0], [12.0, 0.0, 0.0], [23.0, -20.0, 0.0], [16.0, -31.0, 0.0], [8.0, -9.0, 0.0], [9.0, -5.0, 0.0], [20.0, -2.0, 0.0], [33.0, -18.0, 1.0], [-30.0, -1.0, 0.0], [14.0, -13.0, 0.0], [30.0, -3.0, 0.0], [6.0, 5.0, 0.0], [-1.0, 6.0, 0.0], [-20.0, 10.0, 1.0], [-13.0, -12.0, 0.0], [-3.0, 0.0, 0.0], [0.0, 3.0, 0.0], [4.0, 1.0, 0.0], [0.0, -5.0, 1.0], [31.0, 0.0, 0.0], [10.0, -5.0, 0.0], [12.0, 0.0, 0.0], [8.0, -7.0, 1.0], [-371.0, 169.703125, 0.0], [-16.0, -45.0, 0.0], [-2.0, -27.0, 0.0], [3.0, -6.0, 0.0], [4.0, -1.0, 0.0], [16.0, 3.0, 0.0], [0.0, -26.0, 0.0], [14.0, -42.0, 0.0], [14.0, -13.0, 0.0], [12.0, -1.0, 0.0], [11.0, 3.0, 0.0], [18.0, -56.0, 0.0], [13.0, -16.0, 0.0], [5.0, -2.0, 0.0], [30.0, 8.0, 0.0], [8.0, -6.0, 0.0], [28.0, -41.0, 0.0], [6.0, -4.0, 0.0], [8.0, 0.0, 0.0], [31.0, 22.0, 0.0], [16.0, -3.0, 0.0], [18.0, -9.0, 0.0], [11.0, 1.0, 0.0], [4.0, 17.0, 0.0], [-7.0, 34.0, 0.0], [30.0, -13.0, 0.0], [5.0, 2.0, 0.0], [0.0, 7.0, 0.0], [-22.0, 28.0, 0.0], [-17.0, 12.0, 0.0], [-14.0, 4.0, 0.0], [-31.0, 34.0, 0.0], [-29.0, 17.0, 0.0], [-23.0, 5.0, 0.0], [-51.0, 47.0, 0.0], [-36.0, 23.0, 0.0], [-41.0, 36.0, 0.0], [-8.0, 4.0, 0.0], [-23.0, -1.0, 0.0], [-10.0, 9.0, 0.0], [-5.0, 10.0, 0.0], [1.0, 9.0, 1.0], [194.0, 78.703125, 0.0], [-12.0, 5.0, 0.0], [-2.0, -8.0, 0.0], [7.0, -38.0, 0.0], [9.0, -22.0, 0.0], [14.0, 1.0, 0.0], [9.0, -5.0, 0.0], [30.0, -45.0, 0.0], [12.0, -13.0, 0.0], [3.0, -1.0, 0.0], [9.0, 10.0, 0.0], [7.0, -25.0, 0.0], [9.0, -17.0, 0.0], [10.0, -8.0, 0.0], [19.0, -7.0, 0.0], [20.0, -34.0, 0.0], [9.0, -6.0, 0.0], [14.0, 0.0, 0.0], [11.0, -5.0, 0.0], [30.0, -27.0, 0.0], [18.0, -10.0, 0.0], [7.0, 2.0, 0.0], [22.0, 32.0, 0.0], [7.0, 3.0, 0.0], [20.0, 0.0, 0.0], [17.0, 8.0, 0.0], [1.0, 14.0, 0.0], [-10.0, 29.0, 0.0], [-23.0, 42.0, 0.0], [7.0, 3.0, 0.0], [-1.0, 10.0, 0.0], [-14.0, 25.0, 0.0], [-39.0, 45.0, 0.0], [-13.0, 11.0, 0.0], [-31.0, 15.0, 0.0], [-40.0, 31.0, 0.0], [-21.0, 11.0, 0.0], [-10.0, 2.0, 0.0], [-22.0, -13.0, 0.0], [-45.0, 12.0, 0.0], [-29.0, -16.0, 0.0], [-43.0, -7.0, 1.0], [-257.0, 44.703125, 0.0], [-7.0, -16.0, 0.0], [-2.0, -15.0, 0.0], [4.0, -19.0, 0.0], [5.0, -4.0, 0.0], [7.0, 3.0, 0.0], [30.0, -68.0, 0.0], [11.0, -10.0, 0.0], [24.0, -3.0, 0.0], [34.0, -38.0, 0.0], [8.0, 5.0, 0.0], [7.0, 37.0, 0.0], [3.0, 9.0, 0.0], [8.0, 8.0, 0.0], [37.0, 2.0, 0.0], [9.0, 3.0, 0.0], [12.0, 10.0, 0.0], [5.0, 9.0, 0.0], [14.0, 46.0, 0.0], [5.0, 5.0, 0.0], [27.0, -4.0, 0.0], [16.0, 2.0, 0.0], [6.0, 9.0, 0.0], [2.0, 11.0, 0.0], [-8.0, 33.0, 0.0], [-13.0, 22.0, 0.0], [-15.0, 8.0, 0.0], [-17.0, -9.0, 0.0], [-46.0, 24.0, 0.0], [-9.0, 1.0, 0.0], [-7.0, -2.0, 0.0], [-27.0, -22.0, 0.0], [-15.0, 2.0, 0.0], [-31.0, 13.0, 0.0], [-11.0, 1.0, 0.0], [-11.0, -5.0, 0.0], [-10.0, -16.0, 0.0], [-12.0, -11.0, 0.0], [-14.0, 2.0, 0.0], [-24.0, 10.0, 0.0], [-7.0, -3.0, 0.0], [-2.0, -17.0, 0.0], [5.0, -21.0, 0.0], [11.0, -23.0, 1.0], [776.0, -311.296875, 0.0], [-56.0, -9.0, 0.0], [-80.0, -21.0, 0.0], [-37.0, -14.0, 0.0], [-47.0, -28.0, 0.0], [-18.0, -15.0, 0.0], [-19.0, -22.0, 0.0], [-16.0, -32.0, 0.0], [-4.0, -25.0, 0.0], [1.0, -16.0, 0.0], [6.0, -16.0, 0.0], [11.0, -16.0, 0.0], [29.0, -25.0, 0.0], [14.0, -8.0, 0.0], [61.0, -26.0, 0.0], [74.0, -19.0, 0.0], [105.0, -11.0, 0.0], [56.0, 0.0, 0.0], [63.0, 14.0, 0.0], [37.0, 16.0, 0.0], [32.0, 28.0, 0.0], [16.0, 29.0, 0.0], [11.0, 54.0, 0.0], [-7.0, 44.0, 0.0], [-27.0, 38.0, 0.0], [-42.0, 31.0, 0.0], [-22.0, 11.0, 0.0], [-47.0, 15.0, 0.0], [-40.0, 8.0, 0.0], [-69.0, -2.0, 1.0], [-111.0, -150.296875, 0.0], [1.0, -17.0, 0.0], [7.0, 1.0, 0.0], [13.0, 11.0, 0.0], [29.0, -4.0, 0.0], [7.0, -12.0, 0.0], [0.0, -37.0, 0.0], [20.0, -4.0, 0.0], [12.0, 11.0, 0.0], [-16.0, 8.0, 0.0], [1.0, 11.0, 0.0], [14.0, 11.0, 0.0], [-4.0, 18.0, 0.0], [-4.0, 5.0, 0.0], [-34.0, 14.0, 0.0], [-44.0, 6.0, 0.0], [-12.0, -7.0, 0.0], [-2.0, -20.0, 1.0], [69.0, 1.0, 0.0], [1.0, 1.0, 1.0], [2.0, -4.0, 0.0], [-32.0, 10.0, 0.0], [-11.0, 8.0, 0.0], [4.0, 4.0, 0.0], [9.0, 0.0, 0.0], [22.0, -6.0, 0.0], [6.0, -9.0, 0.0], [-7.0, -3.0, 1.0]], "gt_class_names": ["snake", "bush", "bush", "bush", "pond", "swan"]}