{"img_id": "sceneid-168-userid-97", "img_w": 1100, "img_h": 770, "object_divisions": [0, 9, 11, 18, 31, 36, 37, 38], "scene_strokes": [[280.0, 273.703125, 0.0], [-8.0, 215.0, 1.0], [13.0, -215.0, 0.0], [26.0, 3.0, 0.0], [-17.0, 244.0, 1.0], [-20.0, -24.0, 0.0], [2.0, 27.0, 0.0], [20.0, 4.0, 1.0], [-21.0, 3.0, 0.0], [14.0, 29.0, 1.0], [4.0, -25.0, 0.0], [-5.0, 22.0, 1.0], [-3.0, -3.0, 0.0], [0.0, -6.0, 0.0], [4.0, 11.0, 0.0], [2.0, -10.0, 0.0], [-1.0, 10.0, 1.0], [-7.0, -287.0, 0.0], [0.0, -14.0, 0.0], [32.0, -1.0, 0.0], [3.0, 5.0, 0.0], [-5.0, 18.0, 1.0], [-23.0, -3.0, 0.0], [4.0, 38.0, 0.0], [-13.0, 63.0, 0.0], [5.0, 158.0, 1.0], [14.0, -259.0, 0.0], [3.0, 66.0, 0.0], [-10.0, 77.0, 0.0], [2.0, 63.0, 0.0], [-5.0, 54.0, 1.0], [-145.0, -184.296875, 0.0], [13.0, 85.0, 0.0], [71.0, -28.0, 0.0], [-9.0, -3.0, 1.0], [-74.0, -72.0, 0.0], [43.0, -23.0, 0.0], [17.0, 46.0, 0.0], [15.0, 53.0, 1.0], [216.0, -203.296875, 0.0], [3.0, 51.0, 0.0], [-11.0, 428.0, 1.0], [6.0, -478.0, 0.0], [214.0, -8.0, 0.0], [110.0, 4.0, 0.0], [2.0, 124.0, 0.0], [26.0, 307.0, 0.0], [-1.0, 81.0, 1.0], [-362.0, -36.0, 0.0], [-1.0, 56.0, 0.0], [5.0, 3.0, 0.0], [78.0, -3.0, 0.0], [139.0, 14.0, 0.0], [95.0, 5.0, 0.0], [56.0, 1.0, 0.0], [2.0, -5.0, 1.0], [-310.0, -486.0, 0.0], [-6.0, -12.0, 0.0], [3.0, 17.0, 0.0], [9.0, -12.0, 0.0], [9.0, -6.0, 0.0], [11.0, 10.0, 0.0], [11.0, 3.0, 0.0], [13.0, -16.0, 0.0], [6.0, 11.0, 0.0], [10.0, 6.0, 1.0], [-68.0, 64.0, 0.0], [9.0, 11.0, 0.0], [23.0, -12.0, 0.0], [37.0, 15.0, 0.0], [10.0, 0.0, 0.0], [49.0, -17.0, 0.0], [20.0, 1.0, 0.0], [52.0, -9.0, 0.0], [18.0, 7.0, 0.0], [16.0, 1.0, 0.0], [24.0, -7.0, 1.0], [-256.0, 101.0, 0.0], [36.0, -14.0, 0.0], [14.0, -2.0, 0.0], [27.0, 12.0, 0.0], [21.0, 3.0, 0.0], [38.0, -6.0, 0.0], [49.0, 2.0, 0.0], [48.0, -7.0, 0.0], [19.0, 5.0, 1.0], [-255.0, 78.0, 0.0], [1.0, 8.0, 0.0], [3.0, 2.0, 0.0], [21.0, -6.0, 0.0], [42.0, 0.0, 0.0], [53.0, -7.0, 0.0], [34.0, 9.0, 0.0], [15.0, 1.0, 0.0], [15.0, -4.0, 1.0], [311.0, -226.296875, 0.0], [11.0, -25.0, 0.0], [7.0, -40.0, 0.0], [3.0, -31.0, 0.0], [-3.0, -46.0, 1.0], [56.0, 124.0, 0.0], [-16.0, -51.0, 0.0], [-5.0, -28.0, 0.0], [-1.0, -31.0, 0.0], [3.0, -9.0, 1.0], [-60.0, -92.0, 0.0], [-24.0, 2.0, 0.0], [-43.0, 22.0, 0.0], [-20.0, 20.0, 0.0], [-12.0, 20.0, 0.0], [-1.0, 7.0, 1.0], [100.0, -73.0, 0.0], [25.0, -4.0, 0.0], [21.0, 1.0, 0.0], [23.0, 8.0, 0.0], [13.0, 9.0, 0.0], [18.0, 21.0, 0.0], [7.0, 14.0, 0.0], [11.0, 29.0, 0.0], [3.0, 13.0, 0.0], [-3.0, 0.0, 1.0], [-209.0, -24.0, 0.0], [11.0, 8.0, 0.0], [20.0, 8.0, 0.0], [58.0, 11.0, 0.0], [79.0, 2.0, 0.0], [32.0, -6.0, 0.0], [7.0, -4.0, 1.0], [-207.0, -9.0, 0.0], [-9.0, 13.0, 0.0], [-34.0, 33.0, 1.0], [66.0, -20.0, 0.0], [-29.0, 42.0, 0.0], [-8.0, 21.0, 1.0], [80.0, -45.0, 0.0], [-14.0, 60.0, 0.0], [0.0, 18.0, 1.0], [45.0, -65.0, 0.0], [-23.0, 99.0, 0.0], [-5.0, 38.0, 1.0], [57.0, -170.0, 0.0], [-9.0, 19.0, 0.0], [10.0, -22.0, 0.0], [-9.0, 19.0, 0.0], [16.0, -20.0, 0.0], [0.0, 3.0, 0.0], [-12.0, 26.0, 0.0], [15.0, -16.0, 0.0], [-16.0, 30.0, 0.0], [22.0, -29.0, 0.0], [-25.0, 46.0, 0.0], [29.0, -40.0, 0.0], [-23.0, 38.0, 0.0], [8.0, -12.0, 0.0], [11.0, -34.0, 0.0], [-10.0, 18.0, 0.0], [10.0, -25.0, 0.0], [-12.0, 13.0, 0.0], [12.0, -14.0, 0.0], [-16.0, 19.0, 0.0], [17.0, -11.0, 0.0], [-20.0, 41.0, 0.0], [17.0, -15.0, 0.0], [-24.0, 38.0, 0.0], [25.0, -26.0, 0.0], [-26.0, 36.0, 0.0], [27.0, -28.0, 0.0], [-37.0, 42.0, 0.0], [38.0, -33.0, 0.0], [-40.0, 44.0, 0.0], [42.0, -35.0, 0.0], [-37.0, 39.0, 0.0], [38.0, -24.0, 0.0], [-36.0, 34.0, 0.0], [37.0, -29.0, 0.0], [-33.0, 35.0, 0.0], [39.0, -27.0, 0.0], [-33.0, 30.0, 0.0], [32.0, -26.0, 0.0], [-25.0, 25.0, 0.0], [28.0, -17.0, 0.0], [-15.0, 12.0, 0.0], [6.0, -14.0, 0.0], [3.0, 2.0, 0.0], [-2.0, -14.0, 0.0], [-1.0, 4.0, 0.0], [4.0, 2.0, 0.0], [-3.0, -29.0, 0.0], [7.0, 26.0, 0.0], [-1.0, -34.0, 0.0], [5.0, 27.0, 0.0], [-7.0, -50.0, 0.0], [5.0, 34.0, 0.0], [-9.0, -44.0, 0.0], [-2.0, -5.0, 0.0], [0.0, 10.0, 0.0], [4.0, 24.0, 0.0], [-8.0, -29.0, 0.0], [8.0, 24.0, 0.0], [-9.0, -51.0, 0.0], [2.0, 46.0, 0.0], [2.0, 5.0, 0.0], [-1.0, -47.0, 0.0], [5.0, 70.0, 0.0], [1.0, -17.0, 0.0], [0.0, 48.0, 0.0], [0.0, -29.0, 0.0], [1.0, 23.0, 0.0], [5.0, -7.0, 0.0], [2.0, 15.0, 0.0], [-1.0, -2.0, 0.0], [-35.0, 29.0, 0.0], [12.0, -30.0, 0.0], [-30.0, 27.0, 0.0], [25.0, -28.0, 0.0], [-12.0, 7.0, 0.0], [-13.0, 13.0, 0.0], [37.0, -19.0, 0.0], [-16.0, 23.0, 0.0], [32.0, -19.0, 0.0], [-14.0, 12.0, 0.0], [25.0, -10.0, 0.0], [-10.0, 9.0, 1.0], [-204.0, -164.0, 0.0], [-73.0, 16.0, 0.0], [-86.0, 27.0, 0.0], [-155.0, 57.0, 1.0], [398.0, -45.0, 0.0], [-111.0, 279.0, 1.0], [115.0, -172.0, 0.0], [2.0, 10.0, 0.0], [-22.0, 132.0, 0.0], [-25.0, 124.0, 1.0], [-819.0, 48.703125, 0.0], [12.0, 33.0, 0.0], [46.0, -29.0, 0.0], [36.0, -25.0, 0.0], [-2.0, -1.0, 1.0], [-88.0, 16.0, 0.0], [93.0, -53.0, 0.0], [22.0, 35.0, 0.0], [-79.0, 99.0, 0.0], [0.0, -4.0, 1.0], [51.0, -89.0, 0.0], [-47.0, 90.0, 1.0], [-26.0, -39.0, 0.0], [2.0, 3.0, 0.0], [8.0, -2.0, 0.0], [10.0, -11.0, 1.0], [1.0, 44.0, 0.0], [4.0, -7.0, 0.0], [7.0, -2.0, 1.0], [170.0, -11.296875, 0.0], [-21.0, 39.0, 0.0], [-7.0, 21.0, 0.0], [5.0, 3.0, 0.0], [34.0, -11.0, 0.0], [6.0, -53.0, 0.0], [-7.0, -2.0, 0.0], [-9.0, 5.0, 0.0], [-12.0, 47.0, 0.0], [9.0, -1.0, 0.0], [6.0, -16.0, 0.0], [-1.0, -10.0, 0.0], [-6.0, 8.0, 1.0], [64.0, -55.296875, 0.0], [-9.0, 2.0, 0.0], [0.0, 17.0, 0.0], [-6.0, 31.0, 0.0], [6.0, 2.0, 0.0], [22.0, -5.0, 0.0], [2.0, -34.0, 0.0], [-6.0, -7.0, 0.0], [-9.0, 3.0, 0.0], [-4.0, 30.0, 0.0], [5.0, 2.0, 0.0], [4.0, -3.0, 0.0], [1.0, -12.0, 1.0]], "gt_class_names": ["pencil", "eraser", "paper", "floor lamp", "staple", "paper clip", "paper clip"]}