{"img_id": "sceneid-170-userid-77", "img_w": 1100, "img_h": 770, "object_divisions": [0, 11, 17, 20, 22], "scene_strokes": [[620.0, 379.703125, 0.0], [2.0, 107.0, 0.0], [-4.0, 72.0, 0.0], [-2.0, 16.0, 0.0], [-2.0, -3.0, 1.0], [-2.0, -199.0, 0.0], [49.0, -47.0, 0.0], [226.0, 7.0, 0.0], [-9.0, 6.0, 0.0], [-26.0, 32.0, 0.0], [-9.0, 6.0, 1.0], [-211.0, -14.0, 0.0], [-1.0, 2.0, 0.0], [8.0, 5.0, 0.0], [19.0, 3.0, 0.0], [125.0, 5.0, 0.0], [58.0, 6.0, 1.0], [38.0, -52.0, 0.0], [-2.0, 37.0, 0.0], [4.0, 73.0, 0.0], [5.0, 48.0, 0.0], [8.0, 31.0, 1.0], [-60.0, -135.0, 0.0], [-5.0, 52.0, 0.0], [0.0, 76.0, 0.0], [3.0, 41.0, 0.0], [7.0, 31.0, 0.0], [6.0, 0.0, 0.0], [54.0, -53.0, 0.0], [5.0, -10.0, 1.0], [-271.0, 48.0, 0.0], [138.0, -6.0, 0.0], [58.0, 1.0, 0.0], [26.0, -2.0, 0.0], [6.0, -3.0, 1.0], [-235.0, -114.0, 0.0], [212.0, -1.0, 1.0], [-222.0, 71.0, 0.0], [74.0, -3.0, 0.0], [130.0, 3.0, 0.0], [19.0, -4.0, 1.0], [-91.0, -34.0, 0.0], [12.0, 0.0, 0.0], [-5.0, 6.0, 0.0], [-5.0, -2.0, 0.0], [5.0, -3.0, 0.0], [0.0, 3.0, 0.0], [-9.0, 1.0, 0.0], [4.0, -4.0, 0.0], [2.0, 2.0, 1.0], [-2.0, 58.0, 0.0], [8.0, 1.0, 0.0], [0.0, 5.0, 0.0], [-4.0, 2.0, 0.0], [-5.0, 1.0, 0.0], [-4.0, -5.0, 0.0], [9.0, -3.0, 0.0], [5.0, 4.0, 0.0], [-2.0, 3.0, 0.0], [-4.0, 0.0, 0.0], [-2.0, -5.0, 1.0], [-8.0, -125.0, 0.0], [9.0, -3.0, 0.0], [7.0, 2.0, 0.0], [0.0, 4.0, 0.0], [-3.0, 1.0, 0.0], [-8.0, -2.0, 0.0], [3.0, -3.0, 0.0], [8.0, 0.0, 0.0], [2.0, 3.0, 0.0], [-6.0, 4.0, 0.0], [-6.0, -1.0, 0.0], [0.0, -4.0, 0.0], [10.0, -3.0, 0.0], [0.0, 3.0, 0.0], [-5.0, 4.0, 0.0], [0.0, -3.0, 1.0], [-76.0, -79.296875, 0.0], [-8.0, 16.0, 1.0], [3.0, -20.0, 0.0], [86.0, 0.0, 0.0], [-7.0, 25.0, 0.0], [-88.0, -1.0, 1.0], [22.0, -19.0, 0.0], [-5.0, 18.0, 1.0], [21.0, -18.0, 0.0], [-12.0, 26.0, 1.0], [24.0, -27.0, 0.0], [-7.0, 22.0, 1.0], [28.0, -13.0, 0.0], [-2.0, 3.0, 0.0], [3.0, -2.0, 0.0], [-3.0, -1.0, 0.0], [4.0, 1.0, 0.0], [-3.0, 2.0, 0.0], [1.0, -3.0, 1.0], [37.0, -6.296875, 0.0], [-10.0, 30.0, 0.0], [23.0, 3.0, 0.0], [11.0, -33.0, 0.0], [-5.0, -3.0, 0.0], [-22.0, -1.0, 1.0], [8.0, 9.0, 0.0], [-5.0, 19.0, 0.0], [11.0, 5.0, 0.0], [9.0, -24.0, 0.0], [-18.0, 0.0, 1.0], [10.0, -4.0, 0.0], [2.0, -1.0, 0.0], [-1.0, 2.0, 1.0], [34.0, 1.703125, 0.0], [-3.0, -2.0, 0.0], [-3.0, 3.0, 0.0], [0.0, 7.0, 0.0], [5.0, 3.0, 0.0], [0.0, 7.0, 0.0], [-4.0, 1.0, 0.0], [2.0, 3.0, 0.0], [-3.0, 1.0, 0.0], [0.0, 10.0, 0.0], [3.0, 0.0, 0.0], [11.0, -25.0, 0.0], [1.0, -9.0, 0.0], [-8.0, -4.0, 0.0], [-6.0, 4.0, 0.0], [1.0, 2.0, 1.0], [4.0, 2.0, 0.0], [-1.0, -6.0, 0.0], [3.0, 0.0, 0.0], [-3.0, 2.0, 0.0], [0.0, -3.0, 0.0], [4.0, 1.0, 0.0], [-3.0, 2.0, 0.0], [0.0, -3.0, 0.0], [4.0, 3.0, 0.0], [-5.0, 1.0, 0.0], [0.0, -3.0, 0.0], [4.0, 1.0, 0.0], [-2.0, 1.0, 0.0], [0.0, -4.0, 0.0], [20.0, 4.0, 0.0], [7.0, -4.0, 0.0], [18.0, 19.0, 0.0], [-20.0, -7.0, 0.0], [-9.0, 4.0, 0.0], [-10.0, -10.0, 1.0]], "gt_class_names": ["dresser", "purse", "cell phone", "key"]}