{"img_id": "sceneid-37-userid-13", "img_w": 1100, "img_h": 770, "object_divisions": [0, 6, 8, 11], "scene_strokes": [[399.421875, 204.703125, 0.0], [-11.0, 6.0, 0.0], [-4.0, 15.0, 0.0], [5.0, 21.0, 0.0], [11.0, 13.0, 0.0], [11.0, 4.0, 0.0], [17.0, -2.0, 0.0], [20.0, -13.0, 0.0], [5.0, -7.0, 0.0], [4.0, -20.0, 0.0], [-9.0, -20.0, 0.0], [-7.0, -6.0, 0.0], [-10.0, -4.0, 0.0], [-16.0, 0.0, 0.0], [-11.0, 5.0, 0.0], [-15.0, 17.0, 1.0], [31.0, 57.0, 0.0], [-4.0, -4.0, 0.0], [0.0, 9.0, 0.0], [5.0, 73.0, 0.0], [-6.0, 35.0, 1.0], [-7.0, 0.0, 0.0], [-22.0, 38.0, 0.0], [-17.0, 19.0, 1.0], [47.0, -58.0, 0.0], [35.0, 27.0, 0.0], [28.0, 16.0, 1.0], [-72.0, -101.0, 0.0], [-33.0, -7.0, 0.0], [-22.0, -1.0, 1.0], [74.0, 12.0, 0.0], [91.0, -34.0, 1.0], [0.421875, -1.296875, 0.0], [-13.0, 4.0, 0.0], [-3.0, 4.0, 0.0], [0.0, 9.0, 0.0], [8.0, 10.0, 0.0], [11.0, -2.0, 0.0], [6.0, -6.0, 0.0], [3.0, -14.0, 0.0], [-4.0, -8.0, 0.0], [-9.0, -5.0, 1.0], [10.0, 20.0, 0.0], [22.0, 7.0, 0.0], [-4.0, 1.0, 0.0], [-3.0, 8.0, 0.0], [1.0, 9.0, 0.0], [6.0, 7.0, 0.0], [9.0, 0.0, 0.0], [10.0, -11.0, 0.0], [2.0, -9.0, 0.0], [-2.0, -8.0, 0.0], [-6.0, -6.0, 0.0], [-12.0, 1.0, 0.0], [-4.0, 6.0, 1.0], [-193.578125, 8.703125, 0.0], [-20.0, -17.0, 1.0], [15.0, 24.0, 0.0], [-2.0, 5.0, 0.0], [-21.0, -11.0, 1.0], [7.0, -19.0, 0.0], [11.0, -15.0, 0.0], [-14.0, -21.0, 0.0], [-5.0, -3.0, 0.0], [-24.0, 27.0, 0.0], [-26.0, 50.0, 0.0], [10.0, 19.0, 0.0], [43.0, -37.0, 1.0]], "gt_class_names": ["yoga", "handcuffs", "rifle"]}