{"img_id": "sceneid-25-userid-8", "img_w": 1100, "img_h": 770, "object_divisions": [0, 2, 9, 11, 13, 15, 17, 21, 23], "scene_strokes": [[240.421875, 414.703125, 0.0], [0.0, 150.0, 0.0], [-4.0, 22.0, 0.0], [33.0, -9.0, 0.0], [-5.0, -43.0, 0.0], [0.0, -88.0, 0.0], [-3.0, -26.0, 0.0], [107.0, -1.0, 0.0], [132.0, -15.0, 0.0], [8.0, 46.0, 0.0], [0.0, 92.0, 0.0], [35.0, -3.0, 0.0], [-6.0, -30.0, 0.0], [-1.0, -67.0, 1.0], [-308.0, -40.0, 0.0], [14.0, 7.0, 0.0], [-9.0, 1.0, 0.0], [-11.0, -10.0, 0.0], [-1.0, -5.0, 0.0], [15.0, -11.0, 0.0], [13.0, -5.0, 0.0], [74.0, -18.0, 0.0], [40.0, -6.0, 0.0], [66.0, -1.0, 0.0], [121.0, 4.0, 0.0], [42.0, 10.0, 0.0], [9.0, 13.0, 0.0], [2.0, 15.0, 0.0], [-7.0, 5.0, 0.0], [-31.0, 4.0, 0.0], [-32.0, -2.0, 0.0], [2.0, 53.0, 1.0], [-241.578125, -180.296875, 0.0], [2.0, 31.0, 0.0], [-8.0, 67.0, 0.0], [8.0, 21.0, 0.0], [21.0, 0.0, 0.0], [28.0, -5.0, 0.0], [88.0, -2.0, 0.0], [45.0, -8.0, 0.0], [-4.0, -20.0, 0.0], [-5.0, -101.0, 0.0], [4.0, -2.0, 0.0], [-7.0, 3.0, 1.0], [-4.0, -1.0, 0.0], [0.0, -1.0, 1.0], [1.0, 2.0, 0.0], [38.0, 36.0, 0.0], [-38.0, 3.0, 0.0], [-67.0, 14.0, 0.0], [-37.0, 0.0, 0.0], [-45.0, -9.0, 0.0], [-6.0, -4.0, 0.0], [-9.0, -17.0, 0.0], [-8.0, -8.0, 1.0], [-3.0, -4.0, 0.0], [0.0, -3.0, 0.0], [3.0, 1.0, 1.0], [5.0, 6.0, 0.0], [-6.0, 0.0, 0.0], [1.0, -5.0, 0.0], [12.0, -6.0, 0.0], [99.0, -15.0, 0.0], [47.0, 1.0, 0.0], [19.0, 4.0, 0.0], [8.0, 8.0, 1.0], [-12.0, -8.0, 0.0], [27.0, 17.0, 0.0], [10.0, 3.0, 0.0], [-15.0, 3.0, 1.0], [-188.0, 4.0, 0.0], [-2.0, 1.0, 0.0], [6.0, 6.0, 0.0], [9.0, 4.0, 0.0], [134.0, -9.0, 0.0], [14.0, -4.0, 0.0], [12.0, -9.0, 0.0], [-2.0, -12.0, 0.0], [-8.0, -3.0, 1.0], [-149.578125, 18.703125, 0.0], [-6.0, -28.0, 0.0], [3.0, -25.0, 0.0], [3.0, -1.0, 0.0], [14.0, 42.0, 0.0], [0.0, 7.0, 0.0], [-12.0, 6.0, 1.0], [-2.0, -62.0, 0.0], [-5.0, 5.0, 0.0], [-2.0, -22.0, 1.0], [28.421875, 87.703125, 0.0], [9.0, -18.0, 0.0], [23.0, -29.0, 0.0], [11.0, -7.0, 0.0], [2.0, 4.0, 0.0], [-16.0, 32.0, 0.0], [-22.0, 18.0, 0.0], [-11.0, 3.0, 1.0], [41.0, -56.0, 0.0], [21.0, -23.0, 1.0], [5.421875, 35.703125, 0.0], [-1.0, 35.0, 0.0], [4.0, 6.0, 0.0], [9.0, -14.0, 0.0], [1.0, -22.0, 0.0], [-2.0, -9.0, 0.0], [-8.0, -7.0, 0.0], [-6.0, 3.0, 0.0], [2.0, 8.0, 1.0], [2.0, -15.0, 0.0], [2.0, -11.0, 0.0], [9.0, -18.0, 1.0], [25.421875, 46.703125, 0.0], [-7.0, 31.0, 0.0], [5.0, 6.0, 0.0], [9.0, -2.0, 0.0], [9.0, -8.0, 0.0], [4.0, -14.0, 0.0], [-2.0, -20.0, 0.0], [-11.0, -5.0, 0.0], [-9.0, 7.0, 1.0], [10.0, -10.0, 0.0], [11.0, -23.0, 0.0], [-1.0, 6.0, 1.0], [90.421875, 114.703125, 0.0], [-2.0, -27.0, 0.0], [4.0, -11.0, 0.0], [5.0, 5.0, 0.0], [4.0, 26.0, 0.0], [12.0, -33.0, 0.0], [19.0, -22.0, 0.0], [-13.0, 33.0, 0.0], [14.0, -21.0, 0.0], [13.0, -10.0, 0.0], [4.0, 0.0, 0.0], [3.0, 8.0, 0.0], [-19.0, 26.0, 0.0], [14.0, -15.0, 0.0], [21.0, -6.0, 0.0], [2.0, 5.0, 0.0], [-3.0, 6.0, 0.0], [-22.0, 19.0, 0.0], [27.0, -10.0, 0.0], [13.0, 7.0, 0.0], [0.0, 8.0, 0.0], [-6.0, 3.0, 0.0], [-49.0, 4.0, 0.0], [-34.0, 18.0, 0.0], [-11.0, -1.0, 0.0], [-1.0, -5.0, 0.0], [4.0, -7.0, 1.0], [-5.0, -1.0, 0.0], [8.0, 2.0, 0.0], [4.0, 8.0, 0.0], [-5.0, 6.0, 0.0], [-8.0, 1.0, 0.0], [-3.0, -2.0, 0.0], [3.0, -6.0, 0.0], [14.0, -1.0, 1.0], [7.0, 33.0, 0.0], [-2.0, -11.0, 0.0], [4.0, -7.0, 0.0], [9.0, 1.0, 0.0], [0.0, 16.0, 0.0], [-7.0, 3.0, 0.0], [2.0, -7.0, 1.0], [3.0, -18.0, 0.0], [10.0, -6.0, 0.0], [16.0, -3.0, 0.0], [8.0, 3.0, 0.0], [-15.0, 9.0, 0.0], [23.0, -10.0, 0.0], [25.0, 3.0, 0.0], [7.0, 5.0, 0.0], [-3.0, 4.0, 0.0], [-30.0, 5.0, 0.0], [27.0, -2.0, 0.0], [10.0, 3.0, 0.0], [1.0, 3.0, 0.0], [-3.0, 2.0, 0.0], [-23.0, -1.0, 0.0], [19.0, 5.0, 0.0], [4.0, 10.0, 0.0], [-5.0, 5.0, 0.0], [-7.0, 0.0, 0.0], [-10.0, -7.0, 0.0], [4.0, 0.0, 0.0], [8.0, 7.0, 0.0], [0.0, 8.0, 0.0], [-58.0, -15.0, 0.0], [-15.0, 1.0, 1.0], [170.421875, 145.703125, 0.0], [-5.0, -4.0, 0.0], [0.0, -13.0, 0.0], [13.0, -14.0, 0.0], [6.0, 0.0, 0.0], [4.0, 4.0, 0.0], [-1.0, 16.0, 0.0], [6.0, -6.0, 0.0], [14.0, -5.0, 0.0], [33.0, -4.0, 0.0], [2.0, 6.0, 0.0], [-4.0, 7.0, 0.0], [-28.0, 10.0, 0.0], [-11.0, 0.0, 0.0], [33.0, -8.0, 0.0], [21.0, 0.0, 0.0], [11.0, 4.0, 0.0], [3.0, 6.0, 0.0], [-15.0, 7.0, 0.0], [-34.0, 3.0, 0.0], [34.0, 1.0, 0.0], [17.0, 5.0, 0.0], [7.0, 6.0, 0.0], [0.0, 4.0, 0.0], [-5.0, 3.0, 0.0], [-35.0, -1.0, 0.0], [-7.0, -3.0, 0.0], [19.0, 6.0, 0.0], [4.0, 8.0, 0.0], [-3.0, 5.0, 0.0], [-11.0, 0.0, 0.0], [-20.0, -6.0, 0.0], [7.0, 7.0, 0.0], [1.0, 7.0, 0.0], [-9.0, 3.0, 0.0], [-41.0, -26.0, 0.0], [-9.0, -10.0, 0.0], [-28.0, -1.0, 0.0], [-3.0, -4.0, 0.0], [2.0, -6.0, 0.0], [13.0, -8.0, 0.0], [13.0, 1.0, 0.0], [4.0, 5.0, 0.0], [-3.0, 7.0, 0.0], [-11.0, -1.0, 0.0], [-2.0, -3.0, 1.0], [-15.0, -2.0, 0.0], [3.0, 1.0, 1.0]], "gt_class_names": ["table", "box", "needles", "needles", "needles", "needles", "glove", "glove"]}