{"img_id": "sceneid-106-userid-52", "img_w": 1100, "img_h": 770, "object_divisions": [0, 6, 15, 19, 21, 24, 25, 26, 27, 28, 29, 30, 31, 36, 40], "scene_strokes": [[156.421875, 361.703125, 0.0], [-3.0, 246.0, 1.0], [-5.0, -249.0, 0.0], [-1.0, -8.0, 0.0], [3.0, -5.0, 0.0], [12.0, -6.0, 0.0], [34.0, -34.0, 0.0], [22.0, -9.0, 0.0], [17.0, 0.0, 0.0], [41.0, 14.0, 0.0], [17.0, 10.0, 0.0], [19.0, 24.0, 0.0], [16.0, 44.0, 0.0], [-3.0, 18.0, 0.0], [-7.0, 5.0, 0.0], [-10.0, 0.0, 0.0], [-12.0, -6.0, 0.0], [-21.0, -25.0, 0.0], [-13.0, -10.0, 0.0], [-8.0, -1.0, 0.0], [-22.0, 15.0, 0.0], [3.0, 97.0, 0.0], [-8.0, 114.0, 0.0], [-41.0, 6.0, 0.0], [-37.0, -4.0, 1.0], [-5.0, -249.0, 0.0], [15.0, 8.0, 0.0], [33.0, 7.0, 0.0], [24.0, 1.0, 0.0], [16.0, 7.0, 0.0], [17.0, 15.0, 1.0], [45.0, -19.0, 0.0], [-6.0, -9.0, 0.0], [2.0, 8.0, 0.0], [18.0, 33.0, 1.0], [-33.0, -48.0, 0.0], [-33.0, -14.0, 0.0], [-16.0, 2.0, 0.0], [-5.0, 4.0, 0.0], [-1.0, 7.0, 0.0], [8.0, 22.0, 0.0], [4.0, 25.0, 1.0], [-53.0, 171.0, 0.0], [-4.0, -9.0, 0.0], [-1.0, -42.0, 0.0], [10.0, -84.0, 0.0], [1.0, -71.0, 0.0], [2.0, -7.0, 0.0], [9.0, 12.0, 0.0], [9.0, 14.0, 0.0], [6.0, 21.0, 0.0], [-15.0, 186.0, 0.0], [-6.0, 9.0, 0.0], [-16.0, 0.0, 0.0], [-5.0, -16.0, 0.0], [-1.0, -28.0, 1.0], [-126.578125, 96.703125, 0.0], [-3.0, 90.0, 1.0], [54.0, -101.0, 0.0], [-3.0, 77.0, 1.0], [-35.0, -315.0, 0.0], [5.0, 88.0, 1.0], [38.0, -46.0, 0.0], [-4.0, 53.0, 0.0], [2.0, 38.0, 1.0], [96.0, 135.0, 0.0], [3.0, 75.0, 1.0], [92.0, -210.0, 0.0], [1.0, 61.0, 1.0], [-217.0, -494.0, 0.0], [12.0, 62.0, 1.0], [57.0, -45.0, 0.0], [3.0, 46.0, 0.0], [9.0, 56.0, 1.0], [233.0, -197.0, 0.0], [-11.0, 62.0, 0.0], [-4.0, 74.0, 0.0], [13.0, 211.0, 0.0], [4.0, 195.0, 0.0], [-5.0, 125.0, 0.0], [6.0, 51.0, 1.0], [-162.578125, -537.296875, 0.0], [19.0, -16.0, 0.0], [34.0, -14.0, 0.0], [30.0, -7.0, 0.0], [23.0, 0.0, 1.0], [-113.0, 36.0, 0.0], [6.0, 8.0, 0.0], [12.0, 3.0, 0.0], [71.0, -18.0, 0.0], [20.0, -17.0, 0.0], [-1.0, -11.0, 0.0], [-5.0, -5.0, 0.0], [-7.0, -1.0, 1.0], [-80.0, 78.0, 0.0], [14.0, 9.0, 0.0], [21.0, 4.0, 0.0], [33.0, -3.0, 0.0], [30.0, -20.0, 0.0], [9.0, -14.0, 0.0], [-1.0, -6.0, 0.0], [-5.0, -2.0, 0.0], [-91.0, 17.0, 0.0], [-21.0, 12.0, 1.0], [-1.0, -22.0, 0.0], [-7.0, 4.0, 0.0], [-1.0, 5.0, 0.0], [16.0, 2.0, 0.0], [43.0, -11.0, 0.0], [54.0, -9.0, 0.0], [23.0, -10.0, 0.0], [2.0, -7.0, 0.0], [-8.0, -3.0, 0.0], [-11.0, 0.0, 0.0], [-59.0, 17.0, 0.0], [-66.0, 12.0, 1.0], [-182.578125, 23.703125, 0.0], [10.0, -28.0, 0.0], [36.0, -60.0, 0.0], [17.0, -22.0, 0.0], [26.0, -22.0, 0.0], [26.0, -14.0, 0.0], [21.0, -4.0, 0.0], [35.0, 3.0, 0.0], [8.0, 5.0, 0.0], [0.0, 4.0, 0.0], [-27.0, 37.0, 0.0], [-69.0, 65.0, 0.0], [-37.0, 44.0, 0.0], [-25.0, 46.0, 0.0], [-12.0, 42.0, 0.0], [-11.0, -29.0, 0.0], [-6.0, -34.0, 0.0], [-2.0, -40.0, 0.0], [8.0, -22.0, 0.0], [16.0, -13.0, 1.0], [65.0, 3.0, 0.0], [26.0, 77.0, 0.0], [7.0, 13.0, 0.0], [4.0, 5.0, 0.0], [1.0, -2.0, 1.0], [252.421875, -271.296875, 0.0], [4.0, 154.0, 0.0], [5.0, 37.0, 1.0], [-1.0, -200.0, 0.0], [12.0, -5.0, 0.0], [37.0, -5.0, 0.0], [23.0, 3.0, 0.0], [9.0, 4.0, 0.0], [10.0, 10.0, 0.0], [19.0, 31.0, 0.0], [9.0, 26.0, 0.0], [6.0, 41.0, 0.0], [2.0, 87.0, 0.0], [7.0, 80.0, 0.0], [-1.0, 15.0, 0.0], [-51.0, 6.0, 0.0], [-72.0, 36.0, 0.0], [-5.0, 0.0, 0.0], [-2.0, -5.0, 1.0], [-13.0, -150.0, 0.0], [2.0, 59.0, 0.0], [13.0, 86.0, 1.0], [104.421875, -323.296875, 0.0], [35.0, -15.0, 0.0], [38.0, -8.0, 0.0], [32.0, 0.0, 0.0], [17.0, 5.0, 0.0], [7.0, 7.0, 0.0], [5.0, 10.0, 0.0], [7.0, 44.0, 0.0], [9.0, 208.0, 0.0], [-3.0, 40.0, 0.0], [-5.0, 13.0, 0.0], [-6.0, 3.0, 0.0], [-53.0, -4.0, 0.0], [-83.0, 7.0, 1.0], [141.421875, -297.296875, 0.0], [27.0, -7.0, 0.0], [61.0, -4.0, 0.0], [14.0, 6.0, 0.0], [18.0, 22.0, 0.0], [17.0, 45.0, 0.0], [13.0, 124.0, 0.0], [0.0, 43.0, 0.0], [-6.0, 53.0, 0.0], [-5.0, 15.0, 0.0], [-10.0, 7.0, 0.0], [-39.0, 1.0, 0.0], [-92.0, -9.0, 0.0], [-4.0, -4.0, 1.0], [110.421875, -303.296875, 0.0], [15.0, -8.0, 0.0], [11.0, -1.0, 0.0], [95.0, 9.0, 0.0], [25.0, 10.0, 0.0], [14.0, 18.0, 0.0], [3.0, 11.0, 0.0], [0.0, 234.0, 0.0], [-5.0, 9.0, 0.0], [-13.0, 9.0, 0.0], [-107.0, 20.0, 1.0], [-333.578125, -200.296875, 0.0], [13.0, -5.0, 0.0], [11.0, 1.0, 0.0], [6.0, 4.0, 0.0], [4.0, 8.0, 0.0], [6.0, 26.0, 0.0], [4.0, 67.0, 0.0], [-9.0, 21.0, 0.0], [-55.0, 44.0, 0.0], [-7.0, -46.0, 0.0], [-2.0, -50.0, 0.0], [0.0, -46.0, 0.0], [6.0, -28.0, 1.0], [132.421875, 0.703125, 0.0], [35.0, -5.0, 0.0], [12.0, 5.0, 0.0], [10.0, 17.0, 0.0], [1.0, 17.0, 0.0], [-3.0, 15.0, 0.0], [-17.0, 59.0, 0.0], [0.0, 35.0, 0.0], [5.0, 26.0, 0.0], [-19.0, -15.0, 0.0], [-35.0, -15.0, 0.0], [-15.0, -13.0, 0.0], [-3.0, -8.0, 0.0], [3.0, -48.0, 0.0], [8.0, -42.0, 0.0], [14.0, -35.0, 1.0], [122.421875, -17.296875, 0.0], [39.0, 1.0, 0.0], [15.0, 9.0, 0.0], [7.0, 13.0, 0.0], [6.0, 24.0, 0.0], [2.0, 53.0, 0.0], [8.0, 59.0, 0.0], [-6.0, 8.0, 0.0], [-36.0, 17.0, 0.0], [-22.0, 18.0, 0.0], [-11.0, -44.0, 0.0], [-6.0, -47.0, 0.0], [2.0, -75.0, 0.0], [2.0, -11.0, 0.0], [9.0, -12.0, 1.0], [136.421875, -26.296875, 0.0], [8.0, -3.0, 0.0], [13.0, 1.0, 0.0], [20.0, 7.0, 0.0], [15.0, 11.0, 0.0], [4.0, 12.0, 0.0], [-10.0, 170.0, 0.0], [-18.0, 9.0, 0.0], [-22.0, 2.0, 0.0], [-10.0, -4.0, 0.0], [-6.0, -14.0, 0.0], [-1.0, -58.0, 0.0], [-10.0, -76.0, 0.0], [4.0, -28.0, 0.0], [15.0, -38.0, 1.0], [-371.578125, 432.703125, 0.0], [84.0, -10.0, 0.0], [50.0, -3.0, 0.0], [35.0, 2.0, 1.0], [-159.0, 0.0, 0.0], [-7.0, -64.0, 0.0], [12.0, -6.0, 0.0], [31.0, 4.0, 0.0], [-5.0, -23.0, 0.0], [3.0, -31.0, 0.0], [4.0, -4.0, 0.0], [27.0, -4.0, 0.0], [7.0, 57.0, 0.0], [3.0, 4.0, 0.0], [51.0, -8.0, 0.0], [12.0, 3.0, 0.0], [14.0, 9.0, 0.0], [8.0, 17.0, 0.0], [9.0, 35.0, 0.0], [-3.0, 14.0, 0.0], [-16.0, 0.0, 0.0], [-42.0, -9.0, 1.0], [-113.0, -5.0, 0.0], [-6.0, 27.0, 1.0], [110.0, -34.0, 0.0], [-4.0, 16.0, 0.0], [3.0, 10.0, 0.0], [11.0, 6.0, 0.0], [12.0, -4.0, 0.0], [7.0, -21.0, 0.0], [-7.0, -13.0, 0.0], [-13.0, 2.0, 0.0], [-20.0, 17.0, 1.0], [-79.0, 13.0, 0.0], [8.0, 14.0, 0.0], [11.0, 7.0, 0.0], [21.0, -3.0, 0.0], [7.0, -5.0, 0.0], [6.0, -11.0, 0.0], [-1.0, -19.0, 0.0], [-4.0, -7.0, 0.0], [-5.0, -4.0, 0.0], [-12.0, 2.0, 0.0], [-14.0, 17.0, 1.0], [244.421875, -20.296875, 0.0], [56.0, -17.0, 0.0], [30.0, -4.0, 0.0], [141.0, 0.0, 1.0], [-180.0, -5.0, 0.0], [-9.0, 1.0, 0.0], [-7.0, 6.0, 0.0], [-7.0, 17.0, 0.0], [0.0, 17.0, 0.0], [7.0, 6.0, 0.0], [15.0, 1.0, 0.0], [16.0, -8.0, 0.0], [9.0, -13.0, 0.0], [4.0, -18.0, 0.0], [-8.0, -8.0, 0.0], [-13.0, 4.0, 0.0], [-8.0, 8.0, 0.0], [-1.0, 7.0, 0.0], [3.0, 5.0, 1.0], [104.0, -28.0, 0.0], [0.0, 30.0, 0.0], [4.0, 10.0, 0.0], [12.0, 7.0, 0.0], [10.0, -5.0, 0.0], [5.0, -20.0, 0.0], [0.0, -11.0, 0.0], [-4.0, -10.0, 0.0], [-7.0, -6.0, 0.0], [-14.0, -2.0, 0.0], [-25.0, 10.0, 1.0], [-138.0, 18.0, 0.0], [-3.0, -68.0, 0.0], [20.0, -5.0, 0.0], [50.0, -4.0, 0.0], [1.0, -4.0, 0.0], [-12.0, -37.0, 0.0], [7.0, -12.0, 0.0], [7.0, -5.0, 0.0], [24.0, -5.0, 0.0], [8.0, 0.0, 0.0], [2.0, 3.0, 0.0], [8.0, 42.0, 0.0], [3.0, 8.0, 0.0], [6.0, 5.0, 0.0], [24.0, -9.0, 0.0], [35.0, -6.0, 0.0], [16.0, 0.0, 0.0], [19.0, 6.0, 0.0], [15.0, 33.0, 0.0], [13.0, 14.0, 0.0], [9.0, 26.0, 0.0], [-8.0, 4.0, 0.0], [-33.0, 2.0, 1.0]], "gt_class_names": ["fire hydrant", "road", "sandwich", "umbrella", "house", "house", "house", "house", "window", "window", "window", "window", "car", "car"]}