{"img_id": "sceneid-64-userid-27", "img_w": 1100, "img_h": 770, "object_divisions": [0, 5, 8, 15, 22, 27], "scene_strokes": [[789.421875, 6.703125, 0.0], [-13.0, 27.0, 0.0], [1.0, 5.0, 0.0], [6.0, 5.0, 0.0], [16.0, 5.0, 0.0], [-15.0, 46.0, 0.0], [4.0, 9.0, 0.0], [12.0, 13.0, 0.0], [1.0, 12.0, 0.0], [-24.0, 49.0, 0.0], [-9.0, 27.0, 0.0], [2.0, 14.0, 0.0], [11.0, 14.0, 0.0], [1.0, 11.0, 0.0], [-14.0, 40.0, 0.0], [-3.0, 18.0, 0.0], [4.0, 15.0, 0.0], [20.0, 21.0, 0.0], [-1.0, 12.0, 0.0], [-23.0, 54.0, 0.0], [-2.0, 19.0, 0.0], [6.0, 8.0, 0.0], [18.0, 8.0, 0.0], [5.0, 6.0, 0.0], [1.0, 7.0, 0.0], [-1.0, 9.0, 0.0], [-25.0, 61.0, 0.0], [-5.0, 27.0, 0.0], [4.0, 10.0, 0.0], [17.0, 13.0, 0.0], [5.0, 11.0, 0.0], [0.0, 9.0, 0.0], [-20.0, 62.0, 0.0], [-1.0, 14.0, 0.0], [4.0, 5.0, 0.0], [14.0, 4.0, 0.0], [5.0, 5.0, 0.0], [-18.0, 51.0, 0.0], [3.0, 7.0, 0.0], [20.0, 2.0, 0.0], [0.0, 11.0, 0.0], [-10.0, 31.0, 0.0], [0.0, 5.0, 0.0], [4.0, 2.0, 1.0], [112.0, -726.0, 0.0], [-6.0, 17.0, 0.0], [2.0, 9.0, 0.0], [12.0, 19.0, 0.0], [-1.0, 9.0, 0.0], [-11.0, 24.0, 0.0], [0.0, 7.0, 0.0], [21.0, 23.0, 0.0], [7.0, 21.0, 0.0], [-6.0, 22.0, 0.0], [-11.0, 23.0, 1.0], [89.0, 80.0, 0.0], [-11.0, 10.0, 0.0], [-8.0, 21.0, 0.0], [2.0, 13.0, 0.0], [19.0, 15.0, 0.0], [0.0, 19.0, 0.0], [-6.0, 37.0, 0.0], [6.0, 37.0, 0.0], [-3.0, 35.0, 1.0], [-106.0, 12.0, 0.0], [-9.0, 11.0, 0.0], [-3.0, 18.0, 0.0], [3.0, 9.0, 0.0], [17.0, 16.0, 0.0], [8.0, 16.0, 0.0], [-8.0, 41.0, 0.0], [-3.0, 51.0, 1.0], [116.0, -613.0, 0.0], [-11.0, 14.0, 0.0], [-4.0, 14.0, 0.0], [9.0, 27.0, 0.0], [-9.0, 28.0, 0.0], [15.0, 45.0, 0.0], [1.0, 22.0, 0.0], [-3.0, 12.0, 1.0], [-390.578125, 244.703125, 0.0], [-7.0, -261.0, 1.0], [52.0, 259.0, 0.0], [2.0, -77.0, 0.0], [-4.0, -94.0, 0.0], [-9.0, -83.0, 0.0], [-4.0, -18.0, 0.0], [-3.0, -5.0, 0.0], [-2.0, 1.0, 1.0], [-42.0, 19.0, 0.0], [-31.0, 0.0, 0.0], [-10.0, -7.0, 0.0], [-6.0, -10.0, 0.0], [-1.0, -19.0, 0.0], [6.0, -10.0, 0.0], [7.0, 0.0, 0.0], [2.0, 3.0, 0.0], [-7.0, 4.0, 0.0], [-13.0, -2.0, 0.0], [-9.0, -12.0, 0.0], [-3.0, -13.0, 0.0], [1.0, -15.0, 0.0], [8.0, -8.0, 0.0], [3.0, 1.0, 0.0], [2.0, 9.0, 0.0], [-4.0, 4.0, 0.0], [-8.0, -16.0, 0.0], [-1.0, -17.0, 0.0], [3.0, -15.0, 0.0], [8.0, -15.0, 0.0], [11.0, -9.0, 0.0], [8.0, 2.0, 0.0], [1.0, 8.0, 0.0], [-3.0, 4.0, 0.0], [4.0, -22.0, 0.0], [9.0, -13.0, 0.0], [9.0, -7.0, 0.0], [9.0, -3.0, 0.0], [3.0, 10.0, 0.0], [25.0, -23.0, 0.0], [12.0, -7.0, 0.0], [11.0, -2.0, 0.0], [2.0, 7.0, 0.0], [-6.0, 25.0, 0.0], [2.0, 8.0, 0.0], [39.0, 1.0, 0.0], [1.0, 6.0, 0.0], [-15.0, 35.0, 0.0], [0.0, 10.0, 0.0], [5.0, 4.0, 0.0], [24.0, 5.0, 0.0], [4.0, 10.0, 0.0], [-24.0, 46.0, 0.0], [24.0, 9.0, 0.0], [1.0, 9.0, 0.0], [-4.0, 8.0, 0.0], [-23.0, 17.0, 0.0], [-26.0, 5.0, 1.0], [-111.578125, -51.296875, 0.0], [1.0, 46.0, 1.0], [-8.0, -2.0, 0.0], [-16.0, 4.0, 0.0], [-17.0, 15.0, 0.0], [-10.0, 18.0, 0.0], [-4.0, 19.0, 0.0], [1.0, 29.0, 0.0], [13.0, 30.0, 0.0], [13.0, 14.0, 0.0], [9.0, 4.0, 0.0], [19.0, 1.0, 0.0], [19.0, -8.0, 0.0], [14.0, -17.0, 0.0], [9.0, -26.0, 0.0], [-4.0, -32.0, 0.0], [-12.0, -27.0, 0.0], [-23.0, -25.0, 0.0], [-17.0, -3.0, 1.0], [-29.0, 30.0, 0.0], [8.0, 6.0, 0.0], [15.0, 1.0, 0.0], [31.0, -9.0, 1.0], [-61.0, 24.0, 0.0], [41.0, 0.0, 0.0], [27.0, -12.0, 1.0], [-62.0, 34.0, 0.0], [26.0, 1.0, 0.0], [21.0, -4.0, 0.0], [16.0, -11.0, 1.0], [-54.0, 50.0, 0.0], [26.0, -6.0, 0.0], [27.0, -14.0, 0.0], [11.0, -9.0, 1.0], [-57.0, 42.0, 0.0], [28.0, -5.0, 0.0], [21.0, -12.0, 1.0], [-401.578125, 51.703125, 0.0], [-4.0, -4.0, 0.0], [-6.0, 0.0, 0.0], [-7.0, 7.0, 0.0], [-1.0, 24.0, 0.0], [8.0, 11.0, 0.0], [5.0, 1.0, 0.0], [12.0, -4.0, 0.0], [7.0, -11.0, 0.0], [-2.0, -25.0, 0.0], [-5.0, -7.0, 0.0], [-11.0, -1.0, 1.0], [-5.0, 51.0, 0.0], [4.0, 30.0, 0.0], [6.0, 18.0, 1.0], [-4.0, 6.0, 0.0], [-29.0, 42.0, 1.0], [31.0, -38.0, 0.0], [23.0, 39.0, 1.0], [-34.0, -88.0, 0.0], [-27.0, 30.0, 1.0], [31.0, -34.0, 0.0], [16.0, 13.0, 0.0], [37.0, 18.0, 1.0], [-57.0, -53.0, 0.0], [7.0, 4.0, 0.0], [9.0, -7.0, 1.0], [37.421875, 31.703125, 0.0], [7.0, 40.0, 1.0], [-8.0, -40.0, 0.0], [30.0, -9.0, 0.0], [7.0, 3.0, 1.0], [-30.0, 41.0, 0.0], [34.0, -12.0, 0.0], [-11.0, -30.0, 1.0], [-1.0, -3.0, 0.0], [22.0, -7.0, 0.0], [4.0, 16.0, 0.0], [-23.0, 7.0, 1.0], [22.0, -21.0, 0.0], [-5.0, 5.0, 0.0], [4.0, 5.0, 0.0], [2.0, -8.0, 0.0], [-5.0, -2.0, 1.0]], "gt_class_names": ["pond", "tree", "bee nest", "yoga", "camera"]}