{"img_id": "sceneid-163-userid-77", "img_w": 1100, "img_h": 770, "object_divisions": [0, 10, 30, 34, 35, 37, 38], "scene_strokes": [[291.0, 213.703125, 0.0], [10.0, 19.0, 0.0], [13.0, 12.0, 0.0], [24.0, 9.0, 0.0], [30.0, -2.0, 0.0], [26.0, -9.0, 0.0], [11.0, -6.0, 0.0], [19.0, -20.0, 0.0], [5.0, -14.0, 0.0], [-1.0, -19.0, 0.0], [-17.0, -21.0, 0.0], [-28.0, -16.0, 0.0], [-37.0, -7.0, 0.0], [-32.0, 8.0, 0.0], [-10.0, 6.0, 0.0], [-10.0, 13.0, 0.0], [-4.0, 20.0, 0.0], [0.0, 12.0, 0.0], [4.0, 10.0, 1.0], [52.0, 44.0, 0.0], [13.0, 148.0, 0.0], [2.0, 51.0, 0.0], [-3.0, 1.0, 1.0], [-19.0, -202.0, 0.0], [-43.0, 58.0, 1.0], [47.0, -63.0, 0.0], [59.0, 50.0, 1.0], [-53.0, 148.0, 0.0], [-32.0, 57.0, 0.0], [-8.0, 9.0, 1.0], [56.0, -78.0, 0.0], [27.0, 23.0, 0.0], [47.0, 31.0, 1.0], [-109.0, -322.0, 0.0], [4.0, 10.0, 1.0], [15.0, -15.0, 0.0], [2.0, 16.0, 1.0], [-30.0, 35.0, 0.0], [11.0, 13.0, 0.0], [10.0, 3.0, 0.0], [19.0, -2.0, 0.0], [15.0, -6.0, 0.0], [1.0, -3.0, 1.0], [-33.0, -31.0, 0.0], [0.0, 10.0, 0.0], [18.0, -2.0, 1.0], [442.0, -55.296875, 0.0], [3.0, 148.0, 1.0], [-7.0, -158.0, 0.0], [-18.0, -14.0, 0.0], [-8.0, -13.0, 0.0], [-3.0, -22.0, 0.0], [4.0, -10.0, 0.0], [18.0, -13.0, 0.0], [31.0, -32.0, 0.0], [5.0, -14.0, 0.0], [9.0, 26.0, 0.0], [39.0, 11.0, 0.0], [15.0, 8.0, 0.0], [9.0, 10.0, 0.0], [1.0, 16.0, 0.0], [-5.0, 19.0, 0.0], [-11.0, 18.0, 0.0], [-12.0, 8.0, 1.0], [-2.0, -8.0, 0.0], [4.0, 80.0, 0.0], [12.0, 89.0, 1.0], [103.0, -171.0, 0.0], [3.0, 79.0, 0.0], [9.0, 89.0, 1.0], [45.0, -166.0, 0.0], [12.0, 151.0, 0.0], [0.0, 4.0, 0.0], [-2.0, -1.0, 1.0], [-81.0, -162.0, 0.0], [-11.0, -10.0, 0.0], [-4.0, -16.0, 0.0], [10.0, -25.0, 0.0], [18.0, -29.0, 0.0], [7.0, -24.0, 0.0], [11.0, 12.0, 0.0], [35.0, 14.0, 0.0], [10.0, 8.0, 0.0], [11.0, 16.0, 0.0], [8.0, 28.0, 0.0], [-2.0, 16.0, 0.0], [-5.0, 10.0, 0.0], [-17.0, 13.0, 1.0], [-174.0, 21.0, 0.0], [28.0, -5.0, 0.0], [81.0, 1.0, 1.0], [-110.0, 15.0, 0.0], [77.0, -3.0, 0.0], [34.0, 5.0, 1.0], [-83.0, 41.0, 0.0], [12.0, 82.0, 1.0], [-8.0, -89.0, 0.0], [44.0, -2.0, 0.0], [20.0, 5.0, 0.0], [-2.0, 33.0, 0.0], [8.0, 52.0, 1.0], [-56.0, -91.0, 0.0], [14.0, 75.0, 1.0], [2.0, -83.0, 0.0], [10.0, 88.0, 1.0], [-45.0, -58.0, 0.0], [55.0, -1.0, 0.0], [4.0, 3.0, 1.0], [-52.0, 19.0, 0.0], [59.0, -5.0, 1.0], [-56.0, 25.0, 0.0], [35.0, -4.0, 0.0], [17.0, 0.0, 0.0], [0.0, 3.0, 1.0], [-58.0, 21.0, 0.0], [73.0, -3.0, 0.0], [9.0, 2.0, 1.0], [-170.0, -115.0, 0.0], [8.0, 36.0, 0.0], [-10.0, -22.0, 0.0], [-1.0, -17.0, 0.0], [12.0, -6.0, 0.0], [23.0, -2.0, 0.0], [5.0, 28.0, 0.0], [10.0, 20.0, 0.0], [-2.0, 3.0, 0.0], [-45.0, -1.0, 1.0], [196.0, -6.0, 0.0], [-5.0, -28.0, 0.0], [1.0, -27.0, 0.0], [17.0, 4.0, 0.0], [6.0, 37.0, 0.0], [0.0, 27.0, 0.0], [-33.0, -1.0, 1.0], [-196.0, -77.0, 0.0], [29.0, -4.0, 0.0], [49.0, 2.0, 1.0], [101.0, 4.0, 0.0], [34.0, -5.0, 0.0], [35.0, 0.0, 1.0], [-148.0, 178.703125, 0.0], [-30.0, 28.0, 0.0], [-10.0, 27.0, 0.0], [-46.0, 65.0, 0.0], [-6.0, 20.0, 0.0], [-29.0, 38.0, 0.0], [-4.0, 13.0, 1.0], [211.0, -200.0, 0.0], [-28.0, 23.0, 0.0], [-3.0, 15.0, 0.0], [3.0, 26.0, 0.0], [-20.0, 47.0, 0.0], [-5.0, 29.0, 0.0], [-12.0, 33.0, 0.0], [-32.0, 51.0, 0.0], [-12.0, 10.0, 0.0], [-14.0, 2.0, 1.0], [-384.0, -41.0, 0.0], [14.0, 8.0, 0.0], [37.0, 1.0, 0.0], [37.0, 13.0, 0.0], [67.0, -5.0, 0.0], [97.0, 0.0, 0.0], [45.0, -9.0, 0.0], [11.0, -7.0, 1.0], [-428.0, 82.0, 0.0], [12.0, 5.0, 0.0], [23.0, 1.0, 0.0], [75.0, 14.0, 0.0], [60.0, 1.0, 0.0], [67.0, 9.0, 0.0], [158.0, -1.0, 0.0], [62.0, -20.0, 0.0], [43.0, -23.0, 0.0], [14.0, -15.0, 0.0], [15.0, -31.0, 1.0], [-605.0, -366.296875, 0.0], [1.0, -8.0, 0.0], [10.0, -1.0, 0.0], [5.0, 9.0, 0.0], [-1.0, 5.0, 0.0], [-12.0, 8.0, 0.0], [-9.0, 1.0, 0.0], [-5.0, -3.0, 0.0], [-2.0, -9.0, 0.0], [10.0, -9.0, 0.0], [16.0, 3.0, 0.0], [4.0, 9.0, 0.0], [-1.0, 4.0, 0.0], [-11.0, 6.0, 0.0], [-11.0, -1.0, 0.0], [-6.0, -8.0, 0.0], [11.0, -12.0, 0.0], [10.0, 1.0, 0.0], [4.0, 11.0, 0.0], [-7.0, 9.0, 0.0], [-8.0, 3.0, 0.0], [-6.0, -1.0, 0.0], [-4.0, -4.0, 0.0], [0.0, -5.0, 0.0], [3.0, -3.0, 0.0], [8.0, 0.0, 1.0], [-13.0, -13.296875, 0.0], [-20.0, 12.0, 0.0], [-15.0, 17.0, 0.0], [-8.0, 13.0, 0.0], [-7.0, 22.0, 0.0], [-1.0, 37.0, 0.0], [15.0, 55.0, 0.0], [3.0, 45.0, 0.0], [-9.0, 18.0, 0.0], [-14.0, 6.0, 0.0], [24.0, -12.0, 0.0], [13.0, -15.0, 0.0], [7.0, -27.0, 0.0], [6.0, -86.0, 0.0], [8.0, -24.0, 0.0], [10.0, -13.0, 0.0], [15.0, -12.0, 1.0], [-19.0, -41.0, 0.0], [25.0, -8.0, 0.0], [56.0, -1.0, 0.0], [45.0, 17.0, 0.0], [19.0, 14.0, 0.0], [11.0, 13.0, 0.0], [4.0, 10.0, 0.0], [-18.0, -9.0, 0.0], [8.0, 7.0, 0.0], [-1.0, 3.0, 0.0], [-43.0, -18.0, 1.0], [13.0, 139.703125, 0.0], [5.0, 0.0, 0.0], [27.0, -21.0, 0.0], [47.0, -60.0, 0.0], [16.0, -12.0, 0.0], [4.0, 0.0, 0.0], [2.0, 5.0, 0.0], [21.0, 15.0, 0.0], [11.0, 13.0, 0.0], [19.0, 13.0, 0.0], [1.0, 4.0, 0.0], [-10.0, 10.0, 0.0], [-9.0, 18.0, 0.0], [-7.0, -1.0, 0.0], [-44.0, -43.0, 0.0], [-3.0, 0.0, 0.0], [-47.0, 40.0, 0.0], [-24.0, 29.0, 0.0], [-8.0, -10.0, 1.0]], "gt_class_names": ["yoga", "castle", "road", "hair tie", "hair", "axe"]}