{"img_id": "sceneid-117-userid-48", "img_w": 1100, "img_h": 770, "object_divisions": [0, 4, 16, 17, 18, 19, 33, 49, 55], "scene_strokes": [[713.421875, 741.703125, 0.0], [80.0, -352.0, 0.0], [33.0, -113.0, 0.0], [21.0, -60.0, 1.0], [156.0, -8.0, 0.0], [9.0, 113.0, 0.0], [13.0, 280.0, 0.0], [19.0, 178.0, 1.0], [-126.0, -553.0, 0.0], [-3.0, 0.0, 0.0], [-10.0, 82.0, 0.0], [-6.0, 24.0, 0.0], [2.0, 3.0, 0.0], [25.0, 3.0, 0.0], [6.0, -2.0, 0.0], [4.0, -51.0, 0.0], [-3.0, -57.0, 0.0], [-8.0, -8.0, 0.0], [-9.0, 5.0, 1.0], [-10.0, 178.0, 0.0], [-12.0, 87.0, 0.0], [2.0, 3.0, 0.0], [28.0, 9.0, 0.0], [7.0, -78.0, 0.0], [-8.0, -16.0, 0.0], [-16.0, -7.0, 1.0], [-34.578125, 105.703125, 0.0], [-34.0, 105.0, 0.0], [-16.0, 60.0, 0.0], [2.0, 15.0, 0.0], [14.0, 13.0, 0.0], [51.0, 12.0, 0.0], [28.0, 0.0, 0.0], [9.0, 3.0, 0.0], [5.0, -3.0, 0.0], [33.0, -177.0, 0.0], [-9.0, -10.0, 0.0], [-39.0, -10.0, 0.0], [-47.0, -24.0, 1.0], [94.0, 84.0, 0.0], [-4.0, 5.0, 0.0], [1.0, 20.0, 0.0], [6.0, 22.0, 0.0], [5.0, 4.0, 0.0], [3.0, -8.0, 0.0], [0.0, -18.0, 0.0], [-7.0, -26.0, 1.0], [-10.0, 98.0, 0.0], [-3.0, -3.0, 0.0], [-4.0, 4.0, 0.0], [-4.0, 25.0, 0.0], [4.0, 7.0, 0.0], [6.0, -8.0, 0.0], [0.0, -34.0, 1.0], [-99.0, 32.0, 0.0], [6.0, -24.0, 0.0], [10.0, -4.0, 0.0], [22.0, 0.0, 0.0], [9.0, 3.0, 0.0], [4.0, 6.0, 0.0], [-3.0, 18.0, 0.0], [-9.0, 13.0, 0.0], [-36.0, -12.0, 1.0], [7.0, -104.0, 0.0], [-20.0, 52.0, 0.0], [6.0, -1.0, 0.0], [61.0, 13.0, 0.0], [6.0, -2.0, 1.0], [-52.0, -71.0, 0.0], [51.0, 11.0, 0.0], [7.0, 55.0, 1.0], [-29.0, -125.0, 0.0], [-5.0, 5.0, 0.0], [25.0, 8.0, 0.0], [21.0, -2.0, 0.0], [-8.0, -10.0, 0.0], [-28.0, -7.0, 1.0], [35.0, 38.0, 0.0], [-1.0, 1.0, 1.0], [-1.0, 2.0, 0.0], [8.0, 31.0, 0.0], [11.0, -36.0, 0.0], [-13.0, -3.0, 1.0], [-14.0, 43.0, 0.0], [3.0, 33.0, 0.0], [2.0, 8.0, 0.0], [3.0, -1.0, 0.0], [7.0, -40.0, 0.0], [-5.0, -5.0, 0.0], [-8.0, 3.0, 1.0], [-67.0, -11.0, 0.0], [-3.0, 0.0, 0.0], [-14.0, 26.0, 0.0], [0.0, 4.0, 0.0], [7.0, 2.0, 0.0], [6.0, -11.0, 0.0], [0.0, -19.0, 1.0], [15.0, -47.0, 0.0], [-11.0, 18.0, 0.0], [5.0, 7.0, 0.0], [5.0, -6.0, 0.0], [3.0, -13.0, 0.0], [-4.0, -2.0, 1.0], [-232.578125, 88.703125, 0.0], [-3.0, 7.0, 0.0], [-10.0, 8.0, 0.0], [-24.0, 4.0, 0.0], [-21.0, -12.0, 0.0], [-7.0, -17.0, 0.0], [1.0, -10.0, 0.0], [6.0, -9.0, 0.0], [12.0, -8.0, 0.0], [7.0, -1.0, 0.0], [6.0, 4.0, 0.0], [-7.0, -5.0, 0.0], [-16.0, -35.0, 0.0], [-7.0, -33.0, 0.0], [5.0, -14.0, 0.0], [13.0, -8.0, 0.0], [10.0, 3.0, 0.0], [17.0, -39.0, 0.0], [21.0, -30.0, 0.0], [18.0, -10.0, 0.0], [2.0, 6.0, 0.0], [-5.0, 30.0, 0.0], [25.0, -6.0, 0.0], [13.0, -1.0, 0.0], [6.0, 3.0, 0.0], [3.0, 6.0, 0.0], [-3.0, 13.0, 0.0], [-14.0, 28.0, 0.0], [21.0, 11.0, 0.0], [7.0, 15.0, 0.0], [0.0, 13.0, 0.0], [-2.0, 13.0, 0.0], [-12.0, 28.0, 0.0], [9.0, 38.0, 0.0], [-5.0, 14.0, 0.0], [-17.0, 12.0, 0.0], [-23.0, 2.0, 0.0], [-12.0, -8.0, 0.0], [-12.0, -14.0, 1.0], [86.421875, -358.296875, 0.0], [-1.0, -7.0, 0.0], [-11.0, -10.0, 0.0], [-25.0, 2.0, 0.0], [-13.0, 6.0, 0.0], [3.0, 12.0, 0.0], [-38.0, 62.0, 0.0], [11.0, 7.0, 0.0], [3.0, 6.0, 0.0], [2.0, 25.0, 0.0], [17.0, 7.0, 0.0], [16.0, 34.0, 0.0], [13.0, 1.0, 0.0], [22.0, -10.0, 0.0], [13.0, -2.0, 0.0], [15.0, 6.0, 0.0], [11.0, -12.0, 0.0], [6.0, -16.0, 0.0], [-12.0, -48.0, 0.0], [13.0, -41.0, 0.0], [-1.0, -18.0, 0.0], [-5.0, -16.0, 0.0], [-7.0, -7.0, 0.0], [-11.0, -3.0, 0.0], [-37.0, 12.0, 1.0], [-603.578125, 48.703125, 0.0], [6.0, -39.0, 0.0], [-1.0, -17.0, 0.0], [-5.0, -2.0, 0.0], [-15.0, 12.0, 0.0], [-15.0, 19.0, 0.0], [-10.0, 21.0, 0.0], [1.0, 8.0, 0.0], [13.0, 9.0, 0.0], [8.0, 18.0, 0.0], [8.0, 4.0, 0.0], [27.0, -10.0, 0.0], [8.0, 1.0, 0.0], [17.0, 18.0, 0.0], [11.0, -3.0, 0.0], [23.0, -33.0, 0.0], [1.0, -28.0, 0.0], [-4.0, -14.0, 0.0], [-12.0, -16.0, 0.0], [-20.0, -4.0, 0.0], [-19.0, 7.0, 1.0], [340.421875, 41.703125, 0.0], [-4.0, -10.0, 0.0], [-7.0, -6.0, 0.0], [-19.0, -1.0, 0.0], [-28.0, 9.0, 0.0], [-21.0, 15.0, 0.0], [-13.0, 15.0, 0.0], [-11.0, 17.0, 0.0], [-11.0, 29.0, 0.0], [-4.0, 20.0, 0.0], [0.0, 18.0, 0.0], [4.0, 15.0, 0.0], [14.0, 17.0, 0.0], [13.0, 7.0, 0.0], [17.0, 3.0, 0.0], [28.0, -3.0, 0.0], [19.0, -8.0, 0.0], [17.0, -14.0, 0.0], [21.0, -30.0, 0.0], [10.0, -23.0, 0.0], [5.0, -23.0, 0.0], [-3.0, -27.0, 0.0], [-7.0, -12.0, 0.0], [-11.0, -10.0, 0.0], [-26.0, -9.0, 1.0], [-96.0, 152.0, 0.0], [-17.0, 50.0, 0.0], [-4.0, 27.0, 1.0], [112.0, -97.0, 0.0], [8.0, 62.0, 1.0], [41.0, -113.0, 0.0], [13.0, 44.0, 0.0], [4.0, 25.0, 1.0], [-141.0, 4.0, 0.0], [-16.0, 51.0, 1.0], [-17.0, 24.0, 0.0], [-6.0, -5.0, 0.0], [-12.0, 2.0, 0.0], [-9.0, 13.0, 0.0], [-1.0, 8.0, 0.0], [3.0, 7.0, 0.0], [5.0, 1.0, 0.0], [9.0, -3.0, 0.0], [14.0, -13.0, 1.0], [20.0, -44.0, 0.0], [-2.0, 16.0, 0.0], [3.0, 6.0, 0.0], [8.0, -5.0, 0.0], [10.0, -15.0, 1.0], [73.0, -5.0, 0.0], [-4.0, 9.0, 0.0], [1.0, 9.0, 0.0], [7.0, 8.0, 0.0], [9.0, -6.0, 0.0], [10.0, -22.0, 1.0], [39.0, -30.0, 0.0], [-1.0, 15.0, 0.0], [1.0, 7.0, 0.0], [3.0, -1.0, 0.0], [6.0, -14.0, 0.0], [4.0, -25.0, 1.0], [-10.0, -169.0, 0.0], [0.0, -10.0, 0.0], [-4.0, -5.0, 0.0], [-8.0, -1.0, 0.0], [-7.0, 2.0, 0.0], [-14.0, 13.0, 0.0], [-2.0, 14.0, 0.0], [9.0, 20.0, 0.0], [12.0, 9.0, 0.0], [9.0, 0.0, 0.0], [8.0, -4.0, 0.0], [9.0, -16.0, 0.0], [2.0, -13.0, 0.0], [0.0, -15.0, 0.0], [-6.0, -15.0, 0.0], [-4.0, -2.0, 1.0], [-39.0, 61.0, 0.0], [-13.0, 21.0, 1.0], [61.0, -42.0, 0.0], [13.0, 21.0, 0.0], [21.0, 16.0, 0.0], [26.0, 10.0, 0.0], [4.0, -1.0, 0.0], [2.0, -5.0, 0.0], [-7.0, -20.0, 0.0], [-13.0, -16.0, 0.0], [-17.0, -12.0, 0.0], [-26.0, -11.0, 1.0], [-67.0, 8.0, 0.0], [9.0, -1.0, 0.0], [8.0, -6.0, 0.0], [-2.0, -24.0, 0.0], [-12.0, -17.0, 0.0], [-7.0, -1.0, 0.0], [-9.0, 7.0, 0.0], [-6.0, 16.0, 0.0], [-2.0, 19.0, 0.0], [3.0, 24.0, 0.0], [10.0, 10.0, 0.0], [16.0, -1.0, 1.0], [44.0, -73.0, 0.0], [10.0, -10.0, 0.0], [7.0, -3.0, 0.0], [9.0, 1.0, 0.0], [8.0, 19.0, 0.0], [1.0, 19.0, 0.0], [-2.0, 9.0, 0.0], [-8.0, 8.0, 0.0], [-17.0, 0.0, 0.0], [-11.0, -4.0, 1.0], [-272.578125, 210.703125, 0.0], [-26.0, -11.0, 0.0], [-21.0, 0.0, 0.0], [-25.0, 10.0, 0.0], [-17.0, 25.0, 0.0], [-8.0, 37.0, 0.0], [2.0, 32.0, 0.0], [5.0, 14.0, 0.0], [10.0, 16.0, 0.0], [9.0, 7.0, 0.0], [11.0, 5.0, 0.0], [19.0, 2.0, 0.0], [27.0, -6.0, 0.0], [31.0, -16.0, 0.0], [19.0, -20.0, 0.0], [8.0, -19.0, 0.0], [2.0, -14.0, 0.0], [-5.0, -35.0, 0.0], [-14.0, -24.0, 0.0], [-18.0, -10.0, 0.0], [-13.0, -3.0, 0.0], [-13.0, 1.0, 0.0], [-23.0, 12.0, 1.0], [-49.0, 12.0, 0.0], [-11.0, -5.0, 0.0], [-18.0, -20.0, 1.0], [-9.0, -53.0, 0.0], [-3.0, -5.0, 0.0], [-6.0, 1.0, 0.0], [-13.0, 9.0, 0.0], [-9.0, 11.0, 0.0], [-7.0, 20.0, 0.0], [-1.0, 12.0, 0.0], [4.0, 18.0, 0.0], [13.0, 17.0, 0.0], [14.0, 5.0, 0.0], [10.0, -2.0, 0.0], [9.0, -6.0, 0.0], [12.0, -15.0, 0.0], [9.0, -26.0, 0.0], [-2.0, -18.0, 0.0], [-4.0, -9.0, 0.0], [-7.0, -6.0, 0.0], [-14.0, -6.0, 0.0], [-24.0, 2.0, 1.0], [35.0, -16.0, 0.0], [3.0, -12.0, 0.0], [10.0, -8.0, 0.0], [11.0, 0.0, 0.0], [9.0, 7.0, 0.0], [10.0, 17.0, 0.0], [9.0, 41.0, 0.0], [0.0, 16.0, 0.0], [-4.0, 14.0, 0.0], [-9.0, 15.0, 0.0], [-9.0, 6.0, 0.0], [-8.0, 0.0, 0.0], [-16.0, -10.0, 0.0], [-5.0, -7.0, 1.0], [-43.0, -82.0, 0.0], [-8.0, -9.0, 0.0], [-9.0, 2.0, 0.0], [-13.0, 12.0, 0.0], [-9.0, 23.0, 0.0], [-3.0, 17.0, 0.0], [1.0, 28.0, 0.0], [9.0, 31.0, 0.0], [11.0, 12.0, 0.0], [8.0, 2.0, 0.0], [7.0, 0.0, 0.0], [11.0, -7.0, 0.0], [10.0, -21.0, 0.0], [2.0, -13.0, 1.0], [0.0, 4.0, 0.0], [-48.0, 157.0, 0.0], [11.0, -11.0, 0.0], [10.0, -19.0, 0.0], [23.0, -63.0, 0.0], [9.0, -49.0, 0.0], [-1.0, -17.0, 0.0], [-4.0, -3.0, 1.0], [-53.0, 152.0, 0.0], [25.0, 13.0, 1.0], [98.0, -8.0, 0.0], [-5.0, 15.0, 0.0], [-10.0, 61.0, 1.0], [43.0, -77.0, 0.0], [18.0, 60.0, 1.0], [14.0, -72.0, 0.0], [30.0, 53.0, 1.0], [7.0, -90.0, 0.0], [27.0, 52.0, 1.0], [-155.0, 67.0, 0.0], [-5.0, -3.0, 0.0], [-3.0, 5.0, 0.0], [2.0, 13.0, 0.0], [5.0, 5.0, 0.0], [11.0, -4.0, 0.0], [16.0, -17.0, 1.0], [46.0, -11.0, 0.0], [0.0, 5.0, 0.0], [8.0, 7.0, 0.0], [8.0, -4.0, 0.0], [9.0, -14.0, 1.0], [14.0, -3.0, 0.0], [4.0, 15.0, 0.0], [10.0, -2.0, 0.0], [4.0, -6.0, 1.0], [15.0, -27.0, 0.0], 