{"img_id": "sceneid-102-userid-52", "img_w": 1100, "img_h": 770, "object_divisions": [0, 8, 16, 31, 42, 43], "scene_strokes": [[181.421875, 90.703125, 0.0], [0.0, 118.0, 0.0], [-19.0, 320.0, 0.0], [14.0, 2.0, 0.0], [28.0, 104.0, 0.0], [-1.0, 16.0, 1.0], [-18.0, -572.0, 0.0], [17.0, 23.0, 0.0], [31.0, 62.0, 0.0], [32.0, 46.0, 0.0], [17.0, 33.0, 0.0], [8.0, 23.0, 0.0], [0.0, 11.0, 0.0], [-7.0, 3.0, 0.0], [-23.0, -9.0, 0.0], [-14.0, -13.0, 0.0], [-22.0, -52.0, 0.0], [-20.0, -30.0, 0.0], [-11.0, -32.0, 1.0], [-37.0, 377.0, 0.0], [-13.0, 6.0, 0.0], [-17.0, 41.0, 0.0], [-57.0, 111.0, 0.0], [-11.0, 14.0, 1.0], [109.0, -618.0, 0.0], [-1.0, -2.0, 0.0], [-9.0, 14.0, 0.0], [-33.0, 30.0, 0.0], [-45.0, 48.0, 0.0], [-27.0, 46.0, 0.0], [-11.0, 31.0, 0.0], [3.0, 1.0, 0.0], [23.0, -12.0, 0.0], [111.0, -110.0, 1.0], [-26.0, 20.0, 0.0], [-52.0, 95.0, 0.0], [-5.0, 30.0, 0.0], [12.0, 24.0, 0.0], [7.0, 1.0, 0.0], [7.0, -8.0, 0.0], [42.0, -73.0, 0.0], [27.0, -39.0, 1.0], [-19.0, 19.0, 0.0], [14.0, 55.0, 0.0], [23.0, 71.0, 0.0], [15.0, 26.0, 0.0], [9.0, 5.0, 0.0], [10.0, -10.0, 0.0], [8.0, -30.0, 0.0], [-1.0, -27.0, 0.0], [-5.0, -20.0, 0.0], [-20.0, -47.0, 0.0], [-35.0, -59.0, 1.0], [-21.0, -97.0, 0.0], [32.0, 3.0, 0.0], [22.0, 8.0, 0.0], [49.0, 30.0, 0.0], [29.0, 28.0, 0.0], [36.0, 42.0, 0.0], [15.0, 21.0, 0.0], [6.0, 21.0, 0.0], [-2.0, 3.0, 0.0], [-16.0, 0.0, 0.0], [-36.0, -12.0, 0.0], [-58.0, -52.0, 0.0], [-38.0, -47.0, 0.0], [-20.0, -18.0, 0.0], [-23.0, -14.0, 1.0], [-9.0, -31.0, 0.0], [-15.0, 5.0, 0.0], [-22.0, 13.0, 0.0], [-31.0, 23.0, 0.0], [-15.0, 15.0, 0.0], [-42.0, 53.0, 0.0], [-12.0, 20.0, 0.0], [1.0, 9.0, 0.0], [26.0, -10.0, 0.0], [24.0, -14.0, 0.0], [74.0, -57.0, 0.0], [41.0, -27.0, 1.0], [678.421875, 6.703125, 0.0], [0.0, 159.0, 0.0], [5.0, 193.0, 0.0], [16.0, 115.0, 0.0], [11.0, 24.0, 0.0], [23.0, 30.0, 0.0], [101.0, 89.0, 1.0], [-136.0, -125.0, 0.0], [-22.0, 38.0, 0.0], [-44.0, 116.0, 0.0], [-10.0, 16.0, 1.0], [32.0, -668.0, 0.0], [-92.0, 128.0, 0.0], [-22.0, 41.0, 0.0], [-7.0, 30.0, 0.0], [7.0, 5.0, 0.0], [7.0, -2.0, 0.0], [15.0, -9.0, 0.0], [37.0, -32.0, 0.0], [30.0, -35.0, 0.0], [34.0, -56.0, 0.0], [19.0, -25.0, 1.0], [-18.0, -48.0, 0.0], [52.0, 26.0, 0.0], [24.0, 19.0, 0.0], [29.0, 30.0, 0.0], [37.0, 48.0, 0.0], [57.0, 85.0, 0.0], [-107.0, -72.0, 0.0], [-42.0, -34.0, 0.0], [-22.0, -25.0, 1.0], [-32.0, -20.0, 0.0], [-13.0, 33.0, 0.0], [-29.0, 53.0, 0.0], [-46.0, 109.0, 0.0], [-7.0, 27.0, 0.0], [1.0, 10.0, 0.0], [5.0, 7.0, 0.0], [15.0, -6.0, 0.0], [16.0, -15.0, 0.0], [22.0, -29.0, 0.0], [22.0, -40.0, 0.0], [39.0, -84.0, 1.0], [15.0, -34.0, 0.0], [21.0, 32.0, 0.0], [52.0, 64.0, 0.0], [60.0, 95.0, 0.0], [-62.0, -36.0, 0.0], [-75.0, -36.0, 0.0], [-33.0, -22.0, 0.0], [-11.0, -13.0, 1.0], [-10.0, -185.0, 0.0], [2.0, -4.0, 0.0], [19.0, -6.0, 0.0], [25.0, 1.0, 0.0], [34.0, 14.0, 0.0], [55.0, 34.0, 0.0], [17.0, 12.0, 0.0], [33.0, 35.0, 0.0], [22.0, 31.0, 0.0], [16.0, 36.0, 1.0], [-221.0, -157.0, 0.0], [3.0, 18.0, 0.0], [8.0, 13.0, 0.0], [14.0, 10.0, 1.0], [-680.578125, 217.703125, 0.0], [23.0, 32.0, 0.0], [12.0, 7.0, 0.0], [28.0, 28.0, 0.0], [34.0, 28.0, 0.0], [19.0, 10.0, 0.0], [29.0, 9.0, 0.0], [30.0, 3.0, 0.0], [237.0, -13.0, 0.0], [117.0, -20.0, 0.0], [132.0, -18.0, 0.0], [49.0, -14.0, 1.0], [-714.0, 57.0, 0.0], [4.0, 23.0, 0.0], [7.0, 14.0, 0.0], [28.0, 24.0, 0.0], [19.0, 11.0, 0.0], [75.0, 29.0, 0.0], [40.0, 12.0, 0.0], [74.0, 19.0, 0.0], [51.0, 7.0, 0.0], [61.0, -2.0, 0.0], [91.0, -17.0, 0.0], [177.0, -57.0, 0.0], [86.0, -34.0, 1.0], [-704.0, -93.0, 0.0], [16.0, 21.0, 0.0], [11.0, 8.0, 0.0], [108.0, 61.0, 0.0], [49.0, 15.0, 0.0], [61.0, 8.0, 0.0], [51.0, -1.0, 0.0], [145.0, -19.0, 0.0], [227.0, -57.0, 1.0], [-655.0, 5.0, 0.0], [22.0, 33.0, 0.0], [25.0, 17.0, 0.0], [58.0, 17.0, 0.0], [99.0, 23.0, 0.0], [93.0, 8.0, 0.0], [50.0, -1.0, 0.0], [83.0, -9.0, 0.0], [157.0, -37.0, 0.0], [102.0, -31.0, 1.0], [-694.0, 9.0, 0.0], [22.0, 29.0, 0.0], [21.0, 13.0, 0.0], [40.0, 17.0, 0.0], [87.0, 24.0, 0.0], [95.0, 10.0, 0.0], [106.0, -1.0, 0.0], [87.0, -8.0, 0.0], [52.0, -11.0, 0.0], [157.0, -42.0, 1.0], [-635.0, -93.0, 0.0], [-9.0, 91.0, 0.0], [1.0, 42.0, 1.0], [66.0, -93.0, 0.0], [-12.0, 44.0, 0.0], [-12.0, 77.0, 1.0], [82.0, -107.0, 0.0], [-8.0, 70.0, 0.0], [0.0, 34.0, 1.0], [101.0, -100.0, 0.0], [-7.0, 138.0, 1.0], [79.0, -140.0, 0.0], [-9.0, 132.0, 1.0], [94.0, -143.0, 0.0], [-5.0, 133.0, 1.0], [80.0, -145.0, 0.0], [-10.0, 131.0, 1.0], [85.0, -142.0, 0.0], [-5.0, 58.0, 0.0], [0.0, 50.0, 0.0], [4.0, 18.0, 1.0], [54.0, -120.0, 0.0], [-5.0, 13.0, 0.0], [-2.0, 40.0, 0.0], [1.0, 36.0, 0.0], [5.0, 26.0, 1.0], [47.0, -129.0, 0.0], [1.0, 43.0, 0.0], [7.0, 53.0, 1.0], [-505.578125, -223.296875, 0.0], [5.0, 14.0, 0.0], [12.0, 12.0, 0.0], [13.0, 4.0, 0.0], [32.0, -2.0, 0.0], [17.0, -6.0, 0.0], [21.0, -14.0, 0.0], [11.0, -11.0, 0.0], [10.0, -23.0, 0.0], [-3.0, -27.0, 0.0], [-12.0, -15.0, 0.0], [-17.0, -6.0, 0.0], [-27.0, 6.0, 0.0], [-25.0, 14.0, 0.0], [-19.0, 20.0, 0.0], [-19.0, 28.0, 0.0], [0.0, 22.0, 1.0], [15.0, 1.0, 0.0], [-12.0, 18.0, 0.0], [-8.0, 20.0, 0.0], [-2.0, 29.0, 0.0], [5.0, 13.0, 0.0], [-5.0, 8.0, 0.0], [-28.0, 25.0, 0.0], [-2.0, 10.0, 0.0], [3.0, 3.0, 0.0], [35.0, -27.0, 0.0], [31.0, 8.0, 0.0], [8.0, 5.0, 0.0], [7.0, 16.0, 0.0], [-7.0, 53.0, 0.0], [9.0, 14.0, 0.0], [11.0, -5.0, 0.0], [9.0, -11.0, 0.0], [10.0, -45.0, 0.0], [13.0, -14.0, 0.0], [9.0, -3.0, 0.0], [15.0, 1.0, 0.0], [12.0, 7.0, 0.0], [37.0, 54.0, 0.0], [15.0, 3.0, 0.0], [12.0, -7.0, 0.0], [6.0, -12.0, 0.0], [2.0, -13.0, 0.0], [-6.0, -22.0, 0.0], [-22.0, -23.0, 0.0], [-36.0, -18.0, 0.0], [-8.0, -13.0, 0.0], [0.0, -11.0, 0.0], [21.0, -4.0, 1.0], [-30.0, -109.0, 0.0], [56.0, 32.0, 0.0], [18.0, 19.0, 0.0], [12.0, 26.0, 0.0], [-2.0, 10.0, 0.0], [-15.0, 11.0, 0.0], [-28.0, 6.0, 0.0], [-21.0, -4.0, 0.0], [-6.0, 12.0, 1.0], [-115.0, -89.0, 0.0], [5.0, 1.0, 0.0], [7.0, -4.0, 0.0], [3.0, -10.0, 0.0], [-2.0, -3.0, 0.0], [-5.0, 1.0, 0.0], [-14.0, 12.0, 0.0], [5.0, 6.0, 1.0], [66.0, -31.0, 0.0], [18.0, -6.0, 0.0], [2.0, -5.0, 0.0], [-8.0, -7.0, 0.0], [-13.0, 2.0, 0.0], [-7.0, 5.0, 0.0], [-3.0, 8.0, 1.0], [-24.0, 13.0, 0.0], [8.0, 24.0, 0.0], [6.0, 6.0, 1.0], [-54.0, 27.0, 0.0], [-4.0, 24.0, 0.0], [-9.0, 25.0, 0.0], [34.0, -30.0, 0.0], [-24.0, 37.0, 0.0], [25.0, -20.0, 0.0], [-8.0, 30.0, 0.0], [11.0, -3.0, 0.0], [24.0, -15.0, 0.0], [-18.0, 31.0, 0.0], [6.0, 2.0, 1.0], [98.0, -117.0, 0.0], [-33.0, 40.0, 0.0], [2.0, 4.0, 0.0], [45.0, -12.0, 0.0], [22.0, -2.0, 0.0], [-7.0, 10.0, 0.0], [-22.0, 18.0, 0.0], [2.0, 2.0, 0.0], [21.0, -5.0, 0.0], [2.0, 2.0, 0.0], [-14.0, 15.0, 0.0], [-2.0, 11.0, 1.0], [-17.0, -37.0, 0.0], [-42.0, 42.0, 0.0], [12.0, 1.0, 0.0], [2.0, 5.0, 0.0], [-4.0, 20.0, 0.0], [31.0, 3.0, 0.0], [1.0, 12.0, 0.0], [-9.0, 19.0, 0.0], [1.0, 6.0, 0.0], [22.0, 2.0, 1.0], [-128.0, -62.0, 0.0], [18.0, -3.0, 0.0], [24.0, 4.0, 0.0], [3.0, 15.0, 0.0], [-15.0, 28.0, 0.0], [33.0, -18.0, 0.0], [-22.0, 20.0, 0.0], [25.0, -14.0, 0.0], [-28.0, 20.0, 0.0], [8.0, -8.0, 0.0], [13.0, -4.0, 0.0], [0.0, 10.0, 0.0], [-8.0, 20.0, 0.0], [16.0, -16.0, 0.0], [-1.0, -3.0, 0.0], [-17.0, 10.0, 0.0], [-5.0, 0.0, 0.0], [9.0, -32.0, 0.0], [-16.0, -4.0, 0.0], [0.0, -13.0, 0.0], [-16.0, 18.0, 0.0], [19.0, -20.0, 0.0], [-16.0, 9.0, 0.0], [-3.0, -2.0, 0.0], [13.0, -16.0, 0.0], [-21.0, 8.0, 0.0], [-4.0, -1.0, 0.0], [5.0, -18.0, 0.0], [-26.0, 13.0, 0.0], [12.0, -20.0, 0.0], [-1.0, -3.0, 0.0], [-20.0, 7.0, 0.0], [10.0, -24.0, 0.0], [-13.0, 4.0, 0.0], [8.0, -13.0, 0.0], [-18.0, 19.0, 0.0], [19.0, -17.0, 1.0], [130.0, -59.0, 0.0], [-5.0, -1.0, 0.0], [-25.0, 13.0, 0.0], [-9.0, 11.0, 0.0], [55.0, 0.0, 0.0], [-35.0, 41.0, 0.0], [1.0, 4.0, 0.0], [13.0, 1.0, 0.0], [32.0, -4.0, 0.0], [0.0, 5.0, 0.0], [-38.0, 33.0, 0.0], [5.0, 0.0, 0.0], [-23.0, 29.0, 0.0], [33.0, 1.0, 0.0], [0.0, 20.0, 0.0], [12.0, 9.0, 0.0], [-4.0, 13.0, 0.0], [11.0, -5.0, 1.0], [-218.578125, -44.296875, 0.0], [8.0, -7.0, 0.0], [5.0, -26.0, 0.0], [-7.0, -13.0, 0.0], [-8.0, -5.0, 0.0], [-13.0, 2.0, 0.0], [-19.0, 26.0, 0.0], [-4.0, 8.0, 0.0], [4.0, 16.0, 0.0], [12.0, 20.0, 0.0], [12.0, 