{"img_id": "sceneid-18-userid-84", "img_w": 1100, "img_h": 770, "object_divisions": [0, 9, 25, 30, 32, 35, 38, 40], "scene_strokes": [[163.0, 101.703125, 0.0], [-1.0, -13.0, 0.0], [6.0, -28.0, 0.0], [10.0, -12.0, 0.0], [10.0, -4.0, 0.0], [8.0, 2.0, 0.0], [8.0, 7.0, 0.0], [8.0, 32.0, 0.0], [5.0, 9.0, 0.0], [9.0, 5.0, 0.0], [26.0, 3.0, 0.0], [132.0, 0.0, 0.0], [39.0, -4.0, 1.0], [-82.0, 5.0, 0.0], [0.0, -21.0, 0.0], [10.0, -46.0, 0.0], [0.0, -12.0, 0.0], [9.0, -4.0, 0.0], [41.0, -3.0, 0.0], [-9.0, 38.0, 0.0], [-15.0, 37.0, 0.0], [-6.0, 25.0, 1.0], [-224.0, -11.0, 0.0], [4.0, 45.0, 0.0], [5.0, 15.0, 0.0], [8.0, 9.0, 0.0], [25.0, 4.0, 0.0], [51.0, -13.0, 1.0], [-88.0, -71.0, 0.0], [-7.0, 23.0, 0.0], [6.0, 42.0, 0.0], [8.0, 15.0, 0.0], [18.0, 7.0, 0.0], [75.0, -17.0, 0.0], [51.0, 7.0, 0.0], [31.0, 1.0, 0.0], [19.0, -3.0, 0.0], [30.0, -11.0, 0.0], [43.0, -26.0, 0.0], [15.0, 1.0, 0.0], [28.0, 9.0, 0.0], [28.0, 2.0, 0.0], [34.0, -6.0, 0.0], [13.0, -11.0, 0.0], [0.0, -15.0, 0.0], [-13.0, -15.0, 0.0], [-13.0, -7.0, 0.0], [-18.0, -4.0, 0.0], [-28.0, 0.0, 0.0], [-39.0, 8.0, 0.0], [-53.0, 6.0, 1.0], [-49.0, 74.0, 0.0], [-7.0, 27.0, 0.0], [1.0, 59.0, 0.0], [-3.0, 28.0, 0.0], [26.0, 3.0, 0.0], [24.0, -9.0, 0.0], [19.0, -29.0, 0.0], [4.0, -18.0, 0.0], [-1.0, -15.0, 0.0], [-17.0, -38.0, 0.0], [-8.0, -29.0, 1.0], [159.0, -29.0, 0.0], [40.0, 3.0, 0.0], [14.0, 5.0, 1.0], [-55.0, -1.0, 0.0], [14.0, -20.0, 0.0], [7.0, -16.0, 0.0], [6.0, -30.0, 1.0], [-28.0, 58.0, 0.0], [2.0, 15.0, 0.0], [-5.0, 92.0, 1.0], [5.0, -104.0, 0.0], [-42.0, 9.0, 0.0], [-16.0, -2.0, 1.0], [435.0, -126.296875, 0.0], [-2.0, -3.0, 0.0], [-16.0, 19.0, 0.0], [-43.0, 64.0, 0.0], [-25.0, 48.0, 0.0], [-82.0, 140.0, 0.0], [-149.0, 309.0, 0.0], [-27.0, 64.0, 0.0], [-18.0, 53.0, 0.0], [-16.0, 85.0, 0.0], [4.0, 45.0, 1.0], [518.0, -825.0, 0.0], [-53.0, 80.0, 0.0], [-41.0, 80.0, 0.0], [-35.0, 75.0, 0.0], [-126.0, 297.0, 0.0], [-89.0, 173.0, 0.0], [-43.0, 77.0, 1.0], [-93.0, -41.0, 0.0], [-5.0, -4.0, 0.0], [40.0, 16.0, 0.0], [10.0, 0.0, 0.0], [7.0, -3.0, 0.0], [-26.0, -25.0, 0.0], [16.0, 13.0, 1.0], [4.0, -54.0, 0.0], [5.0, -14.0, 1.0], [2.0, -14.0, 0.0], [3.0, 18.0, 0.0], [7.0, 11.0, 1.0], [9.0, -5.0, 0.0], [0.0, -13.0, 0.0], [-7.0, -21.0, 0.0], [4.0, -2.0, 0.0], [21.0, 9.0, 1.0], [6.0, -50.0, 0.0], [0.0, -11.0, 0.0], [11.0, 6.0, 1.0], [17.0, 7.0, 0.0], [-12.0, -31.0, 0.0], [-3.0, -18.0, 0.0], [2.0, -5.0, 0.0], [8.0, -2.0, 0.0], [31.0, 17.0, 1.0], [11.0, -86.0, 0.0], [17.0, -10.0, 0.0], [7.0, -8.0, 0.0], [4.0, -18.0, 0.0], [-5.0, -17.0, 0.0], [20.0, 10.0, 1.0], [8.0, -81.0, 0.0], [2.0, -4.0, 0.0], [7.0, 1.0, 1.0], [0.0, -16.0, 0.0], [-9.0, -13.0, 0.0], [-6.0, -19.0, 0.0], [5.0, -3.0, 0.0], [18.0, 11.0, 1.0], [10.0, -6.0, 0.0], [-5.0, -58.0, 0.0], [3.0, -9.0, 0.0], [7.0, -2.0, 1.0], [43.0, -27.0, 0.0], [-4.0, -27.0, 0.0], [1.0, -15.0, 0.0], [4.0, -5.0, 0.0], [4.0, 0.0, 0.0], [13.0, 9.0, 1.0], [14.0, 3.0, 0.0], [1.0, -60.0, 0.0], [3.0, -7.0, 0.0], [7.0, -5.0, 0.0], [14.0, 16.0, 1.0], [24.0, -44.0, 0.0], [4.0, -20.0, 0.0], [6.0, -6.0, 0.0], [6.0, -1.0, 1.0], [24.0, -28.0, 0.0], [4.0, -12.0, 1.0], [56.0, 99.703125, 0.0], [-25.0, 29.0, 0.0], [-19.0, 33.0, 0.0], [-19.0, 42.0, 1.0], [61.0, -94.0, 0.0], [2.0, -7.0, 1.0], [-1.0, -2.0, 0.0], [18.0, 79.0, 0.0], [17.0, 43.0, 1.0], [-66.0, -78.0, 0.0], [-23.0, 107.0, 0.0], [-14.0, 50.0, 1.0], [26.0, -160.0, 0.0], [5.0, -1.0, 0.0], [46.0, 12.0, 0.0], [6.0, 69.0, 0.0], [-6.0, 81.0, 0.0], [-6.0, 9.0, 0.0], [-14.0, 2.0, 0.0], [-34.0, -11.0, 0.0], [-26.0, -4.0, 1.0], [-129.0, 205.703125, 0.0], [11.0, -4.0, 0.0], [23.0, -1.0, 0.0], [116.0, 16.0, 0.0], [52.0, 2.0, 0.0], [10.0, -8.0, 0.0], [1.0, -83.0, 0.0], [-115.0, -10.0, 0.0], [-26.0, 0.0, 0.0], [-27.0, 6.0, 0.0], [-41.0, 83.0, 1.0], [23.0, -78.0, 0.0], [-5.0, 1.0, 0.0], [17.0, -10.0, 0.0], [60.0, -56.0, 0.0], [14.0, -20.0, 0.0], [24.0, -12.0, 0.0], [18.0, 12.0, 0.0], [13.0, 15.0, 0.0], [32.0, 62.0, 0.0], [25.0, 33.0, 0.0], [-45.0, -6.0, 0.0], [-69.0, -16.0, 0.0], [-112.0, -7.0, 1.0], [46.0, 121.703125, 0.0], [-16.0, 15.0, 0.0], [-20.0, 27.0, 0.0], [-33.0, 57.0, 0.0], [-22.0, 48.0, 0.0], [-8.0, 10.0, 0.0], [-5.0, -4.0, 1.0], [94.0, -156.0, 0.0], [3.0, 8.0, 0.0], [24.0, 5.0, 0.0], [26.0, 11.0, 0.0], [81.0, 12.0, 0.0], [15.0, 4.0, 0.0], [8.0, 6.0, 0.0], [-26.0, 86.0, 0.0], [-9.0, 48.0, 0.0], [-17.0, 1.0, 0.0], [-26.0, -7.0, 0.0], [-52.0, -6.0, 0.0], [-59.0, 0.0, 0.0], [-68.0, -11.0, 0.0], [-5.0, -2.0, 0.0], [-1.0, -4.0, 1.0], [43.0, -138.0, 0.0], [49.0, 17.0, 0.0], [120.0, 17.0, 0.0], [68.0, 20.0, 0.0], [-3.0, -59.0, 0.0], [-12.0, -4.0, 0.0], [-55.0, -4.0, 0.0], [-60.0, 0.0, 0.0], [-55.0, 4.0, 0.0], [-69.0, 10.0, 0.0], [-4.0, 0.0, 0.0], [3.0, -2.0, 1.0], [-124.0, -453.296875, 0.0], [-59.0, 74.0, 0.0], [-33.0, 54.0, 1.0], [83.0, -125.0, 0.0], [9.0, 20.0, 0.0], [16.0, 59.0, 0.0], [30.0, 55.0, 0.0], [-33.0, -1.0, 0.0], [-88.0, -11.0, 0.0], [-24.0, 2.0, 1.0], [135.0, -21.0, 0.0], [-16.0, -5.0, 0.0], [-67.0, -7.0, 0.0], [-48.0, -9.0, 0.0], [-22.0, 2.0, 0.0], [-11.0, 13.0, 0.0], [-11.0, 28.0, 0.0], [-9.0, 41.0, 0.0], [-1.0, 34.0, 0.0], [3.0, 4.0, 0.0], [13.0, 3.0, 0.0], [108.0, 17.0, 0.0], [46.0, 16.0, 0.0], [5.0, -1.0, 0.0], [14.0, -92.0, 0.0], [0.0, -19.0, 0.0], [-7.0, -31.0, 1.0], [-152.0, 253.703125, 0.0], [-55.0, -13.0, 0.0], [-43.0, -15.0, 0.0], [-6.0, 1.0, 0.0], [-5.0, 11.0, 0.0], [-11.0, 59.0, 0.0], [-13.0, 91.0, 0.0], [-2.0, 30.0, 0.0], [3.0, 7.0, 0.0], [6.0, 3.0, 0.0], [73.0, -3.0, 0.0], [24.0, 4.0, 0.0], [18.0, -24.0, 0.0], [8.0, -31.0, 0.0], [5.0, -97.0, 0.0], [-4.0, -13.0, 0.0], [-11.0, -9.0, 1.0], [-151.0, 21.0, 0.0], [43.0, -74.0, 0.0], [22.0, -30.0, 0.0], [10.0, -7.0, 0.0], [24.0, 18.0, 0.0], [71.0, 31.0, 0.0], [27.0, 19.0, 0.0], [36.0, 38.0, 0.0], [1.0, 35.0, 0.0], [-1.0, -4.0, 0.0], [-7.0, -1.0, 0.0], [-60.0, 1.0, 0.0], [-28.0, -3.0, 0.0], [-163.0, -27.0, 1.0]], "gt_class_names": ["airplane", "river", "house", "house", "house", "house", "house"]}