{"img_id": "sceneid-156-userid-73", "img_w": 1100, "img_h": 770, "object_divisions": [0, 7, 9, 11, 14, 22], "scene_strokes": [[283.0, 600.703125, 0.0], [-2.0, 176.0, 1.0], [348.0, -202.0, 0.0], [38.0, 63.0, 1.0], [-3.0, 2.0, 0.0], [-31.0, -4.0, 0.0], [-88.0, 3.0, 0.0], [-44.0, -3.0, 0.0], [-111.0, 1.0, 0.0], [-35.0, -4.0, 0.0], [-30.0, 2.0, 1.0], [-41.0, -40.0, 0.0], [46.0, 37.0, 1.0], [332.0, 10.0, 0.0], [-6.0, 140.0, 1.0], [-332.0, -154.0, 0.0], [1.0, 34.0, 0.0], [15.0, 117.0, 1.0], [289.0, -144.0, 0.0], [1.0, 44.0, 0.0], [-5.0, 97.0, 0.0], [5.0, 20.0, 1.0], [-255.0, -193.296875, 0.0], [-10.0, -1.0, 0.0], [-11.0, 5.0, 0.0], [0.0, 8.0, 0.0], [7.0, 10.0, 0.0], [10.0, 4.0, 0.0], [14.0, -1.0, 0.0], [10.0, -5.0, 0.0], [2.0, -5.0, 0.0], [-1.0, -8.0, 0.0], [-6.0, -8.0, 0.0], [-15.0, -4.0, 1.0], [8.0, 12.0, 0.0], [-10.0, -5.0, 0.0], [-4.0, 1.0, 0.0], [-2.0, 5.0, 0.0], [8.0, 8.0, 0.0], [7.0, -4.0, 0.0], [0.0, -4.0, 0.0], [-5.0, -2.0, 1.0], [51.0, 2.703125, 0.0], [-6.0, -6.0, 0.0], [-11.0, 4.0, 0.0], [-2.0, 8.0, 0.0], [7.0, 14.0, 0.0], [16.0, 4.0, 0.0], [8.0, -4.0, 0.0], [5.0, -11.0, 0.0], [-1.0, -9.0, 0.0], [-5.0, -5.0, 0.0], [-17.0, 0.0, 1.0], [12.0, 10.0, 0.0], [-10.0, 1.0, 0.0], [1.0, 6.0, 0.0], [4.0, 3.0, 0.0], [5.0, -1.0, 0.0], [1.0, -4.0, 0.0], [-2.0, -4.0, 0.0], [-8.0, -3.0, 1.0], [55.0, -13.296875, 0.0], [3.0, 26.0, 0.0], [12.0, 3.0, 0.0], [7.0, -7.0, 0.0], [2.0, -9.0, 0.0], [-4.0, -15.0, 1.0], [-16.0, 14.0, 0.0], [-5.0, -12.0, 0.0], [-6.0, -1.0, 0.0], [-4.0, 4.0, 0.0], [5.0, 9.0, 0.0], [10.0, 4.0, 1.0], [4.0, -16.0, 0.0], [-3.0, -12.0, 0.0], [-2.0, 4.0, 0.0], [4.0, 37.0, 0.0], [12.0, 1.0, 0.0], [4.0, -11.0, 0.0], [3.0, -34.0, 0.0], [-2.0, 33.0, 0.0], [-4.0, 6.0, 0.0], [-6.0, 1.0, 0.0], [-7.0, -5.0, 0.0], [-3.0, -11.0, 0.0], [3.0, -29.0, 0.0], [0.0, 32.0, 0.0], [4.0, 8.0, 0.0], [5.0, 2.0, 1.0], [49.0, -30.296875, 0.0], [7.0, 39.0, 0.0], [72.0, 1.0, 0.0], [-4.0, -41.0, 0.0], [-81.0, -1.0, 1.0], [47.0, 1.0, 0.0], [5.0, 28.0, 0.0], [-3.0, 20.0, 1.0], [-14.0, -41.0, 0.0], [-16.0, 0.0, 1.0], [22.0, 10.0, 0.0], [-20.0, -3.0, 1.0], [18.0, 14.0, 0.0], [-17.0, 0.0, 1.0], [37.0, -20.0, 0.0], [21.0, 2.0, 1.0], [-14.0, 6.0, 0.0], [19.0, 3.0, 1.0], [-14.0, 9.0, 0.0], [14.0, -1.0, 1.0]], "gt_class_names": ["table", "donut", "donut", "cup", "book"]}