{"img_id": "sceneid-12-userid-82", "img_w": 1100, "img_h": 770, "object_divisions": [0, 2, 16, 18, 23, 28, 33], "scene_strokes": [[279.0, 541.703125, 0.0], [1.0, -26.0, 0.0], [13.0, -78.0, 0.0], [8.0, -96.0, 0.0], [-1.0, -31.0, 0.0], [-9.0, -30.0, 0.0], [1.0, -8.0, 0.0], [17.0, -69.0, 0.0], [42.0, -130.0, 0.0], [20.0, -10.0, 0.0], [29.0, -5.0, 0.0], [291.0, 11.0, 0.0], [161.0, -2.0, 0.0], [1.0, 8.0, 0.0], [-7.0, 25.0, 0.0], [-14.0, 140.0, 0.0], [-2.0, 4.0, 0.0], [-11.0, 1.0, 0.0], [-36.0, 20.0, 0.0], [-8.0, 11.0, 0.0], [-19.0, 145.0, 0.0], [1.0, 94.0, 0.0], [-5.0, 29.0, 0.0], [-16.0, 5.0, 0.0], [-177.0, -12.0, 0.0], [-144.0, 3.0, 0.0], [-147.0, -7.0, 1.0], [118.0, -37.0, 0.0], [-16.0, -17.0, 0.0], [-12.0, -24.0, 0.0], [-8.0, -22.0, 0.0], [-5.0, -38.0, 0.0], [3.0, -31.0, 0.0], [9.0, -37.0, 0.0], [29.0, -85.0, 0.0], [34.0, -47.0, 0.0], [23.0, -20.0, 0.0], [25.0, -16.0, 0.0], [22.0, -11.0, 0.0], [34.0, -11.0, 0.0], [39.0, -7.0, 0.0], [33.0, -1.0, 0.0], [43.0, 5.0, 0.0], [43.0, 16.0, 0.0], [39.0, 34.0, 0.0], [21.0, 44.0, 0.0], [16.0, 77.0, 0.0], [0.0, 91.0, 0.0], [-16.0, 51.0, 0.0], [-18.0, 42.0, 0.0], [-14.0, 20.0, 1.0], [-54.0, -145.296875, 0.0], [-2.0, -6.0, 0.0], [-11.0, -1.0, 0.0], [-8.0, 8.0, 0.0], [-3.0, 10.0, 0.0], [6.0, 6.0, 0.0], [11.0, -2.0, 0.0], [3.0, -11.0, 0.0], [-8.0, 2.0, 1.0], [-3.0, -10.0, 0.0], [4.0, -8.0, 0.0], [17.0, -16.0, 0.0], [5.0, -3.0, 0.0], [2.0, 3.0, 1.0], [-5.0, 8.0, 0.0], [-16.0, 26.0, 1.0], [-6.0, 8.0, 0.0], [-12.0, 4.0, 0.0], [-9.0, 13.0, 0.0], [-1.0, 6.0, 0.0], [3.0, 4.0, 0.0], [9.0, -2.0, 0.0], [15.0, -22.0, 1.0], [8.0, -21.0, 0.0], [17.0, 4.0, 0.0], [9.0, 7.0, 0.0], [2.0, 9.0, 0.0], [-4.0, 5.0, 0.0], [-4.0, 0.0, 1.0], [-11.0, 0.0, 0.0], [-12.0, -3.0, 1.0], [-7.0, -22.0, 0.0], [-15.0, -4.0, 0.0], [-10.0, 3.0, 0.0], [-1.0, 12.0, 0.0], [15.0, 7.0, 1.0], [9.0, -14.0, 0.0], [-8.0, -14.0, 0.0], [-23.0, -22.0, 0.0], [-63.0, -46.0, 0.0], [-83.0, -53.0, 1.0], [171.0, 153.0, 0.0], [-86.0, -42.0, 0.0], [-49.0, -35.0, 0.0], [-59.0, -35.0, 0.0], [-16.0, -14.0, 1.0], [127.0, 85.0, 0.0], [-45.0, 39.0, 0.0], [-29.0, 13.0, 0.0], [-28.0, 6.0, 0.0], [-4.0, -2.0, 0.0], [-2.0, -9.0, 0.0], [16.0, -25.0, 0.0], [28.0, -23.0, 0.0], [26.0, -13.0, 0.0], [3.0, 1.0, 1.0], [38.0, -36.0, 0.0], [17.0, -15.0, 0.0], [6.0, 0.0, 0.0], [2.0, 6.0, 0.0], [2.0, -9.0, 0.0], [4.0, 0.0, 0.0], [1.0, 7.0, 0.0], [10.0, -4.0, 0.0], [0.0, 10.0, 0.0], [7.0, -3.0, 0.0], [-1.0, 5.0, 0.0], [5.0, 1.0, 0.0], [-4.0, 9.0, 0.0], [4.0, 5.0, 0.0], [-5.0, 8.0, 0.0], [4.0, 3.0, 0.0], [-6.0, 5.0, 0.0], [-16.0, 5.0, 1.0], [-123.0, -98.0, 0.0], [-29.0, 10.0, 0.0], [-7.0, -25.0, 0.0], [-5.0, -2.0, 0.0], [-5.0, 5.0, 0.0], [-8.0, 24.0, 0.0], [16.0, -6.0, 0.0], [11.0, -9.0, 0.0], [3.0, -7.0, 0.0], [-20.0, 20.0, 0.0], [-3.0, 15.0, 0.0], [14.0, -7.0, 0.0], [19.0, -24.0, 0.0], [-12.0, 10.0, 0.0], [-18.0, 26.0, 0.0], [4.0, 1.0, 0.0], [29.0, -21.0, 0.0], [-18.0, 25.0, 1.0], [36.0, -21.0, 0.0], [-2.0, -22.0, 0.0], [5.0, -17.0, 0.0], [8.0, 17.0, 0.0], [-3.0, 22.0, 1.0], [-40.0, 35.0, 0.0], [-11.0, 0.0, 0.0], [-20.0, 9.0, 0.0], [-9.0, 8.0, 0.0], [2.0, 4.0, 0.0], [60.0, -12.0, 1.0], [153.0, -22.296875, 0.0], [-2.0, 1.0, 0.0], [6.0, 4.0, 0.0], [3.0, -3.0, 1.0], [3.0, -7.0, 0.0], [1.0, 8.0, 0.0], [5.0, -8.0, 0.0], [3.0, 4.0, 0.0], [3.0, -6.0, 0.0], [2.0, 5.0, 0.0], [3.0, -11.0, 0.0], [-4.0, -7.0, 0.0], [-6.0, -2.0, 0.0], [2.0, -4.0, 0.0], [1.0, 3.0, 0.0], [-3.0, 0.0, 0.0], [-19.0, -15.0, 0.0], [-20.0, -10.0, 0.0], [-14.0, 0.0, 0.0], [-6.0, 9.0, 0.0], [6.0, 19.0, 0.0], [36.0, 21.0, 1.0], [-277.0, 303.703125, 0.0], [-5.0, -4.0, 0.0], [-8.0, 4.0, 0.0], [-3.0, 7.0, 0.0], [1.0, 11.0, 0.0], [5.0, 6.0, 0.0], [16.0, -2.0, 0.0], [4.0, -4.0, 0.0], [2.0, -12.0, 0.0], [-4.0, -8.0, 0.0], [-7.0, 4.0, 1.0], [-7.0, 27.0, 0.0], [4.0, 13.0, 0.0], [1.0, 29.0, 0.0], [-7.0, 5.0, 0.0], [-21.0, 41.0, 1.0], [28.0, -41.0, 0.0], [20.0, 23.0, 1.0], [-13.0, -60.0, 0.0], [21.0, 10.0, 0.0], [12.0, 10.0, 1.0], [-48.0, -23.0, 0.0], [-23.0, 26.0, 1.0], [131.0, -45.296875, 0.0], [-3.0, 2.0, 0.0], [1.0, 7.0, 0.0], [8.0, 7.0, 0.0], [10.0, -2.0, 0.0], [6.0, -11.0, 0.0], [0.0, -4.0, 0.0], [-7.0, -6.0, 0.0], [-6.0, 1.0, 0.0], [-9.0, 9.0, 1.0], [12.0, 15.0, 0.0], [1.0, 25.0, 0.0], [-33.0, 51.0, 1.0], [34.0, -43.0, 0.0], [27.0, 39.0, 1.0], [-20.0, -60.0, 0.0], [43.0, 27.0, 1.0], [-60.0, -25.0, 0.0], [-29.0, 24.0, 1.0], [135.0, -48.296875, 0.0], [-5.0, 4.0, 0.0], [2.0, 8.0, 0.0], [7.0, 6.0, 0.0], [10.0, 2.0, 0.0], [8.0, -9.0, 0.0], [2.0, -8.0, 0.0], [-5.0, -6.0, 0.0], [-12.0, 2.0, 1.0], [1.0, 24.0, 0.0], [5.0, 26.0, 0.0], [-33.0, 58.0, 1.0], [37.0, -52.0, 0.0], [24.0, 29.0, 1.0], [-29.0, -49.0, 0.0], [58.0, 20.0, 1.0], [-66.0, -15.0, 0.0], [-20.0, 22.0, 1.0]], "gt_class_names": ["museum", "airplane", "wing", "yoga", "yoga", "yoga"]}