{"img_id": "sceneid-164-userid-100", "img_w": 1100, "img_h": 770, "object_divisions": [0, 4, 9, 12, 13], "scene_strokes": [[139.0, 271.703125, 0.0], [-3.0, 208.0, 0.0], [-3.0, 51.0, 0.0], [-7.0, 50.0, 0.0], [3.0, 4.0, 0.0], [30.0, 0.0, 0.0], [116.0, -12.0, 0.0], [220.0, -1.0, 0.0], [116.0, -4.0, 0.0], [203.0, 11.0, 0.0], [156.0, 1.0, 0.0], [1.0, -69.0, 0.0], [11.0, -104.0, 0.0], [5.0, -141.0, 0.0], [-1.0, -44.0, 0.0], [-11.0, -9.0, 0.0], [-45.0, -4.0, 0.0], [-118.0, 10.0, 0.0], [-295.0, 4.0, 0.0], [-385.0, 11.0, 0.0], [-6.0, 49.0, 0.0], [4.0, 22.0, 1.0], [425.0, -80.0, 0.0], [-3.0, -5.0, 0.0], [-11.0, 4.0, 1.0], [-5.0, 1.0, 0.0], [3.0, 94.0, 0.0], [-7.0, 63.0, 0.0], [-3.0, 129.0, 0.0], [0.0, 44.0, 0.0], [4.0, 29.0, 0.0], [-5.0, -12.0, 1.0], [-9.0, -231.0, 0.0], [-7.0, 0.0, 0.0], [-9.0, 6.0, 0.0], [-14.0, 19.0, 0.0], [-6.0, 22.0, 0.0], [1.0, 19.0, 0.0], [5.0, 12.0, 0.0], [12.0, 14.0, 0.0], [22.0, 10.0, 0.0], [24.0, -2.0, 0.0], [17.0, -9.0, 0.0], [15.0, -20.0, 0.0], [5.0, -25.0, 0.0], [-4.0, -20.0, 0.0], [-14.0, -20.0, 0.0], [-22.0, -13.0, 0.0], [-19.0, -2.0, 0.0], [-14.0, 7.0, 0.0], [-17.0, 26.0, 1.0], [-295.0, -43.296875, 0.0], [-9.0, 0.0, 0.0], [-4.0, 6.0, 0.0], [1.0, 18.0, 0.0], [5.0, 8.0, 0.0], [12.0, 5.0, 0.0], [5.0, -2.0, 0.0], [7.0, -10.0, 0.0], [1.0, -15.0, 0.0], [-3.0, -11.0, 0.0], [-9.0, -6.0, 0.0], [-6.0, 1.0, 0.0], [-2.0, 12.0, 1.0], [5.0, 28.0, 0.0], [4.0, 61.0, 0.0], [49.0, 52.0, 0.0], [10.0, 13.0, 0.0], [1.0, 3.0, 0.0], [-4.0, -3.0, 1.0], [-48.0, -58.0, 0.0], [-2.0, -6.0, 0.0], [-3.0, 1.0, 0.0], [-8.0, 36.0, 0.0], [-1.0, 24.0, 1.0], [5.0, -97.0, 0.0], [50.0, -24.0, 0.0], [3.0, -1.0, 0.0], [-1.0, 3.0, 1.0], [-60.0, 26.0, 0.0], [-28.0, 3.0, 1.0], [256.0, -113.296875, 0.0], [-11.0, 1.0, 0.0], [-12.0, 9.0, 0.0], [-7.0, 15.0, 0.0], [4.0, 8.0, 0.0], [23.0, 5.0, 0.0], [14.0, -5.0, 0.0], [7.0, -7.0, 0.0], [4.0, -14.0, 0.0], [-5.0, -10.0, 0.0], [-7.0, -3.0, 0.0], [-9.0, 1.0, 0.0], [-6.0, 9.0, 1.0], [-8.0, 26.0, 0.0], [-6.0, 64.0, 0.0], [22.0, 113.0, 0.0], [-9.0, -66.0, 0.0], [-7.0, -23.0, 0.0], [-35.0, 72.0, 0.0], [6.0, -7.0, 1.0], [22.0, -95.0, 0.0], [-19.0, -10.0, 0.0], [-25.0, -23.0, 0.0], [-15.0, -30.0, 1.0], [-16.0, -24.296875, 0.0], [-5.0, 0.0, 0.0], [-19.0, 28.0, 0.0], [0.0, 10.0, 0.0], [4.0, 5.0, 0.0], [15.0, 4.0, 0.0], [15.0, -5.0, 0.0], [27.0, -24.0, 0.0], [11.0, -16.0, 0.0], [-2.0, -11.0, 0.0], [-6.0, -3.0, 0.0], [-32.0, 4.0, 0.0], [-15.0, 11.0, 0.0], [-3.0, 8.0, 1.0]], "gt_class_names": ["field", "yoga", "yoga", "frisbee"]}