{"img_id": "sceneid-87-userid-40", "img_w": 1100, "img_h": 770, "object_divisions": [0, 16, 29, 42, 45, 46], "scene_strokes": [[-0.578125, 423.703125, 0.0], [32.0, 0.0, 0.0], [107.0, -16.0, 0.0], [124.0, -13.0, 0.0], [191.0, -3.0, 0.0], [169.0, -7.0, 0.0], [132.0, 2.0, 0.0], [195.0, 9.0, 0.0], [170.0, 16.0, 1.0], [-1122.0, 203.0, 0.0], [13.0, -4.0, 0.0], [20.0, 1.0, 1.0], [77.0, -16.0, 0.0], [11.0, 1.0, 1.0], [39.0, 4.0, 0.0], [21.0, 3.0, 1.0], [47.0, -4.0, 0.0], [13.0, 1.0, 1.0], [90.0, 2.0, 0.0], [10.0, -1.0, 1.0], [47.0, -10.0, 0.0], [12.0, -2.0, 1.0], [64.0, -8.0, 0.0], [7.0, 1.0, 1.0], [49.0, -3.0, 0.0], [15.0, -2.0, 1.0], [51.0, -6.0, 0.0], [17.0, 2.0, 1.0], [61.0, 2.0, 0.0], [14.0, 0.0, 1.0], [60.0, 1.0, 0.0], [26.0, 4.0, 1.0], [45.0, -2.0, 0.0], [24.0, -1.0, 1.0], [62.0, -1.0, 0.0], [17.0, 0.0, 1.0], [79.0, 3.0, 0.0], [11.0, 0.0, 1.0], [74.0, -1.0, 0.0], [15.0, 0.0, 1.0], [-140.578125, -133.296875, 0.0], [5.0, -35.0, 0.0], [-2.0, -47.0, 0.0], [-18.0, -43.0, 0.0], [-21.0, -21.0, 0.0], [-24.0, -14.0, 0.0], [-35.0, -7.0, 0.0], [-42.0, 0.0, 0.0], [-48.0, 12.0, 0.0], [-85.0, 35.0, 0.0], [-8.0, 6.0, 0.0], [-30.0, 39.0, 0.0], [-27.0, 54.0, 0.0], [-6.0, 5.0, 0.0], [-30.0, 12.0, 0.0], [-69.0, 3.0, 0.0], [-15.0, 4.0, 0.0], [-12.0, 15.0, 0.0], [-6.0, 46.0, 0.0], [1.0, 13.0, 0.0], [4.0, 2.0, 0.0], [34.0, 7.0, 0.0], [23.0, 0.0, 0.0], [127.0, -21.0, 0.0], [148.0, -8.0, 0.0], [116.0, -1.0, 0.0], [20.0, -6.0, 0.0], [7.0, -11.0, 0.0], [-8.0, -49.0, 0.0], [2.0, -12.0, 1.0], [-365.0, 99.0, 0.0], [-10.0, 3.0, 0.0], [-12.0, 10.0, 0.0], [-5.0, 10.0, 0.0], [0.0, 9.0, 0.0], [21.0, 6.0, 0.0], [13.0, -1.0, 0.0], [8.0, -4.0, 0.0], [5.0, -15.0, 0.0], [-8.0, -13.0, 0.0], [-14.0, 1.0, 0.0], [-16.0, 13.0, 1.0], [303.0, -37.0, 0.0], [-6.0, -3.0, 0.0], [-17.0, 14.0, 0.0], [-8.0, 14.0, 0.0], [-4.0, 23.0, 0.0], [4.0, 13.0, 0.0], [6.0, 7.0, 0.0], [11.0, 4.0, 0.0], [8.0, -1.0, 0.0], [10.0, -6.0, 0.0], [8.0, -10.0, 0.0], [2.0, -29.0, 0.0], [-7.0, -16.0, 0.0], [-10.0, -5.0, 0.0], [-17.0, 0.0, 1.0], [-251.0, -76.0, 0.0], [2.0, 2.0, 0.0], [56.0, -19.0, 0.0], [33.0, -5.0, 0.0], [56.0, 2.0, 0.0], [61.0, 7.0, 0.0], [110.0, 2.0, 0.0], [51.0, 5.0, 1.0], [-171.0, -135.0, 0.0], [1.0, 51.0, 0.0], [-6.0, 86.0, 1.0], [-21.0, -101.0, 0.0], [-13.0, -2.0, 0.0], [-19.0, 3.0, 0.0], [-21.0, 7.0, 0.0], [-29.0, 16.0, 0.0], [-24.0, 23.0, 0.0], [-15.0, 27.0, 0.0], [12.0, 2.0, 0.0], [49.0, -9.0, 0.0], [66.0, -6.0, 0.0], [0.0, -24.0, 0.0], [-7.0, -32.0, 0.0], [-6.0, -13.0, 1.0], [-9.0, 7.0, 0.0], [-7.0, 2.0, 0.0], [-46.0, 34.0, 0.0], [27.0, -23.0, 0.0], [-50.0, 35.0, 0.0], [29.0, -27.0, 0.0], [-42.0, 29.0, 0.0], [32.0, -31.0, 0.0], [-34.0, 33.0, 0.0], [32.0, -24.0, 0.0], [-35.0, 38.0, 0.0], [40.0, -32.0, 0.0], [-36.0, 38.0, 0.0], [52.0, -44.0, 0.0], [-48.0, 46.0, 0.0], [54.0, -48.0, 0.0], [-45.0, 44.0, 0.0], [64.0, -58.0, 0.0], [-53.0, 53.0, 0.0], [61.0, -54.0, 0.0], [-12.0, 16.0, 0.0], [-39.0, 38.0, 0.0], [52.0, -45.0, 0.0], [-47.0, 50.0, 0.0], [56.0, -50.0, 0.0], [-46.0, 47.0, 0.0], [47.0, -42.0, 0.0], [-34.0, 38.0, 0.0], [39.0, -33.0, 0.0], [-23.0, 29.0, 0.0], [31.0, -22.0, 0.0], [-9.0, 22.0, 0.0], [5.0, -2.0, 1.0], [63.0, -49.0, 0.0], [-2.0, 55.0, 1.0], [-1.0, -56.0, 0.0], [37.0, -8.0, 0.0], [36.0, 3.0, 0.0], [16.0, 15.0, 0.0], [6.0, 13.0, 0.0], [4.0, 11.0, 0.0], [1.0, 25.0, 0.0], [-13.0, 3.0, 0.0], [-49.0, -8.0, 0.0], [-37.0, 2.0, 0.0], [-16.0, -4.0, 1.0], [44.0, -50.0, 0.0], [-6.0, 1.0, 0.0], [-13.0, 10.0, 0.0], [26.0, -23.0, 0.0], [-33.0, 34.0, 0.0], [32.0, -20.0, 0.0], [-34.0, 33.0, 0.0], [46.0, -28.0, 0.0], [-10.0, 14.0, 0.0], [-24.0, 23.0, 0.0], [34.0, -28.0, 0.0], [13.0, -8.0, 0.0], [4.0, 1.0, 0.0], [-49.0, 45.0, 0.0], [36.0, -30.0, 0.0], [15.0, -7.0, 0.0], [-33.0, 32.0, 0.0], [47.0, -35.0, 0.0], [-28.0, 32.0, 0.0], [32.0, -22.0, 0.0], [-14.0, 16.0, 0.0], [20.0, -12.0, 0.0], [-18.0, 22.0, 0.0], [20.0, -9.0, 0.0], [3.0, 10.0, 0.0], [-2.0, 1.0, 1.0], [-82.0, 59.0, 0.0], [10.0, 10.0, 0.0], [11.0, -2.0, 0.0], [3.0, -4.0, 1.0], [-209.0, -5.0, 0.0], [9.0, 7.0, 0.0], [8.0, 1.0, 0.0], [17.0, -11.0, 1.0], [-179.0, 1.0, 0.0], [4.0, 3.0, 0.0], [3.0, 10.0, 0.0], [-1.0, 24.0, 0.0], [-47.0, 6.0, 1.0], [325.421875, -409.296875, 0.0], [4.0, 36.0, 0.0], [-4.0, 108.0, 0.0], [2.0, 59.0, 1.0], [-1.0, -201.0, 0.0], [-12.0, -5.0, 0.0], [-17.0, 1.0, 0.0], [-26.0, 11.0, 0.0], [-37.0, 23.0, 1.0], [0.0, -1.0, 0.0], [-1.0, 3.0, 0.0], [-1.0, -2.0, 0.0], [-3.0, -17.0, 0.0], [0.0, -7.0, 0.0], [4.0, -4.0, 0.0], [37.0, -19.0, 0.0], [34.0, -10.0, 0.0], [35.0, -5.0, 0.0], [35.0, 1.0, 0.0], [54.0, 11.0, 0.0], [9.0, 17.0, 0.0], [2.0, 27.0, 0.0], [-23.0, -12.0, 0.0], [-20.0, -6.0, 0.0], [-34.0, 0.0, 0.0], [-5.0, 3.0, 1.0], [-2.0, -1.0, 0.0], [1.0, 130.0, 0.0], [-4.0, 66.0, 1.0], [-94.0, -189.0, 0.0], [3.0, 9.0, 0.0], [-3.0, 8.0, 0.0], [-22.0, 5.0, 0.0], [-3.0, -3.0, 0.0], [1.0, -7.0, 1.0], [-2.0, 20.0, 0.0], [-7.0, 32.0, 0.0], [-11.0, 31.0, 0.0], [-9.0, 65.0, 1.0], [1.0, -35.0, 0.0], [-10.0, 40.0, 1.0], [54.0, -130.0, 0.0], [-10.0, 63.0, 0.0], [1.0, 27.0, 1.0], [33.0, -95.0, 0.0], [32.0, 113.0, 1.0], [110.0, -145.0, 0.0], [-6.0, -1.0, 0.0], [-3.0, 5.0, 0.0], [-2.0, 11.0, 0.0], [3.0, 2.0, 0.0], [28.0, 7.0, 0.0], [2.0, -5.0, 0.0], [-4.0, -9.0, 1.0], [-30.0, 11.0, 0.0], [-31.0, 62.0, 0.0], [-2.0, 16.0, 1.0], [45.0, -48.0, 0.0], [-15.0, 82.0, 1.0], [31.0, -104.0, 0.0], [20.0, 95.0, 1.0], [-681.578125, 111.703125, 0.0], [8.0, 12.0, 0.0], [-5.0, -56.0, 0.0], [-2.0, -105.0, 0.0], [-17.0, -11.0, 0.0], [-14.0, -3.0, 0.0], [-18.0, 1.0, 0.0], [-29.0, 13.0, 0.0], [-19.0, 18.0, 0.0], [-6.0, 10.0, 0.0], [-14.0, -46.0, 0.0], [20.0, -14.0, 0.0], [40.0, -20.0, 0.0], [60.0, -20.0, 0.0], [45.0, -8.0, 0.0], [35.0, 2.0, 0.0], [26.0, 9.0, 0.0], [16.0, 12.0, 0.0], [24.0, 34.0, 0.0], [7.0, 22.0, 0.0], [-92.0, -13.0, 0.0], [-18.0, 2.0, 0.0], [-10.0, 10.0, 0.0], [9.0, 119.0, 0.0], [1.0, 97.0, 0.0], [6.0, 34.0, 1.0], [-145.0, -246.0, 0.0], [7.0, 27.0, 0.0], [7.0, 8.0, 0.0], [14.0, 2.0, 0.0], [11.0, -9.0, 0.0], [2.0, -12.0, 0.0], [-5.0, -20.0, 0.0], [-9.0, -8.0, 1.0], [171.0, 6.0, 0.0], [5.0, -2.0, 0.0], [2.0, 23.0, 0.0], [18.0, 14.0, 0.0], [4.0, 0.0, 0.0], [7.0, -7.0, 0.0], [1.0, -19.0, 0.0], [-4.0, -7.0, 1.0], [125.421875, 6.703125, 0.0], [2.0, -27.0, 0.0], [9.0, -20.0, 0.0], [5.0, -3.0, 0.0], [7.0, 2.0, 0.0], [13.0, 19.0, 0.0], [4.0, -23.0, 0.0], [6.0, -13.0, 0.0], [8.0, -7.0, 0.0], [13.0, -3.0, 0.0], [9.0, 5.0, 0.0], [12.0, 14.0, 0.0], [22.0, 39.0, 1.0]], "gt_class_names": ["road", "car", "streetlight", "streetlight", "bird"]}