{"img_id": "sceneid-100-userid-63", "img_w": 1100, "img_h": 770, "object_divisions": [0, 3, 6, 9, 10, 13, 16, 19, 22, 27, 31, 36, 42, 47, 53, 55], "scene_strokes": [[755.421875, 302.703125, 0.0], [18.0, 208.0, 1.0], [17.0, -146.0, 0.0], [8.0, 112.0, 1.0], [-5.0, -150.0, 0.0], [21.0, 7.0, 0.0], [6.0, 0.0, 0.0], [5.0, -4.0, 0.0], [11.0, -17.0, 0.0], [1.0, -27.0, 0.0], [-16.0, -29.0, 0.0], [-16.0, -7.0, 0.0], [-15.0, 3.0, 0.0], [-35.0, -40.0, 0.0], [-14.0, -6.0, 0.0], [-14.0, 3.0, 0.0], [-6.0, 8.0, 0.0], [-9.0, 28.0, 0.0], [-39.0, 2.0, 0.0], [-11.0, 12.0, 0.0], [-5.0, 40.0, 0.0], [3.0, 19.0, 0.0], [14.0, 35.0, 0.0], [10.0, 14.0, 0.0], [16.0, 14.0, 0.0], [23.0, 10.0, 0.0], [25.0, 4.0, 1.0], [90.421875, -12.296875, 0.0], [1.0, 43.0, 0.0], [7.0, 51.0, 1.0], [11.0, -69.0, 0.0], [5.0, 48.0, 1.0], [0.0, -45.0, 0.0], [26.0, -3.0, 0.0], [11.0, -10.0, 0.0], [5.0, -14.0, 0.0], [0.0, -14.0, 0.0], [-7.0, -23.0, 0.0], [-5.0, -8.0, 0.0], [-13.0, -10.0, 0.0], [-15.0, -2.0, 0.0], [-7.0, 14.0, 0.0], [-10.0, -16.0, 0.0], [-14.0, -10.0, 0.0], [-15.0, -2.0, 0.0], [-11.0, 5.0, 0.0], [-10.0, 23.0, 0.0], [1.0, 18.0, 0.0], [8.0, 30.0, 0.0], [-3.0, 3.0, 1.0], [108.421875, -135.296875, 0.0], [-3.0, 51.0, 1.0], [17.0, -34.0, 0.0], [2.0, 29.0, 1.0], [9.0, -50.0, 0.0], [12.0, -8.0, 0.0], [5.0, -8.0, 0.0], [3.0, -16.0, 0.0], [-5.0, -25.0, 0.0], [-9.0, -14.0, 0.0], [-8.0, -6.0, 0.0], [-8.0, -4.0, 0.0], [-17.0, 0.0, 0.0], [-16.0, 10.0, 0.0], [-10.0, 13.0, 0.0], [-6.0, 2.0, 0.0], [-28.0, -12.0, 0.0], [-12.0, 6.0, 0.0], [-3.0, 17.0, 0.0], [1.0, 18.0, 0.0], [11.0, 36.0, 0.0], [7.0, 11.0, 0.0], [2.0, 1.0, 0.0], [0.0, -3.0, 0.0], [-4.0, -5.0, 0.0], [-3.0, 1.0, 0.0], [3.0, 17.0, 0.0], [8.0, 13.0, 0.0], [14.0, 9.0, 0.0], [25.0, -7.0, 1.0], [66.421875, -56.296875, 0.0], [7.0, -11.0, 0.0], [16.0, -13.0, 0.0], [21.0, -5.0, 0.0], [8.0, 3.0, 0.0], [8.0, 8.0, 0.0], [4.0, 27.0, 0.0], [18.0, -8.0, 0.0], [17.0, 5.0, 0.0], [8.0, 9.0, 0.0], [9.0, 24.0, 1.0], [-115.578125, 77.703125, 0.0], [1.0, 94.0, 1.0], [12.0, -64.0, 0.0], [4.0, 57.0, 1.0], [8.0, -59.0, 0.0], [24.0, 1.0, 0.0], [14.0, -17.0, 0.0], [-1.0, -32.0, 0.0], [-3.0, -9.0, 0.0], [-13.0, -14.0, 0.0], [-6.0, -2.0, 0.0], [-11.0, 4.0, 0.0], [-6.0, 11.0, 0.0], [-32.0, -18.0, 0.0], [-7.0, 0.0, 0.0], [-15.0, 7.0, 0.0], [-9.0, 15.0, 0.0], [1.0, 25.0, 0.0], [7.0, 14.0, 0.0], [12.0, -6.0, 1.0], [105.421875, 146.703125, 0.0], [3.0, 50.0, 1.0], [14.0, -52.0, 0.0], [6.0, 40.0, 1.0], [-1.0, -40.0, 0.0], [18.0, -12.0, 0.0], [11.0, -21.0, 0.0], [4.0, -27.0, 0.0], [-4.0, -21.0, 0.0], [-4.0, -6.0, 0.0], [-14.0, -8.0, 0.0], [-14.0, 8.0, 0.0], [-6.0, 12.0, 0.0], [-28.0, -30.0, 0.0], [-7.0, -3.0, 0.0], [-5.0, 1.0, 0.0], [-11.0, 13.0, 0.0], [-7.0, 19.0, 0.0], [-5.0, 61.0, 0.0], [8.0, 15.0, 0.0], [11.0, 9.0, 0.0], [8.0, 0.0, 0.0], [12.0, -12.0, 1.0], [-446.578125, -200.296875, 0.0], [1.0, 79.0, 1.0], [12.0, -61.0, 0.0], [-1.0, 14.0, 1.0], [25.0, -40.0, 0.0], [21.0, -23.0, 0.0], [6.0, -14.0, 0.0], [0.0, -30.0, 0.0], [-3.0, -12.0, 0.0], [-12.0, -19.0, 0.0], [-13.0, -7.0, 0.0], [-18.0, -2.0, 0.0], [-16.0, 9.0, 0.0], [-8.0, 19.0, 0.0], [-42.0, -38.0, 0.0], [-11.0, -6.0, 0.0], [-25.0, -4.0, 0.0], [-12.0, 7.0, 0.0], [-11.0, 20.0, 0.0], [-1.0, 34.0, 0.0], [7.0, 34.0, 0.0], [14.0, 27.0, 0.0], [7.0, 2.0, 0.0], [0.0, -9.0, 0.0], [-3.0, 0.0, 0.0], [1.0, 8.0, 0.0], [11.0, 16.0, 0.0], [31.0, 20.0, 1.0], [-148.578125, 24.703125, 0.0], [8.0, -26.0, 0.0], [-5.0, -27.0, 0.0], [-8.0, -16.0, 0.0], [-15.0, -14.0, 0.0], [-24.0, -5.0, 0.0], [-6.0, 3.0, 0.0], [-6.0, 6.0, 0.0], [-1.0, 6.0, 0.0], [5.0, 16.0, 0.0], [-10.0, -20.0, 0.0], [-29.0, -26.0, 0.0], [-32.0, -10.0, 0.0], [-17.0, 1.0, 0.0], [-11.0, 4.0, 0.0], [-9.0, 5.0, 0.0], [-10.0, 13.0, 0.0], [-6.0, 23.0, 0.0], [1.0, 21.0, 0.0], [9.0, 29.0, 0.0], [14.0, 25.0, 0.0], [7.0, 5.0, 0.0], [-7.0, -10.0, 0.0], [-14.0, -9.0, 0.0], [-1.0, 8.0, 0.0], [6.0, 16.0, 0.0], [15.0, 24.0, 0.0], [14.0, 14.0, 0.0], [19.0, 8.0, 0.0], [29.0, -3.0, 0.0], [5.0, -5.0, 0.0], [4.0, -17.0, 1.0], [-1.0, -1.0, 0.0], [17.0, 70.0, 1.0], [3.0, -70.0, 0.0], [-1.0, 35.0, 0.0], [3.0, 15.0, 1.0], [206.421875, -94.296875, 0.0], [-11.0, -25.0, 0.0], [-19.0, -16.0, 0.0], [-7.0, -1.0, 0.0], [-17.0, 9.0, 0.0], [-11.0, 16.0, 0.0], [-3.0, 12.0, 0.0], [-18.0, -20.0, 0.0], [-16.0, -12.0, 0.0], [-18.0, 0.0, 0.0], [-7.0, 3.0, 0.0], [-6.0, 5.0, 0.0], [-9.0, 20.0, 0.0], [0.0, 22.0, 0.0], [4.0, 18.0, 0.0], [10.0, 26.0, 0.0], [8.0, 12.0, 0.0], [11.0, 3.0, 0.0], [9.0, -5.0, 1.0], [106.0, 3.0, 0.0], [4.0, 15.0, 0.0], [-4.0, 12.0, 0.0], [-7.0, 9.0, 0.0], [-14.0, 6.0, 0.0], [-27.0, -5.0, 1.0], [-35.0, 16.0, 0.0], [-1.0, 43.0, 1.0], [6.0, -24.0, 0.0], [-2.0, 4.0, 1.0], [27.0, -24.0, 0.0], [0.0, 30.0, 1.0], [-331.578125, -176.296875, 0.0], [5.0, 42.0, 1.0], [22.0, -69.0, 0.0], [6.0, -3.0, 0.0], [3.0, -8.0, 0.0], [-3.0, -18.0, 0.0], [-4.0, -8.0, 0.0], [-7.0, -5.0, 0.0], [-8.0, 4.0, 0.0], [9.0, 48.0, 0.0], [2.0, 48.0, 1.0], [-8.0, -33.0, 0.0], [-2.0, 12.0, 1.0], [10.0, -60.0, 0.0], [11.0, -1.0, 0.0], [7.0, -14.0, 0.0], [1.0, -10.0, 0.0], [-6.0, -24.0, 0.0], [-12.0, -14.0, 0.0], [-10.0, -5.0, 0.0], [-11.0, 2.0, 0.0], [-7.0, 11.0, 0.0], [-3.0, 16.0, 0.0], [-22.0, -3.0, 0.0], [-16.0, 5.0, 0.0], [-9.0, 16.0, 0.0], [4.0, 37.0, 0.0], [-2.0, 11.0, 0.0], [-24.0, 15.0, 0.0], [-2.0, 10.0, 0.0], [11.0, 11.0, 0.0], [13.0, 6.0, 0.0], [17.0, -1.0, 0.0], [12.0, -10.0, 1.0], [496.421875, 318.703125, 0.0], [5.0, 96.0, 1.0], [0.0, -93.0, 0.0], [27.0, -13.0, 0.0], [6.0, -10.0, 0.0], [-1.0, -8.0, 0.0], [-8.0, -10.0, 0.0], [-24.0, -6.0, 0.0], [-17.0, 0.0, 0.0], [-14.0, 4.0, 0.0], [-7.0, 7.0, 0.0], [-2.0, 11.0, 0.0], [3.0, 7.0, 0.0], [14.0, 11.0, 0.0], [27.0, 7.0, 1.0], [4.0, 0.0, 0.0], [21.0, 10.0, 0.0], [27.0, 20.0, 0.0], [15.0, 18.0, 0.0], [5.0, 17.0, 0.0], [-11.0, -1.0, 0.0], [-19.0, -9.0, 0.0], [-28.0, -20.0, 0.0], [-21.0, -23.0, 0.0], [-5.0, -8.0, 0.0], [0.0, -7.0, 0.0], [-11.0, 25.0, 0.0], [-21.0, 23.0, 0.0], [-33.0, 24.0, 0.0], [-16.0, 6.0, 0.0], [16.0, -33.0, 0.0], [52.0, -45.0, 0.0], [6.0, 3.0, 0.0], [-13.0, 73.0, 0.0], [9.0, 4.0, 0.0], [30.0, -6.0, 0.0], [-5.0, -25.0, 0.0], [-15.0, -36.0, 1.0], [35.0, -5.0, 0.0], [51.0, 22.0, 0.0], [40.0, 8.0, 0.0], [8.0, -3.0, 0.0], [3.0, -5.0, 0.0], [0.0, -36.0, 0.0], [-4.0, -7.0, 0.0], [-8.0, -3.0, 0.0], [-86.0, -5.0, 0.0], [-12.0, 3.0, 1.0], [21.0, -4.0, 0.0], [79.0, -19.0, 0.0], [2.0, -8.0, 0.0], [-15.0, -37.0, 0.0], [-90.0, 48.0, 0.0], [25.0, -18.0, 0.0], [9.0, -12.0, 0.0], [3.0, -10.0, 0.0], [-49.0, 1.0, 0.0], [-4.0, 4.0, 0.0], [-3.0, 23.0, 0.0], [-8.0, 9.0, 0.0], [-13.0, -22.0, 0.0], [-10.0, -6.0, 0.0], [0.0, 18.0, 0.0], [-3.0, 8.0, 0.0], [-24.0, -22.0, 0.0], [-17.0, -8.0, 0.0], [-25.0, -5.0, 0.0], [8.0, 14.0, 0.0], [-1.0, 22.0, 0.0], [23.0, 2.0, 0.0], [27.0, 14.0, 0.0], [-14.0, 0.0, 0.0], [-32.0, -9.0, 0.0], [-16.0, 0.0, 0.0], [-12.0, 5.0, 0.0], [-3.0, 5.0, 0.0], [0.0, 14.0, 0.0], [6.0, 21.0, 0.0], [26.0, 0.0, 0.0], [58.0, -20.0, 0.0], [-19.0, -1.0, 0.0], [-31.0, 4.0, 0.0], [-20.0, 5.0, 0.0], [-26.0, 12.0, 0.0], [-5.0, 6.0, 0.0], [0.0, 10.0, 0.0], [6.0, 15.0, 0.0], [1.0, 17.0, 0.0], [3.0, 5.0, 0.0], [9.0, 2.0, 0.0], [23.0, -13.0, 0.0], [19.0, -4.0, 1.0], [315.421875, -71.296875, 0.0], [-11.0, -14.0, 0.0], [-16.0, -4.0, 0.0], [-16.0, 7.0, 0.0], [-6.0, 6.0, 0.0], [-1.0, 16.0, 0.0], [9.0, 6.0, 0.0], [31.0, -5.0, 0.0], [8.0, -7.0, 0.0], [-1.0, -11.0, 1.0], [-27.0, -14.0, 0.0], [-8.0, -14.0, 0.0], [-1.0, -11.0, 0.0], [3.0, -4.0, 0.0], [5.0, 2.0, 0.0], [4.0, 10.0, 0.0], [-4.0, 20.0, 0.0], [8.0, -19.0, 0.0], [12.0, -3.0, 0.0], [5.0, 5.0, 0.0], [-3.0, 12.0, 0.0], [-18.0, 14.0, 1.0], [5.0, -1.0, 0.0], [1.0, 18.0, 1.0], [-12.0, -22.0, 0.0], [2.0, 16.0, 0.0], [-5.0, 7.0, 1.0], [-6.0, -15.0, 0.0], [1.0, 14.0, 0.0], [-4.0, 7.0, 1.0], [32.0, -21.0, 0.0], [3.0, 2.0, 0.0], [1.0, 8.0, 0.0], [-5.0, 7.0, 1.0], [-229.578125, 110.703125, 0.0], [4.0, -8.0, 0.0], [6.0, 40.0, 1.0], [-10.0, -34.0, 0.0], [-46.0, -15.0, 0.0], [-36.0, -2.0, 0.0], [-18.0, 10.0, 0.0], [-6.0, 9.0, 0.0], [-1.0, 12.0, 0.0], [7.0, 8.0, 0.0], [21.0, 7.0, 0.0], [89.0, -2.0, 1.0], [-22.0, -28.0, 0.0], [-18.0, 