{"img_id": "sceneid-144-userid-65", "img_w": 1100, "img_h": 770, "object_divisions": [0, 9, 13, 14, 18, 24, 37], "scene_strokes": [[283.421875, 313.703125, 0.0], [-65.0, 107.0, 0.0], [-74.0, 104.0, 0.0], [1.0, 84.0, 0.0], [4.0, 23.0, 0.0], [0.0, 46.0, 0.0], [-3.0, 13.0, 0.0], [-1.0, -3.0, 1.0], [-3.0, -163.0, 0.0], [55.0, 5.0, 0.0], [93.0, 0.0, 0.0], [78.0, 8.0, 0.0], [9.0, -13.0, 0.0], [13.0, -33.0, 0.0], [63.0, -190.0, 1.0], [-92.0, 237.0, 0.0], [8.0, 57.0, 0.0], [1.0, 48.0, 0.0], [4.0, 10.0, 0.0], [-4.0, 8.0, 0.0], [-7.0, 4.0, 0.0], [-36.0, 7.0, 0.0], [-184.0, 13.0, 1.0], [136.0, -380.0, 0.0], [33.0, -5.0, 0.0], [40.0, -1.0, 0.0], [73.0, 7.0, 0.0], [21.0, 7.0, 0.0], [5.0, -2.0, 1.0], [-124.0, 8.0, 0.0], [-9.0, -1.0, 0.0], [-7.0, 3.0, 0.0], [-5.0, 13.0, 0.0], [0.0, 19.0, 0.0], [47.0, 23.0, 0.0], [20.0, 4.0, 0.0], [37.0, -1.0, 0.0], [3.0, -53.0, 0.0], [-4.0, -6.0, 0.0], [-6.0, -4.0, 0.0], [-17.0, -3.0, 0.0], [-46.0, -1.0, 1.0], [-97.0, 67.0, 0.0], [1.0, 0.0, 1.0], [4.0, -1.0, 0.0], [50.0, 1.0, 0.0], [64.0, 18.0, 0.0], [47.0, 5.0, 0.0], [6.0, 4.0, 0.0], [6.0, 13.0, 0.0], [11.0, 76.0, 0.0], [2.0, 44.0, 0.0], [-40.0, 69.0, 0.0], [-25.0, 57.0, 1.0], [73.0, -353.0, 0.0], [7.0, 1.0, 0.0], [10.0, 13.0, 0.0], [15.0, 71.0, 0.0], [-34.0, 59.0, 0.0], [-15.0, 33.0, 1.0], [-139.0, -193.0, 0.0], [-6.0, -26.0, 0.0], [2.0, -84.0, 0.0], [45.0, -5.0, 0.0], [138.0, 4.0, 0.0], [8.0, 38.0, 0.0], [7.0, 71.0, 0.0], [-5.0, 119.0, 1.0], [137.421875, -223.296875, 0.0], [-7.0, 74.0, 0.0], [48.0, 3.0, 0.0], [11.0, -43.0, 0.0], [4.0, -44.0, 0.0], [-22.0, -6.0, 0.0], [-30.0, 1.0, 0.0], [-10.0, 4.0, 1.0], [19.0, 84.0, 0.0], [4.0, 9.0, 0.0], [-2.0, 5.0, 1.0], [4.0, -10.0, 0.0], [3.0, 11.0, 1.0], [-8.0, -1.0, 0.0], [-16.0, 2.0, 0.0], [4.0, 12.0, 0.0], [25.0, 0.0, 0.0], [-1.0, -11.0, 1.0], [-59.578125, 13.703125, 0.0], [-1.0, 31.0, 0.0], [79.0, 5.0, 0.0], [8.0, -9.0, 0.0], [0.0, -18.0, 0.0], [-80.0, 0.0, 1.0], [65.421875, -34.296875, 0.0], [12.0, 1.0, 0.0], [10.0, 6.0, 0.0], [14.0, 17.0, 0.0], [4.0, 15.0, 1.0], [-2.0, -1.0, 0.0], [-6.0, 6.0, 0.0], [-2.0, 10.0, 0.0], [6.0, 10.0, 0.0], [7.0, 0.0, 0.0], [8.0, -7.0, 0.0], [1.0, -12.0, 0.0], [-10.0, -13.0, 0.0], [-7.0, 1.0, 0.0], [-3.0, 7.0, 1.0], [3.0, 0.0, 0.0], [1.0, 7.0, 1.0], [-2.0, 1.0, 0.0], [21.0, -3.0, 1.0], [2.421875, 31.703125, 0.0], [1.0, 22.0, 1.0], [-28.0, 9.0, 0.0], [-1.0, 67.0, 0.0], [43.0, -3.0, 0.0], [-6.0, -74.0, 0.0], [-34.0, -6.0, 0.0], [-9.0, 0.0, 0.0], [3.0, 2.0, 1.0], [0.0, 1.0, 0.0], [17.0, -19.0, 0.0], [8.0, -4.0, 1.0], [13.0, 25.0, 0.0], [15.0, -23.0, 0.0], [3.0, 88.0, 0.0], [-11.0, 14.0, 1.0], [-21.0, -101.0, 0.0], [23.0, 0.0, 1.0], [-33.0, 43.0, 0.0], [-2.0, 2.0, 1.0], [-367.578125, 45.703125, 0.0], [15.0, 13.0, 0.0], [5.0, 14.0, 0.0], [-2.0, 7.0, 0.0], [-17.0, 2.0, 0.0], [-10.0, -6.0, 0.0], [-4.0, -9.0, 0.0], [-1.0, 18.0, 0.0], [-2.0, 6.0, 0.0], [-6.0, 4.0, 0.0], [-7.0, -16.0, 0.0], [2.0, -15.0, 1.0], [22.0, -13.0, 0.0], [11.0, -3.0, 0.0], [-4.0, -10.0, 0.0], [-13.0, 0.0, 0.0], [-8.0, 5.0, 0.0], [-10.0, 18.0, 0.0], [0.0, 13.0, 1.0], [23.0, -14.0, 0.0], [1.0, -3.0, 0.0], [-1.0, 3.0, 1.0], [-1.0, 9.0, 0.0], [2.0, 2.0, 1.0], [2.0, 10.0, 0.0], [0.0, 5.0, 0.0], [-4.0, 3.0, 1.0], [-27.0, -3.0, 0.0], [-21.0, -4.0, 0.0], [-33.0, 13.0, 0.0], [1.0, 19.0, 0.0], [13.0, 2.0, 0.0], [28.0, -8.0, 0.0], [1.0, 2.0, 0.0], [-12.0, 8.0, 1.0], [11.0, -4.0, 0.0], [18.0, 5.0, 0.0], [14.0, 0.0, 0.0], [30.0, -14.0, 0.0], [2.0, -7.0, 0.0], [-4.0, -16.0, 1.0], [-9.0, -11.0, 0.0], [4.0, -1.0, 0.0], [2.0, -7.0, 1.0], [-20.0, 3.0, 0.0], [-1.0, -3.0, 0.0], [0.0, 4.0, 1.0], [-44.0, 41.0, 0.0], [-19.0, 3.0, 0.0], [-3.0, 8.0, 0.0], [4.0, 4.0, 0.0], [12.0, 1.0, 0.0], [16.0, -10.0, 1.0], [4.0, 1.0, 0.0], [-7.0, 2.0, 0.0], [-7.0, 11.0, 0.0], [22.0, -13.0, 1.0], [19.0, -2.0, 0.0], [-7.0, 6.0, 0.0], [-6.0, 14.0, 0.0], [4.0, -1.0, 0.0], [10.0, -13.0, 0.0], [2.0, -7.0, 0.0], [-5.0, 0.0, 1.0], [9.0, -1.0, 0.0], [-5.0, 5.0, 0.0], [-4.0, 12.0, 0.0], [9.0, -4.0, 0.0], [10.0, -15.0, 0.0], [0.0, -4.0, 0.0], [-3.0, 1.0, 0.0], [-4.0, 8.0, 1.0]], "gt_class_names": ["bed", "computer", "keyboard", "mouse", "computer case", "dog"]}