{"img_id": "sceneid-86-userid-42", "img_w": 1100, "img_h": 770, "object_divisions": [0, 3, 6, 7, 11, 16, 19], "scene_strokes": [[199.421875, 513.703125, 0.0], [24.0, -208.0, 0.0], [8.0, -47.0, 0.0], [2.0, -6.0, 0.0], [1.0, 7.0, 1.0], [53.0, 222.0, 0.0], [7.0, -82.0, 0.0], [19.0, -120.0, 1.0], [-105.0, 46.0, 0.0], [-21.0, -13.0, 0.0], [-9.0, -12.0, 0.0], [-9.0, -26.0, 0.0], [-2.0, -17.0, 0.0], [4.0, -42.0, 0.0], [21.0, -40.0, 0.0], [23.0, -23.0, 0.0], [10.0, -6.0, 0.0], [23.0, -4.0, 0.0], [16.0, -23.0, 0.0], [26.0, -20.0, 0.0], [26.0, -10.0, 0.0], [15.0, -1.0, 0.0], [14.0, 2.0, 0.0], [15.0, 8.0, 0.0], [10.0, 11.0, 0.0], [-1.0, 20.0, 0.0], [5.0, 11.0, 0.0], [27.0, 28.0, 0.0], [8.0, 11.0, 0.0], [7.0, 18.0, 0.0], [-1.0, 26.0, 0.0], [-10.0, 37.0, 0.0], [5.0, 22.0, 0.0], [18.0, 37.0, 0.0], [-8.0, 26.0, 0.0], [-23.0, 25.0, 0.0], [-36.0, 19.0, 0.0], [-26.0, 6.0, 1.0], [571.421875, -20.296875, 0.0], [8.0, 196.0, 0.0], [4.0, 33.0, 0.0], [4.0, 6.0, 1.0], [59.0, -238.0, 0.0], [-4.0, 213.0, 1.0], [-84.0, -174.0, 0.0], [-11.0, 1.0, 0.0], [-11.0, -9.0, 0.0], [-8.0, -13.0, 0.0], [-13.0, -57.0, 0.0], [-1.0, -19.0, 0.0], [4.0, -22.0, 0.0], [24.0, -37.0, 0.0], [-4.0, -48.0, 0.0], [5.0, -21.0, 0.0], [18.0, -24.0, 0.0], [13.0, -9.0, 0.0], [20.0, -6.0, 0.0], [13.0, 0.0, 0.0], [25.0, 11.0, 0.0], [12.0, 13.0, 0.0], [16.0, 1.0, 0.0], [24.0, 8.0, 0.0], [18.0, 15.0, 0.0], [8.0, 16.0, 0.0], [3.0, 19.0, 0.0], [-2.0, 63.0, 0.0], [17.0, 71.0, 0.0], [0.0, 33.0, 0.0], [-9.0, 15.0, 0.0], [-25.0, 20.0, 0.0], [-22.0, 10.0, 0.0], [-12.0, 2.0, 1.0], [-975.578125, 45.703125, 0.0], [43.0, 2.0, 0.0], [250.0, -15.0, 0.0], [101.0, 1.0, 0.0], [185.0, 9.0, 0.0], [211.0, -2.0, 0.0], [266.0, 16.0, 0.0], [14.0, 2.0, 0.0], [13.0, 7.0, 1.0], [-570.578125, 103.703125, 0.0], [13.0, 3.0, 0.0], [10.0, -2.0, 0.0], [7.0, -6.0, 0.0], [1.0, -6.0, 0.0], [-4.0, -3.0, 0.0], [-24.0, 8.0, 1.0], [-6.0, -17.0, 0.0], [3.0, -19.0, 0.0], [5.0, -10.0, 0.0], [7.0, -7.0, 0.0], [15.0, -7.0, 0.0], [7.0, 3.0, 0.0], [5.0, 10.0, 0.0], [1.0, 8.0, 0.0], [-6.0, 30.0, 0.0], [12.0, -13.0, 0.0], [12.0, -5.0, 0.0], [9.0, 0.0, 0.0], [10.0, 7.0, 0.0], [8.0, 15.0, 0.0], [0.0, 11.0, 0.0], [-9.0, 20.0, 0.0], [-15.0, 10.0, 0.0], [-14.0, -1.0, 0.0], [6.0, 2.0, 0.0], [2.0, 5.0, 0.0], [-3.0, 17.0, 0.0], [-12.0, 13.0, 0.0], [-16.0, 5.0, 0.0], [-20.0, -2.0, 0.0], [-13.0, -13.0, 0.0], [-1.0, -21.0, 0.0], [6.0, -13.0, 0.0], [10.0, -5.0, 0.0], [4.0, 3.0, 0.0], [-4.0, 12.0, 0.0], [-9.0, 8.0, 0.0], [-15.0, 4.0, 0.0], [-18.0, -2.0, 0.0], [-14.0, -9.0, 0.0], [-2.0, -5.0, 0.0], [1.0, -18.0, 0.0], [15.0, -19.0, 0.0], [15.0, -5.0, 0.0], [19.0, 4.0, 1.0], [21.0, 78.0, 0.0], [2.0, 89.0, 1.0], [-1.0, -49.0, 0.0], [18.0, -18.0, 0.0], [12.0, -7.0, 0.0], [37.0, 2.0, 0.0], [16.0, -15.0, 0.0], [-2.0, 20.0, 0.0], [-11.0, 17.0, 0.0], [-25.0, 16.0, 0.0], [-17.0, 7.0, 0.0], [-28.0, 3.0, 1.0], [-37.578125, -168.296875, 0.0], [-2.0, 1.0, 1.0], [0.0, -2.0, 0.0], [-5.0, -8.0, 0.0], [-12.0, -6.0, 0.0], [-14.0, 4.0, 0.0], [16.0, 22.0, 0.0], [8.0, 1.0, 0.0], [1.0, 25.0, 0.0], [6.0, 11.0, 0.0], [5.0, 1.0, 0.0], [4.0, -4.0, 0.0], [3.0, -34.0, 1.0], [-9.0, -13.0, 0.0], [3.0, -15.0, 0.0], [9.0, -16.0, 0.0], [6.0, 13.0, 0.0], [1.0, 20.0, 0.0], [9.0, 6.0, 0.0], [5.0, 13.0, 0.0], [-4.0, 7.0, 0.0], [-17.0, -1.0, 0.0], [-16.0, -23.0, 0.0], [-6.0, -17.0, 0.0], [-12.0, -8.0, 0.0], [20.0, 18.0, 0.0], [-4.0, -22.0, 1.0], [-2.0, -3.0, 0.0], [5.0, -1.0, 0.0], [1.0, -6.0, 0.0], [-3.0, 9.0, 0.0], [-2.0, -2.0, 0.0], [3.0, -3.0, 0.0], [-1.0, 5.0, 0.0], [-1.0, -4.0, 0.0], [4.0, -2.0, 0.0], [1.0, 5.0, 0.0], [-4.0, 2.0, 0.0], [1.0, -7.0, 0.0], [3.0, 5.0, 0.0], [-3.0, 3.0, 1.0], [-17.0, 5.0, 0.0], [-3.0, 2.0, 0.0], [0.0, -5.0, 0.0], [2.0, 3.0, 0.0], [-4.0, 1.0, 0.0], [1.0, -5.0, 0.0], [0.0, 5.0, 1.0], [99.421875, 53.703125, 0.0], [-6.0, 0.0, 0.0], [-6.0, -8.0, 0.0], [2.0, -15.0, 0.0], [7.0, -8.0, 0.0], [16.0, -2.0, 0.0], [-12.0, -30.0, 0.0], [27.0, 30.0, 0.0], [30.0, -5.0, 0.0], [-9.0, 10.0, 0.0], [-25.0, 12.0, 0.0], [1.0, 26.0, 0.0], [-5.0, 7.0, 0.0], [-9.0, 0.0, 0.0], [-9.0, -10.0, 0.0], [-1.0, -5.0, 0.0], [23.0, -38.0, 1.0], [1.0, 4.0, 0.0], [1.0, -23.0, 0.0], [1.0, -5.0, 0.0], [2.0, 3.0, 0.0], [-3.0, -2.0, 0.0], [2.0, -4.0, 0.0], [-2.0, 1.0, 0.0], [-1.0, -5.0, 0.0], [3.0, 3.0, 1.0], [-2.0, 26.0, 0.0], [17.0, -10.0, 0.0], [-3.0, -2.0, 0.0], [3.0, -4.0, 0.0], [2.0, 2.0, 0.0], [-3.0, -2.0, 0.0], [3.0, 3.0, 0.0], [0.0, -3.0, 0.0], [-2.0, 4.0, 1.0]], "gt_class_names": ["tree", "tree", "floor", "flower", "butterfly", "butterfly"]}