{"img_id": "sceneid-159-userid-73", "img_w": 1100, "img_h": 770, "object_divisions": [0, 12, 14], "scene_strokes": [[118.0, 616.703125, 0.0], [-12.0, -12.0, 0.0], [-15.0, -25.0, 0.0], [-15.0, -11.0, 0.0], [-9.0, 5.0, 0.0], [-17.0, 33.0, 0.0], [11.0, 13.0, 0.0], [40.0, 27.0, 0.0], [4.0, 7.0, 0.0], [5.0, 15.0, 0.0], [1.0, 50.0, 0.0], [7.0, 17.0, 0.0], [5.0, -58.0, 0.0], [6.0, -11.0, 0.0], [3.0, 3.0, 0.0], [5.0, 62.0, 0.0], [5.0, 8.0, 0.0], [6.0, -13.0, 0.0], [3.0, -54.0, 0.0], [5.0, -6.0, 0.0], [14.0, -4.0, 0.0], [66.0, -1.0, 0.0], [2.0, 61.0, 0.0], [3.0, 8.0, 0.0], [6.0, 2.0, 0.0], [-1.0, -63.0, 0.0], [6.0, -14.0, 0.0], [8.0, 5.0, 0.0], [0.0, 52.0, 0.0], [4.0, 18.0, 0.0], [5.0, 5.0, 0.0], [3.0, -73.0, 0.0], [9.0, -21.0, 0.0], [18.0, -16.0, 0.0], [2.0, -11.0, 0.0], [7.0, -9.0, 0.0], [5.0, -1.0, 0.0], [12.0, 10.0, 0.0], [12.0, 3.0, 1.0], [-219.0, -9.0, 0.0], [-2.0, 4.0, 1.0], [-19.0, -21.0, 0.0], [16.0, 16.0, 0.0], [3.0, 0.0, 0.0], [4.0, -10.0, 0.0], [20.0, -8.0, 0.0], [110.0, 5.0, 0.0], [9.0, -3.0, 0.0], [3.0, -22.0, 0.0], [11.0, -15.0, 0.0], [21.0, -13.0, 0.0], [14.0, 1.0, 0.0], [0.0, -3.0, 1.0], [-2.0, 3.0, 0.0], [4.0, -5.0, 0.0], [17.0, -4.0, 0.0], [26.0, 2.0, 0.0], [22.0, 12.0, 0.0], [10.0, 13.0, 0.0], [1.0, 16.0, 0.0], [-12.0, 32.0, 0.0], [-16.0, 13.0, 0.0], [-17.0, 0.0, 1.0], [-28.0, -88.0, 0.0], [-14.0, 20.0, 0.0], [-1.0, 6.0, 0.0], [8.0, 0.0, 0.0], [3.0, -3.0, 0.0], [11.0, -19.0, 0.0], [-2.0, -4.0, 1.0], [56.0, 12.0, 0.0], [5.0, 3.0, 0.0], [9.0, 34.0, 0.0], [7.0, 10.0, 0.0], [9.0, 4.0, 0.0], [3.0, -12.0, 0.0], [-7.0, -23.0, 0.0], [-19.0, -18.0, 1.0], [-47.0, 50.0, 0.0], [1.0, -1.0, 1.0], [3.0, -5.0, 0.0], [52.0, 69.0, 0.0], [9.0, 3.0, 0.0], [1.0, -17.0, 0.0], [-11.0, -21.0, 0.0], [-24.0, -26.0, 0.0], [-24.0, -9.0, 1.0], [-17.0, -23.0, 0.0], [4.0, -4.0, 1.0], [38.0, 10.0, 0.0], [2.0, 1.0, 0.0], [-3.0, 3.0, 1.0], [-15.0, 8.0, 0.0], [-7.0, 9.0, 1.0], [7.0, -11.0, 0.0], [47.0, 36.0, 0.0], [9.0, 44.0, 0.0], [-5.0, 0.0, 0.0], [-12.0, -10.0, 0.0], [-48.0, -58.0, 1.0], [266.0, -149.296875, 0.0], [-4.0, -9.0, 0.0], [-22.0, -12.0, 0.0], [11.0, -13.0, 0.0], [0.0, -7.0, 0.0], [-4.0, 1.0, 0.0], [-12.0, 14.0, 0.0], [-17.0, -3.0, 0.0], [-13.0, 5.0, 0.0], [-4.0, -19.0, 0.0], [-10.0, -4.0, 0.0], [-3.0, 6.0, 0.0], [2.0, 17.0, 0.0], [6.0, 6.0, 0.0], [1.0, 21.0, 0.0], [13.0, 3.0, 0.0], [7.0, 8.0, 0.0], [3.0, 102.0, 0.0], [9.0, 63.0, 1.0], [42.0, -184.0, 0.0], [-1.0, 11.0, 0.0], [-11.0, 10.0, 0.0], [-5.0, 14.0, 0.0], [11.0, 147.0, 0.0], [47.0, -1.0, 0.0], [68.0, 5.0, 0.0], [25.0, 9.0, 0.0], [8.0, 17.0, 0.0], [2.0, 15.0, 0.0], [-1.0, 60.0, 0.0], [-7.0, 19.0, 0.0], [-4.0, 2.0, 0.0], [-4.0, -3.0, 0.0], [-20.0, -66.0, 0.0], [-6.0, -9.0, 0.0], [-2.0, 64.0, 0.0], [-7.0, 14.0, 0.0], [-8.0, 4.0, 0.0], [-3.0, -7.0, 0.0], [-4.0, -56.0, 0.0], [-7.0, -22.0, 0.0], [-20.0, 1.0, 0.0], [-19.0, -4.0, 0.0], [4.0, 39.0, 0.0], [-3.0, 31.0, 0.0], [-5.0, 3.0, 0.0], [-7.0, -12.0, 0.0], [0.0, -54.0, 0.0], [-4.0, -3.0, 0.0], [-5.0, 3.0, 0.0], [-2.0, 7.0, 0.0], [-2.0, 50.0, 0.0], [-5.0, 8.0, 0.0], [-9.0, 1.0, 0.0], [-8.0, -9.0, 0.0], [-6.0, -19.0, 0.0], [-2.0, -20.0, 0.0], [3.0, -17.0, 0.0], [-17.0, -12.0, 0.0], [-7.0, -12.0, 0.0], [-1.0, -10.0, 0.0], [5.0, -17.0, 1.0]], "gt_class_names": ["elephant", "giraffe"]}