{"img_id": "sceneid-153-userid-71", "img_w": 1100, "img_h": 770, "object_divisions": [0, 8, 10, 19, 29, 30], "scene_strokes": [[329.0, 348.703125, 0.0], [51.0, -8.0, 0.0], [78.0, -7.0, 0.0], [109.0, 0.0, 0.0], [116.0, 5.0, 1.0], [-365.0, 23.0, 0.0], [29.0, 25.0, 0.0], [16.0, 21.0, 0.0], [13.0, 26.0, 0.0], [9.0, 8.0, 0.0], [90.0, -12.0, 0.0], [127.0, -8.0, 0.0], [117.0, -2.0, 0.0], [66.0, 6.0, 0.0], [2.0, -1.0, 0.0], [-3.0, -3.0, 1.0], [-102.0, -83.0, 0.0], [24.0, 8.0, 0.0], [16.0, 11.0, 0.0], [39.0, 44.0, 0.0], [12.0, 20.0, 0.0], [3.0, 3.0, 0.0], [2.0, -3.0, 1.0], [-99.0, -143.0, 0.0], [6.0, 63.0, 1.0], [-6.0, -65.0, 0.0], [48.0, 15.0, 0.0], [28.0, 14.0, 0.0], [45.0, 13.0, 0.0], [-2.0, -1.0, 0.0], [-5.0, 10.0, 0.0], [-7.0, 35.0, 0.0], [5.0, 70.0, 1.0], [-410.0, 12.0, 0.0], [-4.0, 96.0, 0.0], [49.0, 2.0, 0.0], [198.0, -5.0, 0.0], [153.0, 6.0, 0.0], [1.0, -44.0, 0.0], [6.0, -37.0, 0.0], [-3.0, -29.0, 1.0], [-464.0, -71.0, 0.0], [3.0, 77.0, 0.0], [7.0, 42.0, 1.0], [-4.0, -7.0, 0.0], [41.0, 41.0, 0.0], [13.0, 21.0, 0.0], [6.0, 4.0, 1.0], [308.0, -209.296875, 0.0], [-13.0, 22.0, 1.0], [16.0, -28.0, 0.0], [12.0, 2.0, 0.0], [10.0, 8.0, 0.0], [22.0, 32.0, 0.0], [9.0, 21.0, 0.0], [-22.0, 12.0, 0.0], [-9.0, -18.0, 0.0], [-11.0, -13.0, 0.0], [-13.0, -10.0, 0.0], [-15.0, 0.0, 1.0], [-13.0, -27.296875, 0.0], [-1.0, 6.0, 0.0], [6.0, 9.0, 0.0], [21.0, 1.0, 0.0], [7.0, -3.0, 0.0], [7.0, -9.0, 0.0], [1.0, -11.0, 0.0], [-13.0, -14.0, 0.0], [-22.0, -3.0, 0.0], [-12.0, 5.0, 0.0], [-5.0, 9.0, 0.0], [0.0, 10.0, 0.0], [5.0, 10.0, 0.0], [14.0, 4.0, 0.0], [15.0, -3.0, 1.0], [-37.0, -13.0, 0.0], [-21.0, -1.0, 0.0], [-27.0, -10.0, 0.0], [-20.0, -2.0, 0.0], [-41.0, 11.0, 0.0], [-61.0, 32.0, 1.0], [174.0, -27.0, 0.0], [-19.0, -2.0, 0.0], [-8.0, 5.0, 0.0], [-7.0, 13.0, 0.0], [0.0, 27.0, 0.0], [-2.0, -3.0, 1.0], [10.0, -41.0, 0.0], [-12.0, 1.0, 0.0], [-17.0, 12.0, 0.0], [0.0, 23.0, 0.0], [4.0, 9.0, 0.0], [20.0, 0.0, 1.0], [34.0, -31.0, 0.0], [1.0, 8.0, 0.0], [-4.0, 5.0, 0.0], [-19.0, 5.0, 1.0], [-77.0, -17.0, 0.0], [-74.0, 37.0, 0.0], [8.0, -1.0, 1.0], [16.0, 10.0, 0.0], [65.0, -22.0, 1.0], [-4.0, 0.0, 0.0], [11.0, -4.0, 1.0], [-1.0, 2.0, 0.0], [31.0, 0.0, 1.0], [62.0, 9.703125, 0.0], [-23.0, 6.0, 0.0], [-6.0, 7.0, 0.0], [2.0, 5.0, 0.0], [20.0, 1.0, 1.0], [-1.0, 2.0, 0.0], [-9.0, 6.0, 1.0], [17.0, -25.0, 0.0], [17.0, -12.0, 0.0], [-2.0, 10.0, 0.0], [11.0, -13.0, 0.0], [-4.0, 15.0, 1.0], [-2.0, 4.0, 0.0], [20.0, 5.0, 0.0], [5.0, 16.0, 0.0], [-2.0, 3.0, 0.0], [-9.0, 1.0, 1.0], [-48.0, -5.0, 0.0], [-13.0, -4.0, 0.0], [-21.0, 0.0, 0.0], [-35.0, 8.0, 0.0], [2.0, 3.0, 0.0], [24.0, -2.0, 0.0], [-22.0, 6.0, 0.0], [-5.0, 4.0, 0.0], [3.0, 4.0, 0.0], [38.0, -6.0, 0.0], [10.0, 2.0, 1.0], [1.0, -2.0, 0.0], [19.0, 1.0, 1.0], [54.0, -12.0, 0.0], [20.0, 2.0, 0.0], [10.0, 5.0, 1.0], [-96.0, 7.0, 0.0], [91.0, -1.0, 1.0], [-21.0, 5.0, 0.0], [-5.0, 15.0, 0.0], [1.0, 9.0, 0.0], [14.0, -2.0, 0.0], [10.0, -14.0, 1.0], [0.0, -5.0, 0.0], [3.0, 14.0, 0.0], [8.0, 2.0, 0.0], [8.0, -4.0, 0.0], [1.0, -11.0, 0.0], [-10.0, -10.0, 1.0], [-277.0, -225.296875, 0.0], [19.0, -25.0, 0.0], [9.0, -6.0, 0.0], [13.0, -2.0, 0.0], [16.0, 9.0, 0.0], [12.0, -19.0, 0.0], [7.0, -5.0, 0.0], [18.0, 1.0, 0.0], [37.0, 12.0, 1.0]], "gt_class_names": ["bed", "pillow", "yoga", "dog", "seagull"]}