{"img_id": "sceneid-78-userid-35", "img_w": 1100, "img_h": 770, "object_divisions": [0, 11, 16, 33, 34, 43], "scene_strokes": [[157.0, 279.703125, 0.0], [-2.0, -2.0, 0.0], [0.0, 3.0, 0.0], [3.0, 27.0, 0.0], [-8.0, 42.0, 0.0], [-22.0, 43.0, 1.0], [0.0, -3.0, 0.0], [61.0, -10.0, 0.0], [86.0, -4.0, 0.0], [124.0, 3.0, 0.0], [50.0, 7.0, 1.0], [-1.0, -112.0, 0.0], [-5.0, 70.0, 0.0], [-6.0, 33.0, 1.0], [-294.0, -107.0, 0.0], [81.0, -13.0, 0.0], [96.0, -7.0, 0.0], [52.0, 0.0, 0.0], [101.0, 8.0, 1.0], [-168.0, 24.0, 0.0], [-5.0, -6.0, 0.0], [-27.0, -3.0, 0.0], [-14.0, 5.0, 0.0], [-21.0, 15.0, 0.0], [-8.0, 16.0, 0.0], [2.0, 12.0, 0.0], [10.0, 17.0, 0.0], [11.0, 6.0, 0.0], [27.0, 5.0, 0.0], [31.0, -4.0, 0.0], [14.0, -7.0, 0.0], [10.0, -14.0, 0.0], [5.0, -19.0, 0.0], [0.0, -13.0, 0.0], [-6.0, -13.0, 0.0], [-8.0, -5.0, 0.0], [-13.0, -2.0, 0.0], [-25.0, 1.0, 1.0], [-7.0, -2.0, 0.0], [0.0, -10.0, 1.0], [-2.0, -4.0, 0.0], [3.0, -4.0, 0.0], [7.0, 0.0, 0.0], [6.0, 8.0, 1.0], [-4.0, 4.0, 0.0], [-2.0, 7.0, 1.0], [0.0, -11.0, 0.0], [-5.0, -8.0, 0.0], [1.0, -6.0, 0.0], [25.0, -11.0, 1.0], [-16.0, 17.0, 0.0], [14.0, -12.0, 0.0], [17.0, -4.0, 1.0], [-11.0, 0.0, 0.0], [3.0, -1.0, 0.0], [1.0, 3.0, 1.0], [72.0, -14.296875, 0.0], [-14.0, 67.0, 0.0], [2.0, 1.0, 1.0], [-4.0, -1.0, 0.0], [14.0, 8.0, 0.0], [36.0, -2.0, 0.0], [-4.0, -8.0, 0.0], [-6.0, -3.0, 0.0], [-33.0, 0.0, 1.0], [41.0, 10.0, 0.0], [10.0, -52.0, 0.0], [-2.0, -19.0, 0.0], [-2.0, 3.0, 1.0], [-39.0, 1.0, 0.0], [22.0, 8.0, 0.0], [18.0, -1.0, 0.0], [7.0, -3.0, 0.0], [-1.0, -3.0, 1.0], [-47.0, 0.0, 0.0], [12.0, -3.0, 0.0], [30.0, 1.0, 1.0], [-27.0, -22.296875, 0.0], [-1.0, -1.0, 1.0], [-3.0, 2.0, 0.0], [9.0, 4.0, 0.0], [17.0, -3.0, 1.0], [-21.0, 1.0, 0.0], [13.0, -2.0, 1.0], [-3.0, 0.0, 0.0], [-8.0, 15.0, 1.0], [-9.0, -11.0, 0.0], [-2.0, 31.0, 0.0], [-7.0, 33.0, 1.0], [27.0, -59.0, 0.0], [-21.0, 48.0, 1.0], [0.0, -1.0, 0.0], [6.0, 3.0, 1.0], [27.0, -54.0, 0.0], [10.0, -1.0, 1.0], [-13.0, 2.0, 0.0], [-13.0, 28.0, 0.0], [-1.0, 9.0, 1.0], [-1.0, 6.0, 0.0], [0.0, 2.0, 1.0], [30.0, -41.0, 0.0], [-11.0, 26.0, 0.0], [-15.0, 21.0, 1.0], [-5.0, 0.0, 0.0], [17.0, 6.0, 1.0], [-4.0, -67.0, 0.0], [13.0, 1.0, 1.0], [-21.0, 2.0, 0.0], [-5.0, 8.0, 0.0], [-3.0, 16.0, 1.0], [31.0, -25.0, 0.0], [-9.0, 14.0, 1.0], [-23.0, 38.0, 0.0], [-5.0, 15.0, 1.0], [-2.0, 1.0, 0.0], [11.0, -2.0, 1.0], [-265.0, -234.296875, 0.0], [7.0, 31.0, 0.0], [4.0, 129.0, 0.0], [73.0, -18.0, 0.0], [139.0, -19.0, 0.0], [48.0, 2.0, 0.0], [67.0, 13.0, 0.0], [11.0, -3.0, 0.0], [3.0, -22.0, 0.0], [-11.0, -77.0, 0.0], [-13.0, -59.0, 0.0], [-140.0, 13.0, 0.0], [-87.0, 1.0, 0.0], [-86.0, -7.0, 0.0], [-31.0, 10.0, 0.0], [8.0, 2.0, 0.0], [2.0, 12.0, 1.0], [-15.0, 352.703125, 0.0], [11.0, 57.0, 0.0], [-1.0, 33.0, 0.0], [-7.0, 46.0, 1.0], [321.0, -142.0, 0.0], [-5.0, 89.0, 0.0], [-4.0, 15.0, 1.0], [-293.0, 42.0, 0.0], [49.0, 2.0, 0.0], [280.0, -22.0, 1.0], [-28.0, -33.0, 0.0], [-5.0, 58.0, 1.0], [-197.0, -138.0, 0.0], [-1.0, 28.0, 0.0], [13.0, -7.0, 0.0], [-4.0, -16.0, 0.0], [-5.0, -3.0, 0.0], [0.0, -4.0, 1.0], [65.0, 4.0, 0.0], [0.0, 17.0, 0.0], [21.0, -3.0, 0.0], [-8.0, -19.0, 0.0], [-4.0, -1.0, 0.0], [-6.0, 4.0, 1.0], [-31.0, -12.0, 0.0], [-3.0, 109.0, 0.0], [6.0, 53.0, 1.0], [-1.0, -164.0, 0.0], [2.0, -6.0, 1.0], [1.0, -3.0, 0.0], [-3.0, 10.0, 1.0]], "gt_class_names": ["sink", "cup", "toothbrush", "mirror", "dresser"]}