{"img_id": "sceneid-154-userid-73", "img_w": 1100, "img_h": 770, "object_divisions": [0, 2, 15, 18, 19], "scene_strokes": [[71.0, 689.703125, 0.0], [38.0, 38.0, 0.0], [28.0, 18.0, 0.0], [69.0, 20.0, 0.0], [59.0, 7.0, 0.0], [79.0, -5.0, 0.0], [82.0, -19.0, 0.0], [83.0, -9.0, 0.0], [32.0, -17.0, 0.0], [26.0, -27.0, 0.0], [17.0, -13.0, 0.0], [4.0, -15.0, 1.0], [-519.0, 19.0, 0.0], [-5.0, -10.0, 0.0], [125.0, -14.0, 0.0], [53.0, -3.0, 0.0], [272.0, 3.0, 0.0], [77.0, -5.0, 0.0], [2.0, 17.0, 1.0], [-522.0, 43.703125, 0.0], [0.0, -3.0, 0.0], [-61.0, 7.0, 1.0], [96.0, 6.0, 0.0], [-42.0, 3.0, 0.0], [-39.0, 12.0, 1.0], [112.0, 10.0, 0.0], [-23.0, 1.0, 0.0], [-30.0, 6.0, 0.0], [-59.0, -3.0, 1.0], [144.0, 6.0, 0.0], [-70.0, 0.0, 0.0], [-49.0, -4.0, 1.0], [381.0, -1.0, 0.0], [11.0, -3.0, 0.0], [61.0, 10.0, 0.0], [56.0, -3.0, 0.0], [74.0, 4.0, 1.0], [-76.0, -31.0, 0.0], [-7.0, -2.0, 0.0], [19.0, 0.0, 0.0], [63.0, 7.0, 0.0], [25.0, -8.0, 1.0], [-63.0, -25.0, 0.0], [10.0, -4.0, 0.0], [58.0, -6.0, 1.0], [-68.0, -13.0, 0.0], [65.0, -7.0, 1.0], [-66.0, 40.0, 0.0], [18.0, -1.0, 0.0], [36.0, 8.0, 1.0], [-73.0, 17.0, 0.0], [62.0, 0.0, 1.0], [-106.0, 14.0, 0.0], [117.0, 9.0, 1.0], [-578.0, -63.0, 0.0], [-45.0, 7.0, 0.0], [-37.0, -2.0, 1.0], [96.0, 37.0, 0.0], [-70.0, -2.0, 1.0], [528.0, -191.296875, 0.0], [-4.0, -1.0, 0.0], [-14.0, 7.0, 0.0], [-7.0, 9.0, 0.0], [1.0, 22.0, 0.0], [7.0, 9.0, 0.0], [13.0, 3.0, 0.0], [10.0, -5.0, 0.0], [9.0, -15.0, 0.0], [2.0, -11.0, 0.0], [-8.0, -17.0, 0.0], [-11.0, -6.0, 0.0], [-17.0, -3.0, 1.0], [9.0, 54.0, 0.0], [3.0, 13.0, 0.0], [0.0, 38.0, 0.0], [9.0, 16.0, 0.0], [4.0, 2.0, 1.0], [-14.0, -43.0, 0.0], [-15.0, 21.0, 1.0], [151.0, -76.296875, 0.0], [13.0, -4.0, 0.0], [23.0, 2.0, 0.0], [20.0, 11.0, 0.0], [21.0, 22.0, 0.0], [27.0, 36.0, 0.0], [21.0, 48.0, 0.0], [23.0, 38.0, 0.0], [5.0, 23.0, 1.0]], "gt_class_names": ["sailboat", "ocean", "yoga", "fishing rod"]}