{"img_id": "sceneid-114-userid-47", "img_w": 1100, "img_h": 770, "object_divisions": [0, 14, 24, 27, 31, 41, 48, 60, 71, 82, 85, 87, 89, 93, 100], "scene_strokes": [[0.421875, 632.703125, 0.0], [5.0, 0.0, 0.0], [36.0, -48.0, 0.0], [21.0, -14.0, 0.0], [16.0, -4.0, 0.0], [11.0, 1.0, 0.0], [32.0, 16.0, 0.0], [6.0, -4.0, 0.0], [14.0, -24.0, 0.0], [23.0, -25.0, 0.0], [12.0, -6.0, 0.0], [18.0, -3.0, 0.0], [32.0, 9.0, 0.0], [4.0, -2.0, 0.0], [32.0, -54.0, 0.0], [18.0, -14.0, 0.0], [15.0, -5.0, 0.0], [57.0, 2.0, 0.0], [14.0, -2.0, 0.0], [11.0, -6.0, 0.0], [16.0, -16.0, 0.0], [28.0, -38.0, 0.0], [14.0, -13.0, 0.0], [16.0, -9.0, 0.0], [18.0, -6.0, 0.0], [107.0, -19.0, 0.0], [126.0, -48.0, 0.0], [31.0, -8.0, 0.0], [87.0, 7.0, 0.0], [41.0, -2.0, 0.0], [29.0, -12.0, 0.0], [61.0, -36.0, 0.0], [50.0, -12.0, 0.0], [33.0, 2.0, 1.0], [-904.0, 408.0, 0.0], [6.0, -9.0, 0.0], [11.0, -3.0, 1.0], [55.0, -48.0, 0.0], [19.0, -13.0, 1.0], [46.0, -1.0, 0.0], [5.0, 11.0, 1.0], [12.0, 78.0, 0.0], [9.0, 34.0, 0.0], [9.0, 4.0, 0.0], [28.0, -16.0, 0.0], [57.0, -54.0, 0.0], [8.0, 3.0, 0.0], [-4.0, 28.0, 0.0], [1.0, -27.0, 1.0], [16.0, -99.0, 0.0], [11.0, -28.0, 0.0], [9.0, -13.0, 0.0], [10.0, -8.0, 0.0], [16.0, -4.0, 0.0], [11.0, 1.0, 0.0], [32.0, 10.0, 0.0], [14.0, -8.0, 1.0], [48.0, -52.0, 0.0], [6.0, 0.0, 0.0], [7.0, 5.0, 0.0], [25.0, 27.0, 1.0], [94.0, -74.0, 0.0], [22.0, -16.0, 0.0], [14.0, -6.0, 0.0], [65.0, -15.0, 0.0], [27.0, -22.0, 0.0], [35.0, -13.0, 0.0], [27.0, 1.0, 0.0], [15.0, 9.0, 0.0], [25.0, 27.0, 0.0], [8.0, 2.0, 0.0], [15.0, -3.0, 0.0], [63.0, -40.0, 0.0], [13.0, -5.0, 0.0], [-2.0, 16.0, 0.0], [-12.0, 35.0, 1.0], [-281.0, 186.0, 0.0], [15.0, -19.0, 0.0], [11.0, -7.0, 0.0], [13.0, 0.0, 0.0], [18.0, 12.0, 0.0], [16.0, 6.0, 0.0], [23.0, -4.0, 0.0], [45.0, -23.0, 0.0], [21.0, -7.0, 0.0], [14.0, 0.0, 0.0], [15.0, 6.0, 1.0], [-288.0, 164.0, 0.0], [-2.0, -10.0, 0.0], [3.0, -12.0, 0.0], [18.0, -8.0, 0.0], [39.0, -5.0, 0.0], [42.0, 4.0, 0.0], [48.0, -5.0, 0.0], [38.0, 5.0, 0.0], [23.0, -6.0, 1.0], [130.0, 5.0, 0.0], [10.0, -11.0, 0.0], [22.0, -39.0, 0.0], [8.0, -8.0, 0.0], [7.0, -2.0, 0.0], [3.0, 2.0, 0.0], [-1.0, 6.0, 1.0], [-525.0, 8.0, 0.0], [12.0, -21.0, 0.0], [28.0, -22.0, 0.0], [26.0, -14.0, 0.0], [37.0, -7.0, 0.0], [34.0, -13.0, 0.0], [37.0, -24.0, 1.0], [177.0, -67.0, 0.0], [3.0, 0.0, 1.0], [28.0, 0.0, 0.0], [47.0, -21.0, 0.0], [16.0, -4.0, 0.0], [24.0, 2.0, 1.0], [-855.578125, -66.296875, 0.0], [21.0, 114.0, 0.0], [-1.0, 30.0, 1.0], [-23.0, -141.0, 0.0], [-3.0, 3.0, 0.0], [-18.0, 70.0, 1.0], [26.0, -80.0, 0.0], [9.0, 4.0, 0.0], [23.0, 35.0, 1.0], [-36.0, 18.0, 0.0], [-12.0, 49.0, 1.0], [23.0, -60.0, 0.0], [11.0, 4.0, 0.0], [26.0, 22.0, 1.0], [-42.0, 17.0, 0.0], [-18.0, 52.0, 1.0], [18.0, -42.0, 0.0], [38.0, 15.0, 1.0], [-21.0, -11.0, 0.0], [-14.0, 42.0, 1.0], [18.0, -16.0, 0.0], [19.0, 19.0, 1.0], [-36.0, 18.0, 0.0], [-7.0, 24.0, 1.0], [235.421875, -66.296875, 0.0], [-5.0, -5.0, 0.0], [-4.0, -22.0, 0.0], [-4.0, -68.0, 0.0], [0.0, -4.0, 0.0], [3.0, 2.0, 1.0], [29.0, -4.0, 0.0], [9.0, 52.0, 0.0], [10.0, 37.0, 1.0], [-63.0, -88.0, 0.0], [-13.0, 9.0, 0.0], [-23.0, 0.0, 0.0], [-9.0, -4.0, 0.0], [-9.0, -13.0, 0.0], [-3.0, -45.0, 0.0], [3.0, -12.0, 0.0], [5.0, -4.0, 0.0], [-8.0, -5.0, 0.0], [-4.0, -7.0, 0.0], [-4.0, -26.0, 0.0], [5.0, -26.0, 0.0], [7.0, -16.0, 0.0], [20.0, -26.0, 0.0], [9.0, -4.0, 0.0], [22.0, 6.0, 0.0], [49.0, 26.0, 0.0], [14.0, 13.0, 0.0], [12.0, 77.0, 0.0], [7.0, 18.0, 0.0], [8.0, 10.0, 0.0], [4.0, 0.0, 0.0], [-22.0, 26.0, 0.0], [-11.0, 30.0, 1.0], [242.421875, -56.296875, 0.0], [-5.0, -54.0, 0.0], [0.0, -26.0, 0.0], [4.0, -10.0, 1.0], [53.0, 58.0, 0.0], [-10.0, -43.0, 1.0], [-3.0, -17.0, 0.0], [-6.0, -26.0, 1.0], [-65.0, 35.0, 0.0], [-26.0, -22.0, 0.0], [-10.0, -18.0, 0.0], [-1.0, -27.0, 0.0], [10.0, -22.0, 0.0], [6.0, -5.0, 0.0], [15.0, -2.0, 0.0], [16.0, -47.0, 0.0], [12.0, -21.0, 0.0], [12.0, -13.0, 0.0], [10.0, -3.0, 0.0], [4.0, 6.0, 0.0], [5.0, 46.0, 0.0], [4.0, 9.0, 0.0], [13.0, 15.0, 0.0], [15.0, 11.0, 0.0], [10.0, 15.0, 0.0], [-1.0, 11.0, 0.0], [-15.0, 26.0, 0.0], [-29.0, 26.0, 0.0], [-3.0, 14.0, 0.0], [2.0, 9.0, 1.0], [215.421875, -114.296875, 0.0], [6.0, 68.0, 0.0], [0.0, 39.0, 0.0], [-1.0, 12.0, 0.0], [-2.0, -4.0, 1.0], [-7.0, -124.0, 0.0], [-20.0, 43.0, 0.0], [-2.0, 11.0, 1.0], [23.0, -48.0, 0.0], [7.0, -4.0, 0.0], [3.0, 3.0, 0.0], [18.0, 33.0, 1.0], [-35.0, 8.0, 0.0], [-17.0, 47.0, 1.0], [23.0, -44.0, 0.0], [29.0, 30.0, 1.0], [-41.0, 16.0, 0.0], [-4.0, 11.0, 1.0], [27.0, -21.0, 0.0], [18.0, 23.0, 1.0], [-20.0, -2.0, 0.0], [-12.0, 30.0, 1.0], [14.0, -23.0, 0.0], [18.0, 18.0, 1.0], [-22.0, -6.0, 0.0], [-3.0, 44.0, 1.0], [-27.578125, 63.703125, 0.0], [-38.0, 0.0, 0.0], [-54.0, 14.0, 0.0], [-30.0, 15.0, 0.0], [-8.0, 7.0, 0.0], [-6.0, 12.0, 0.0], [1.0, 18.0, 0.0], [5.0, 10.0, 0.0], [15.0, 4.0, 0.0], [26.0, -6.0, 0.0], [-8.0, 38.0, 0.0], [1.0, 7.0, 0.0], [6.0, 1.0, 0.0], [7.0, -8.0, 0.0], [2.0, -26.0, 0.0], [8.0, 21.0, 0.0], [5.0, 2.0, 0.0], [4.0, -5.0, 0.0], [-1.0, -24.0, 1.0], [38.0, -5.0, 0.0], [11.0, 28.0, 0.0], [3.0, -9.0, 0.0], [-2.0, -14.0, 0.0], [8.0, 15.0, 0.0], [3.0, 0.0, 0.0], [3.0, -6.0, 0.0], [-2.0, -20.0, 0.0], [-3.0, 1.0, 1.0], [-74.0, 6.0, 0.0], [78.0, -10.0, 0.0], [4.0, -19.0, 1.0], [0.0, -43.0, 0.0], [12.0, -3.0, 0.0], [16.0, 1.0, 0.0], [8.0, 7.0, 0.0], [2.0, 6.0, 0.0], [-4.0, 14.0, 0.0], [8.0, -10.0, 0.0], [6.0, -22.0, 0.0], [5.0, -5.0, 0.0], [3.0, 11.0, 0.0], [5.0, 5.0, 0.0], [-5.0, 19.0, 0.0], [5.0, 20.0, 0.0], [-5.0, 7.0, 0.0], [-11.0, 4.0, 0.0], [0.0, 5.0, 0.0], [-9.0, -5.0, 0.0], [-22.0, -3.0, 0.0], [-14.0, 3.0, 0.0], [-10.0, 8.0, 1.0], [62.0, -27.0, 0.0], [4.0, 0.0, 1.0], [-10.0, 13.0, 0.0], [-4.0, -3.0, 0.0], [0.0, 5.0, 0.0], [5.0, -1.0, 0.0], [-2.0, -3.0, 0.0], [-2.0, 5.0, 1.0], [-189.0, -1.0, 0.0], [-3.0, 0.0, 0.0], [-1.0, 4.0, 0.0], [7.0, 6.0, 0.0], [1.0, -13.0, 0.0], [-10.0, 4.0, 1.0], [-206.578125, 6.703125, 0.0], [-42.0, 15.0, 0.0], [-41.0, 19.0, 0.0], [-15.0, 10.0, 0.0], [-15.0, 16.0, 0.0], [-1.0, 11.0, 0.0], [4.0, 4.0, 0.0], [12.0, 2.0, 0.0], [63.0, -15.0, 0.0], [37.0, -18.0, 0.0], [19.0, -23.0, 0.0], [-4.0, -15.0, 0.0], [-14.0, -7.0, 0.0], [-14.0, 1.0, 0.0], [-24.0, 13.0, 1.0], [-65.0, 70.0, 0.0], [1.0, 37.0, 0.0], [2.0, -3.0, 1.0], [3.0, -36.0, 0.0], [13.0, 27.0, 0.0], [12.0, 16.0, 1.0], [48.0, -66.0, 0.0], [-1.0, 52.0, 1.0], [5.0, -53.0, 0.0], [19.0, 32.0, 0.0], [3.0, 1.0, 0.0], [2.0, -6.0, 1.0], [31.0, -108.0, 0.0], [-17.0, 6.0, 0.0], [-10.0, 12.0, 0.0], [-1.0, 21.0, 0.0], [7.0, 5.0, 0.0], [11.0, 1.0, 0.0], [11.0, -7.0, 0.0], [3.0, -23.0, 0.0], [-5.0, -10.0, 0.0], [-6.0, -3.0, 0.0], [-7.0, 1.0, 1.0], [1.0, 30.0, 0.0], [1.0, 3.0, 1.0], [6.0, 1.0, 0.0], [3.0, -2.0, 1.0], [-4.0, -18.0, 0.0], [5.0, 0.0, 0.0], [-2.0, 5.0, 0.0], [7.0, 4.0, 1.0], [-162.0, 72.0, 0.0], [5.0, 0.0, 0.0], [0.0, -9.0, 0.0], [-9.0, 5.0, 0.0], [10.0, -5.0, 0.0], [2.0, -6.0, 0.0], [-5.0, 1.0, 0.0], [-3.0, 4.0, 0.0], [2.0, 2.0, 0.0], [6.0, -4.0, 1.0], [131.0, -73.0, 0.0], [-4.0, -10.0, 1.0], [13.0, 1.0, 0.0], [1.0, -3.0, 1.0], [492.421875, 54.703125, 0.0], [-3.0, -3.0, 0.0], [-39.0, 0.0, 0.0], [-31.0, 4.0, 0.0], [-56.0, 17.0, 0.0], [-21.0, 12.0, 0.0], [-11.0, 14.0, 0.0], [-2.0, 8.0, 0.0], [-1.0, 10.0, 0.0], [7.0, 9.0, 0.0], [19.0, 8.0, 0.0], [51.0, -1.0, 0.0], [68.0, -14.0, 0.0], [24.0, -9.0, 0.0], [15.0, -10.0, 0.0], [8.0, -10.0, 0.0], [4.0, -14.0, 0.0], [-2.0, -6.0, 0.0], [-7.0, -10.0, 0.0], [-9.0, -5.0, 0.0], [-27.0, -4.0, 0.0], [-28.0, 9.0, 1.0], [-107.0, 77.0, 0.0], [-3.0, 27.0, 0.0], [-11.0, 33.0, 1.0], [19.0, -57.0, 0.0], [27.0, 52.0, 0.0], [8.0, 5.0, 0.0], [4.0, -2.0, 1.0], [78.0, -68.0, 0.0], [-19.0, 72.0, 1.0], [22.0, -75.0, 0.0], [6.0, 9.0, 0.0], [13.0, 38.0, 0.0], [4.0, 5.0, 0.0], [4.0, 0.0, 0.0], [3.0, -5.0, 1.0], [9.0, -108.0, 0.0], [2.0, -33.0, 0.0], [6.0, -13.0, 0.0], [8.0, -4.0, 0.0], [23.0, 2.0, 0.0], [11.0, 10.0, 0.0], [11.0, 21.0, 0.0], [5.0, 27.0, 0.0], [-3.0, 18.0, 0.0], [-10.0, 5.0, 0.0], [-8.0, -1.0, 0.0], [-42.0, -14.0, 0.0], [-9.0, -9.0, 1.0], [13.0, -40.0, 0.0], [3.0, -25.0, 0.0], [11.0, 8.0, 0.0], [2.0, 8.0, 