{"img_id": "sceneid-170-userid-78", "img_w": 1100, "img_h": 770, "object_divisions": [0, 15, 17, 22, 25], "scene_strokes": [[209.0, 340.703125, 0.0], [9.0, 150.0, 0.0], [-8.0, 142.0, 0.0], [1.0, 9.0, 0.0], [3.0, -4.0, 1.0], [-5.0, -303.0, 0.0], [143.0, -1.0, 0.0], [221.0, 4.0, 0.0], [1.0, 14.0, 0.0], [-14.0, 119.0, 0.0], [-6.0, 123.0, 0.0], [2.0, 43.0, 0.0], [-2.0, -1.0, 1.0], [-338.0, 26.0, 0.0], [13.0, -4.0, 0.0], [103.0, -1.0, 0.0], [164.0, -11.0, 0.0], [56.0, 1.0, 0.0], [3.0, -4.0, 0.0], [-3.0, -8.0, 1.0], [-287.0, -301.0, 0.0], [-6.0, -22.0, 0.0], [3.0, -83.0, 0.0], [7.0, -32.0, 0.0], [16.0, -33.0, 0.0], [21.0, -23.0, 0.0], [24.0, -16.0, 0.0], [26.0, -10.0, 0.0], [28.0, -6.0, 0.0], [28.0, -1.0, 0.0], [16.0, 4.0, 0.0], [21.0, 13.0, 0.0], [16.0, 17.0, 0.0], [12.0, 24.0, 0.0], [16.0, 57.0, 0.0], [3.0, 21.0, 0.0], [7.0, 60.0, 0.0], [-2.0, 40.0, 1.0], [-295.0, -4.0, 0.0], [29.0, 45.0, 0.0], [26.0, 58.0, 0.0], [7.0, 6.0, 1.0], [268.0, -105.0, 0.0], [1.0, 0.0, 1.0], [-21.0, -5.0, 0.0], [33.0, 84.0, 0.0], [4.0, 13.0, 0.0], [-3.0, -1.0, 1.0], [-284.0, 6.0, 0.0], [6.0, 4.0, 0.0], [21.0, 2.0, 0.0], [37.0, 0.0, 0.0], [188.0, -14.0, 0.0], [17.0, 1.0, 1.0], [-320.0, 214.0, 0.0], [25.0, 38.0, 0.0], [30.0, 55.0, 1.0], [281.0, -98.0, 0.0], [36.0, 51.0, 0.0], [3.0, 10.0, 0.0], [-7.0, -1.0, 1.0], [-316.0, -254.0, 0.0], [0.0, 34.0, 0.0], [10.0, 86.0, 0.0], [2.0, 166.0, 0.0], [3.0, 5.0, 0.0], [3.0, -3.0, 1.0], [247.0, -300.0, 0.0], [-15.0, 130.0, 0.0], [1.0, 72.0, 0.0], [8.0, 73.0, 0.0], [5.0, 8.0, 0.0], [8.0, 0.0, 0.0], [54.0, -9.0, 1.0], [-300.0, 17.0, 0.0], [51.0, 2.0, 0.0], [163.0, -10.0, 0.0], [36.0, 1.0, 1.0], [-310.0, -391.0, 0.0], [1.0, 1.0, 1.0], [-2.0, 3.0, 0.0], [-2.0, -36.0, 0.0], [6.0, -43.0, 0.0], [18.0, -69.0, 0.0], [26.0, -49.0, 0.0], [26.0, -30.0, 0.0], [37.0, -26.0, 0.0], [29.0, -13.0, 0.0], [50.0, -7.0, 0.0], [32.0, 7.0, 0.0], [18.0, 11.0, 0.0], [12.0, 12.0, 0.0], [17.0, 35.0, 0.0], [12.0, 54.0, 0.0], [0.0, 133.0, 0.0], [5.0, 39.0, 1.0], [-210.0, 16.703125, 0.0], [-14.0, 64.0, 0.0], [2.0, 3.0, 0.0], [26.0, -1.0, 0.0], [21.0, 4.0, 0.0], [3.0, -1.0, 0.0], [1.0, -21.0, 0.0], [17.0, -51.0, 0.0], [-61.0, -3.0, 0.0], [-4.0, 9.0, 1.0], [17.0, 52.0, 0.0], [0.0, 3.0, 0.0], [2.0, -4.0, 0.0], [-3.0, 0.0, 0.0], [0.0, 3.0, 0.0], [2.0, -2.0, 0.0], [-4.0, -2.0, 0.0], [0.0, 3.0, 0.0], [2.0, -1.0, 1.0], [82.0, -15.296875, 0.0], [-9.0, 1.0, 0.0], [-5.0, 5.0, 0.0], [-1.0, 9.0, 0.0], [4.0, 6.0, 0.0], [7.0, 2.0, 0.0], [11.0, -4.0, 0.0], [0.0, -13.0, 0.0], [-4.0, -4.0, 0.0], [4.0, -1.0, 0.0], [-5.0, 0.0, 1.0], [-9.0, -3.0, 0.0], [20.0, -26.0, 0.0], [3.0, 0.0, 0.0], [9.0, 5.0, 0.0], [-19.0, 24.0, 1.0], [-4.0, -8.0, 0.0], [5.0, 0.0, 1.0], [-3.0, -9.0, 0.0], [7.0, 5.0, 0.0], [4.0, -2.0, 1.0], [-4.0, -8.0, 0.0], [5.0, 3.0, 1.0], [58.0, 9.703125, 0.0], [-26.0, 0.0, 0.0], [-5.0, 24.0, 0.0], [3.0, 7.0, 0.0], [55.0, -4.0, 0.0], [1.0, -31.0, 0.0], [-21.0, 4.0, 0.0], [-22.0, 0.0, 1.0], [-15.0, -3.0, 0.0], [17.0, -14.0, 0.0], [17.0, -4.0, 1.0], [-29.0, 18.0, 0.0], [26.0, -21.0, 0.0], [20.0, 16.0, 0.0], [4.0, 9.0, 1.0]], "gt_class_names": ["dresser", "cell phone", "key", "purse"]}