{"img_id": "sceneid-80-userid-35", "img_w": 1100, "img_h": 770, "object_divisions": [0, 24, 34, 45, 46], "scene_strokes": [[128.0, 320.703125, 0.0], [-4.0, 18.0, 0.0], [-2.0, 106.0, 0.0], [7.0, 11.0, 0.0], [45.0, 7.0, 0.0], [121.0, -3.0, 0.0], [15.0, 3.0, 0.0], [54.0, 0.0, 0.0], [20.0, 4.0, 0.0], [22.0, 0.0, 0.0], [30.0, -2.0, 0.0], [7.0, -4.0, 0.0], [1.0, -6.0, 1.0], [-17.0, -176.0, 0.0], [1.0, 4.0, 1.0], [1.0, 7.0, 0.0], [19.0, 79.0, 0.0], [4.0, 49.0, 0.0], [-1.0, 21.0, 0.0], [-5.0, 19.0, 0.0], [-12.0, 9.0, 1.0], [-306.0, -146.0, 0.0], [18.0, 17.0, 0.0], [33.0, 15.0, 0.0], [21.0, 5.0, 0.0], [47.0, 3.0, 0.0], [95.0, -10.0, 0.0], [45.0, -10.0, 0.0], [17.0, -5.0, 0.0], [34.0, -17.0, 0.0], [4.0, -3.0, 0.0], [1.0, -7.0, 0.0], [-10.0, -7.0, 0.0], [-69.0, -6.0, 0.0], [-89.0, 3.0, 0.0], [-115.0, -2.0, 0.0], [-11.0, 2.0, 0.0], [-15.0, 10.0, 0.0], [-4.0, 31.0, 1.0], [9.0, -9.0, 0.0], [27.0, 5.0, 0.0], [126.0, 1.0, 0.0], [44.0, -5.0, 0.0], [59.0, -2.0, 0.0], [26.0, -6.0, 1.0], [-20.0, 11.0, 0.0], [-12.0, -2.0, 1.0], [-67.0, 13.0, 0.0], [-26.0, 4.0, 1.0], [15.0, -1.0, 0.0], [10.0, -1.0, 0.0], [-7.0, 0.0, 1.0], [28.0, -5.0, 0.0], [12.0, 1.0, 1.0], [1.0, -6.0, 0.0], [-7.0, 1.0, 1.0], [-1.0, 2.0, 0.0], [2.0, 0.0, 1.0], [-77.0, 9.0, 0.0], [-50.0, 4.0, 1.0], [39.0, -3.0, 0.0], [16.0, 0.0, 0.0], [-19.0, 1.0, 1.0], [37.0, -9.0, 0.0], [-2.0, 0.0, 1.0], [7.0, 1.0, 0.0], [-11.0, 1.0, 1.0], [-16.0, 3.0, 0.0], [-7.0, 1.0, 1.0], [-50.0, -1.0, 0.0], [-2.0, 0.0, 1.0], [-12.0, 2.0, 0.0], [4.0, 0.0, 1.0], [40.0, -6.0, 0.0], [-45.0, 0.0, 1.0], [0.0, 3.0, 0.0], [9.0, 0.0, 1.0], [37.0, 1.0, 0.0], [-1.0, 0.0, 1.0], [38.0, 4.0, 0.0], [39.0, -5.0, 1.0], [7.0, -5.0, 0.0], [-10.0, -1.0, 1.0], [6.0, 1.0, 0.0], [-11.0, 1.0, 1.0], [298.0, -230.296875, 0.0], [8.0, 7.0, 0.0], [7.0, 14.0, 0.0], [2.0, 14.0, 0.0], [-6.0, 13.0, 0.0], [7.0, 1.0, 0.0], [5.0, -5.0, 0.0], [3.0, -14.0, 0.0], [0.0, -14.0, 0.0], [-4.0, -12.0, 0.0], [-8.0, -11.0, 0.0], [-10.0, -5.0, 0.0], [-8.0, 1.0, 0.0], [-4.0, 14.0, 1.0], [16.0, 8.0, 0.0], [0.0, 1.0, 1.0], [1.0, 4.0, 0.0], [-10.0, 2.0, 0.0], [-4.0, 3.0, 0.0], [1.0, 3.0, 0.0], [-8.0, 3.0, 0.0], [-1.0, 5.0, 0.0], [4.0, 5.0, 0.0], [8.0, -1.0, 0.0], [13.0, -11.0, 0.0], [-2.0, -9.0, 1.0], [-28.0, 2.0, 0.0], [-33.0, 14.0, 1.0], [20.0, 39.0, 0.0], [-26.0, 17.0, 1.0], [53.0, -31.0, 0.0], [-8.0, 25.0, 1.0], [-22.0, -30.0, 0.0], [-31.0, 10.0, 1.0], [93.0, -42.0, 0.0], [9.0, 0.0, 0.0], [2.0, 3.0, 0.0], [7.0, 53.0, 0.0], [1.0, 128.0, 1.0], [-21.0, -186.0, 0.0], [15.0, 0.0, 0.0], [8.0, 11.0, 0.0], [16.0, 37.0, 0.0], [4.0, 18.0, 0.0], [1.0, 26.0, 0.0], [-5.0, 50.0, 0.0], [-8.0, 41.0, 0.0], [-1.0, 26.0, 1.0], [-11.0, -23.0, 0.0], [0.0, 31.0, 0.0], [10.0, -8.0, 1.0], [117.0, -95.296875, 0.0], [-8.0, 77.0, 0.0], [2.0, 4.0, 0.0], [58.0, -8.0, 0.0], [47.0, 0.0, 0.0], [78.0, 7.0, 0.0], [26.0, -7.0, 0.0], [10.0, -26.0, 0.0], [7.0, -42.0, 0.0], [-1.0, -21.0, 0.0], [-6.0, -12.0, 0.0], [-22.0, -6.0, 0.0], [-47.0, -4.0, 0.0], [-43.0, 0.0, 0.0], [-68.0, 9.0, 1.0], [-35.0, 33.0, 0.0], [2.0, -14.0, 0.0], [7.0, -12.0, 0.0], [36.0, -9.0, 1.0], [85.0, 37.0, 0.0], [-10.0, -4.0, 0.0], [-17.0, 1.0, 0.0], [-14.0, 11.0, 0.0], [-5.0, 15.0, 0.0], [-1.0, 10.0, 0.0], [8.0, 12.0, 0.0], [13.0, 4.0, 0.0], [16.0, 0.0, 0.0], [21.0, -12.0, 0.0], [5.0, -14.0, 0.0], [-4.0, -18.0, 0.0], [-8.0, -9.0, 0.0], [-11.0, -3.0, 0.0], [-17.0, 4.0, 0.0], [-9.0, 6.0, 1.0], [15.0, -30.0, 0.0], [3.0, 18.0, 1.0], [8.0, -16.0, 0.0], [-2.0, -6.0, 0.0], [1.0, 18.0, 1.0], [-7.0, -15.0, 0.0], [-17.0, -4.0, 0.0], [-2.0, -9.0, 0.0], [3.0, -1.0, 1.0], [8.0, 3.0, 0.0], [2.0, -14.0, 0.0], [2.0, -4.0, 0.0], [1.0, 4.0, 1.0], [4.0, 15.0, 0.0], [2.0, 8.0, 1.0], [-8.0, -13.0, 0.0], [-11.0, 14.0, 0.0], [-2.0, 13.0, 1.0], [9.0, -6.0, 0.0], [-1.0, 6.0, 1.0], [5.0, -3.0, 0.0], [-2.0, 5.0, 1.0], [-102.0, -167.296875, 0.0], [0.0, 36.0, 0.0], [-7.0, 41.0, 0.0], [1.0, 29.0, 0.0], [9.0, 9.0, 0.0], [16.0, 5.0, 0.0], [69.0, -3.0, 0.0], [100.0, 3.0, 0.0], [40.0, -8.0, 0.0], [7.0, -5.0, 0.0], [1.0, -5.0, 0.0], [-6.0, -61.0, 0.0], [-4.0, -21.0, 0.0], [-8.0, -17.0, 0.0], [-10.0, -6.0, 0.0], [-30.0, -9.0, 0.0], [-31.0, -5.0, 0.0], [-46.0, -1.0, 0.0], [-83.0, 10.0, 0.0], [-21.0, 8.0, 1.0]], "gt_class_names": ["bathtub", "floor lamp", "sink", "mirror"]}