{"img_id": "sceneid-88-userid-39", "img_w": 1100, "img_h": 770, "object_divisions": [0, 1, 2, 5, 8, 13, 24, 30], "scene_strokes": [[77.421875, 12.703125, 0.0], [-10.0, -1.0, 0.0], [-15.0, 12.0, 0.0], [-13.0, 21.0, 0.0], [-4.0, 16.0, 0.0], [3.0, 12.0, 0.0], [6.0, 3.0, 0.0], [35.0, -8.0, 0.0], [9.0, 3.0, 0.0], [-21.0, 49.0, 0.0], [1.0, 14.0, 0.0], [5.0, 7.0, 0.0], [12.0, 6.0, 0.0], [13.0, 0.0, 0.0], [35.0, -10.0, 0.0], [31.0, 13.0, 0.0], [9.0, -1.0, 0.0], [21.0, -11.0, 0.0], [25.0, 10.0, 0.0], [10.0, -3.0, 0.0], [30.0, -21.0, 0.0], [46.0, -16.0, 0.0], [6.0, -7.0, 0.0], [3.0, -10.0, 0.0], [-2.0, -28.0, 0.0], [-5.0, -5.0, 0.0], [-13.0, -5.0, 0.0], [-42.0, -6.0, 0.0], [-49.0, -15.0, 0.0], [-56.0, -30.0, 0.0], [-20.0, -3.0, 0.0], [-40.0, 9.0, 1.0], [325.421875, 10.703125, 0.0], [-14.0, -1.0, 0.0], [-18.0, 6.0, 0.0], [-15.0, 15.0, 0.0], [-27.0, 43.0, 0.0], [0.0, 4.0, 0.0], [10.0, 1.0, 0.0], [2.0, 21.0, 0.0], [7.0, 14.0, 0.0], [14.0, 4.0, 0.0], [87.0, 7.0, 0.0], [29.0, 18.0, 0.0], [18.0, 5.0, 0.0], [32.0, -3.0, 0.0], [48.0, -17.0, 0.0], [9.0, -8.0, 0.0], [3.0, -9.0, 0.0], [-1.0, -18.0, 0.0], [-7.0, -12.0, 0.0], [-17.0, -10.0, 0.0], [-36.0, -2.0, 0.0], [-17.0, -8.0, 0.0], [-10.0, -11.0, 0.0], [-25.0, -41.0, 0.0], [-15.0, -15.0, 0.0], [-31.0, -2.0, 0.0], [-39.0, 11.0, 1.0], [277.421875, 19.703125, 0.0], [-21.0, -3.0, 0.0], [-18.0, 5.0, 0.0], [-44.0, 21.0, 0.0], [-66.0, 20.0, 1.0], [152.0, -50.0, 0.0], [24.0, -18.0, 0.0], [27.0, -10.0, 0.0], [21.0, 4.0, 0.0], [11.0, 10.0, 0.0], [3.0, 10.0, 0.0], [-6.0, 16.0, 0.0], [-31.0, 31.0, 0.0], [32.0, 15.0, 0.0], [4.0, 11.0, 0.0], [-3.0, 9.0, 0.0], [-12.0, 13.0, 0.0], [-13.0, 8.0, 0.0], [-16.0, 4.0, 0.0], [9.0, 10.0, 0.0], [-7.0, 14.0, 0.0], [-31.0, 26.0, 0.0], [-27.0, 9.0, 0.0], [-12.0, -1.0, 0.0], [-6.0, -5.0, 0.0], [-12.0, -21.0, 0.0], [-30.0, 19.0, 0.0], [-20.0, 3.0, 0.0], [-13.0, -8.0, 0.0], [-14.0, -18.0, 1.0], [-60.0, -95.0, 0.0], [-1.0, -13.0, 0.0], [3.0, -12.0, 0.0], [10.0, -16.0, 0.0], [12.0, -8.0, 0.0], [6.0, 1.0, 0.0], [21.0, 19.0, 0.0], [43.0, -15.0, 0.0], [37.0, 7.0, 0.0], [40.0, 2.0, 1.0], [97.421875, 59.703125, 0.0], [41.0, -38.0, 0.0], [31.0, -14.0, 0.0], [25.0, -1.0, 0.0], [12.0, 7.0, 0.0], [10.0, 13.0, 0.0], [33.0, -11.0, 0.0], [15.0, 1.0, 0.0], [4.0, 3.0, 0.0], [1.0, 21.0, 0.0], [57.0, -3.0, 0.0], [15.0, 5.0, 0.0], [6.0, 6.0, 0.0], [2.0, 7.0, 0.0], [-3.0, 13.0, 0.0], [-19.0, 39.0, 0.0], [1.0, 6.0, 0.0], [24.0, 8.0, 0.0], [7.0, 7.0, 0.0], [2.0, 4.0, 0.0], [-3.0, 8.0, 0.0], [-37.0, 31.0, 0.0], [-21.0, 10.0, 0.0], [-28.0, 10.0, 0.0], [-36.0, 5.0, 0.0], [-30.0, -9.0, 0.0], [-28.0, -24.0, 0.0], [-13.0, -7.0, 0.0], [-20.0, -1.0, 0.0], [-65.0, 10.0, 0.0], [-21.0, -2.0, 0.0], [-16.0, -8.0, 0.0], [-5.0, -11.0, 0.0], [0.0, -8.0, 1.0], [259.0, -103.0, 0.0], [10.0, -21.0, 0.0], [18.0, -18.0, 0.0], [75.0, -15.0, 0.0], [30.0, 2.0, 1.0], [-87.0, 166.0, 0.0], [35.0, -8.0, 0.0], [13.0, 2.0, 0.0], [8.0, 6.0, 0.0], [9.0, 0.0, 0.0], [21.0, -12.0, 0.0], [18.0, -17.0, 1.0], [-395.578125, 211.703125, 0.0], [-12.0, 2.0, 0.0], [-4.0, 6.0, 0.0], [4.0, 29.0, 0.0], [-26.0, 39.0, 0.0], [7.0, 22.0, 0.0], [-13.0, 34.0, 0.0], [1.0, 7.0, 0.0], [13.0, 14.0, 0.0], [1.0, 14.0, 0.0], [-6.0, 48.0, 0.0], [4.0, 11.0, 0.0], [9.0, 9.0, 0.0], [69.0, 10.0, 0.0], [39.0, 23.0, 0.0], [23.0, 7.0, 0.0], [49.0, 1.0, 0.0], [23.0, 4.0, 0.0], [43.0, -12.0, 0.0], [21.0, -13.0, 0.0], [-6.0, -15.0, 0.0], [1.0, -25.0, 0.0], [36.0, -99.0, 0.0], [-4.0, -36.0, 0.0], [-4.0, -10.0, 0.0], [-20.0, -21.0, 0.0], [-90.0, -40.0, 0.0], [-66.0, -17.0, 0.0], [-52.0, -21.0, 0.0], [-25.0, 1.0, 0.0], [-14.0, 6.0, 1.0], [32.0, 110.0, 0.0], [23.0, -4.0, 0.0], [57.0, 0.0, 0.0], [76.0, -6.0, 0.0], [17.0, 3.0, 1.0], [-175.0, 92.0, 0.0], [30.0, -16.0, 0.0], [30.0, 2.0, 0.0], [56.0, -3.0, 0.0], [54.0, 6.0, 1.0], [-116.0, 55.0, 0.0], [27.0, -13.0, 0.0], [51.0, 11.0, 0.0], [14.0, -1.0, 0.0], [16.0, -8.0, 1.0], [-140.0, -147.0, 0.0], [17.0, -10.0, 0.0], [51.0, -9.0, 1.0], [-327.578125, 146.703125, 0.0], [24.0, -49.0, 0.0], [3.0, 2.0, 0.0], [6.0, 34.0, 1.0], [29.0, 8.0, 0.0], [14.0, -34.0, 0.0], [10.0, -11.0, 0.0], [24.0, 43.0, 1.0], [-114.0, -63.0, 0.0], [1.0, 11.0, 0.0], [15.0, -8.0, 0.0], [8.0, 13.0, 0.0], [4.0, 1.0, 0.0], [4.0, -4.0, 0.0], [2.0, 13.0, 0.0], [4.0, 6.0, 0.0], [10.0, -7.0, 0.0], [12.0, 6.0, 0.0], [14.0, -13.0, 0.0], [14.0, 9.0, 0.0], [10.0, -10.0, 0.0], [4.0, 7.0, 0.0], [5.0, 1.0, 0.0], [10.0, -12.0, 0.0], [5.0, -18.0, 0.0], [-7.0, -8.0, 0.0], [3.0, -14.0, 0.0], [-6.0, 4.0, 0.0], [-7.0, -12.0, 0.0], [-29.0, -2.0, 0.0], [-15.0, -9.0, 0.0], [-11.0, 5.0, 0.0], [-9.0, -3.0, 0.0], [-16.0, 13.0, 0.0], [-9.0, 0.0, 0.0], [-17.0, 9.0, 0.0], [-11.0, 12.0, 1.0], [-1.0, 9.0, 0.0], [-12.0, 14.0, 0.0], [2.0, 3.0, 0.0], [16.0, -7.0, 0.0], [6.0, 1.0, 0.0], [4.0, -7.0, 1.0], [-16.0, -1.0, 0.0], [5.0, 0.0, 1.0], [127.0, -23.0, 0.0], [14.0, -21.0, 0.0], [17.0, -10.0, 0.0], [13.0, 2.0, 0.0], [8.0, 7.0, 0.0], [1.0, 11.0, 0.0], [-8.0, 17.0, 0.0], [-10.0, 12.0, 0.0], [-16.0, 2.0, 0.0], [-14.0, -14.0, 0.0], [2.0, -6.0, 1.0], [36.0, 0.0, 0.0], [11.0, 6.0, 0.0], [5.0, -4.0, 0.0], [-3.0, -3.0, 0.0], [-2.0, 1.0, 0.0], [3.0, 1.0, 0.0], [-6.0, -1.0, 0.0], [4.0, 3.0, 1.0], [-30.0, -14.0, 0.0], [2.0, 0.0, 1.0], [11.0, -3.0, 0.0], [1.0, 0.0, 1.0], [-13.0, -14.0, 0.0], [0.0, -9.0, 0.0], [7.0, -8.0, 0.0], [4.0, 3.0, 0.0], [-2.0, 11.0, 1.0], [-22.0, 6.0, 0.0], [-3.0, -8.0, 0.0], [-4.0, -1.0, 0.0], [-1.0, 6.0, 0.0], [4.0, 9.0, 0.0], [5.0, 4.0, 0.0], [4.0, -2.0, 1.0], [-640.578125, 47.703125, 0.0], [14.0, -20.0, 0.0], [48.0, -99.0, 0.0], [80.0, -138.0, 0.0], [-3.0, 5.0, 0.0], [-2.0, 24.0, 0.0], [7.0, 36.0, 0.0], [47.0, 117.0, 0.0], [42.0, 123.0, 0.0], [15.0, 29.0, 0.0], [7.0, 6.0, 1.0], [-99.0, -248.0, 0.0], [13.0, -18.0, 0.0], [33.0, -69.0, 0.0], [11.0, -17.0, 0.0], [-3.0, 16.0, 0.0], [0.0, 64.0, 0.0], [9.0, 59.0, 0.0], [11.0, 37.0, 0.0], [59.0, 135.0, 1.0], [-75.0, -269.0, 0.0], [5.0, -12.0, 0.0], [32.0, -43.0, 0.0], [0.0, 28.0, 0.0], [26.0, -37.0, 0.0], [-4.0, 32.0, 0.0], [1.0, 56.0, 0.0], [16.0, 124.0, 0.0], [20.0, 94.0, 0.0], [32.0, 56.0, 1.0], [-261.0, -175.0, 0.0], [19.0, -35.0, 0.0], [7.0, -6.0, 0.0], [6.0, 0.0, 0.0], [24.0, 50.0, 0.0], [24.0, 34.0, 0.0], [8.0, 7.0, 0.0], [26.0, 7.0, 1.0], [-23.0, -141.0, 0.0], [-2.0, 4.0, 0.0], [3.0, 6.0, 0.0], [12.0, 10.0, 0.0], [33.0, 21.0, 0.0], [19.0, 4.0, 1.0], [-9.0, -37.0, 0.0], [7.0, 17.0, 0.0], [24.0, 33.0, 0.0], [21.0, 12.0, 0.0], [17.0, 1.0, 0.0], [12.0, -4.0, 1.0]], "gt_class_names": ["cloud", "cloud", "cloud", "cloud", "pond", "sheep", "mountain"]}