{"img_id": "sceneid-139-userid-55", "img_w": 1100, "img_h": 770, "object_divisions": [0, 14, 27, 32, 37, 42, 45], "scene_strokes": [[186.0, 520.703125, 0.0], [2.0, -68.0, 0.0], [-3.0, -48.0, 0.0], [-11.0, -44.0, 0.0], [-18.0, -33.0, 0.0], [-30.0, -32.0, 0.0], [-17.0, -9.0, 0.0], [-24.0, 2.0, 0.0], [-14.0, 10.0, 0.0], [-12.0, 19.0, 0.0], [-7.0, 14.0, 0.0], [-8.0, 38.0, 0.0], [-3.0, 57.0, 0.0], [7.0, 116.0, 0.0], [-3.0, 31.0, 1.0], [10.0, -4.0, 0.0], [128.0, -58.0, 1.0], [-132.0, -135.0, 0.0], [6.0, 24.0, 0.0], [-2.0, 142.0, 0.0], [5.0, 20.0, 1.0], [-13.0, -172.0, 0.0], [6.0, -14.0, 0.0], [15.0, -19.0, 0.0], [26.0, -21.0, 0.0], [25.0, 0.0, 0.0], [12.0, 8.0, 0.0], [7.0, 20.0, 0.0], [8.0, 50.0, 0.0], [6.0, 65.0, 0.0], [1.0, 49.0, 1.0], [-100.0, -142.0, 0.0], [28.0, 22.0, 1.0], [-7.0, -22.0, 0.0], [-8.0, 31.0, 1.0], [14.0, -7.0, 0.0], [11.0, 9.0, 0.0], [16.0, 6.0, 1.0], [-4.0, -1.0, 0.0], [-19.0, 39.0, 1.0], [5.0, -6.0, 0.0], [35.0, 24.0, 1.0], [6.0, -2.0, 0.0], [-20.0, 36.0, 1.0], [-14.0, -11.0, 0.0], [7.0, 19.0, 0.0], [15.0, 13.0, 1.0], [-47.0, -9.0, 0.0], [23.0, 17.0, 1.0], [26.0, -176.0, 0.0], [-24.0, 47.0, 1.0], [-9.0, -34.0, 0.0], [39.0, 17.0, 1.0], [761.0, 104.703125, 0.0], [6.0, -22.0, 0.0], [32.0, -76.0, 0.0], [16.0, -32.0, 0.0], [23.0, -36.0, 0.0], [37.0, -44.0, 0.0], [21.0, -14.0, 0.0], [17.0, -6.0, 0.0], [13.0, 19.0, 0.0], [13.0, 30.0, 0.0], [10.0, 44.0, 0.0], [5.0, 69.0, 0.0], [-2.0, 122.0, 1.0], [-192.0, -29.0, 0.0], [26.0, 1.0, 0.0], [34.0, -102.0, 0.0], [18.0, -42.0, 0.0], [23.0, -29.0, 0.0], [6.0, -5.0, 0.0], [9.0, 0.0, 0.0], [13.0, 12.0, 0.0], [18.0, 47.0, 0.0], [5.0, 48.0, 0.0], [1.0, 54.0, 0.0], [7.0, 47.0, 1.0], [-152.0, -31.0, 0.0], [122.0, 16.0, 0.0], [37.0, 9.0, 1.0], [-88.0, -146.0, 0.0], [24.0, 23.0, 1.0], [8.0, -29.0, 0.0], [-49.0, 37.0, 1.0], [-3.0, -10.0, 0.0], [3.0, 0.0, 0.0], [23.0, 29.0, 0.0], [16.0, 15.0, 1.0], [19.0, -5.0, 0.0], [-41.0, 38.0, 1.0], [1.0, 6.0, 0.0], [28.0, 29.0, 1.0], [16.0, -22.0, 0.0], [7.0, 24.0, 1.0], [17.0, -69.0, 0.0], [-25.0, 20.0, 0.0], [-16.0, 8.0, 1.0], [-3.0, -113.0, 0.0], [38.0, 31.0, 1.0], [-34.0, -73.0, 0.0], [-30.0, 30.0, 1.0], [43.0, -22.0, 0.0], [6.0, 42.0, 1.0], [-656.0, 239.703125, 0.0], [0.0, 42.0, 0.0], [4.0, 13.0, 0.0], [19.0, 29.0, 0.0], [15.0, 14.0, 0.0], [39.0, 19.0, 0.0], [42.0, 8.0, 0.0], [38.0, -2.0, 0.0], [28.0, -6.0, 0.0], [18.0, -5.0, 0.0], [47.0, -21.0, 0.0], [18.0, -11.0, 0.0], [33.0, -30.0, 0.0], [23.0, -34.0, 0.0], [6.0, -14.0, 0.0], [4.0, -34.0, 0.0], [-7.0, -27.0, 0.0], [-18.0, -31.0, 0.0], [-18.0, -15.0, 0.0], [-30.0, -17.0, 0.0], [-35.0, -11.0, 0.0], [-28.0, -3.0, 0.0], [-40.0, 2.0, 0.0], [-30.0, 6.0, 0.0], [-35.0, 13.0, 0.0], [-25.0, 14.0, 0.0], [-32.0, 26.0, 0.0], [-19.0, 20.0, 0.0], [-19.0, 32.0, 0.0], [-10.0, 36.0, 0.0], [1.0, 26.0, 1.0], [349.0, -39.0, 0.0], [221.0, 1.0, 0.0], [92.0, 4.0, 1.0], [-676.0, -8.0, 0.0], [-17.0, -2.0, 0.0], [-108.0, 14.0, 0.0], [-120.0, 8.0, 0.0], [-109.0, -1.0, 1.0], [545.0, -143.0, 0.0], [1.0, 20.0, 0.0], [-8.0, 52.0, 0.0], [-35.0, 128.0, 0.0], [-6.0, 37.0, 1.0], [-130.0, -109.0, 0.0], [225.0, -13.0, 0.0], [90.0, 1.0, 0.0], [33.0, 5.0, 1.0], [-385.0, -345.296875, 0.0], [-1.0, 9.0, 0.0], [5.0, 15.0, 0.0], [9.0, 15.0, 0.0], [13.0, 9.0, 0.0], [9.0, 2.0, 0.0], [9.0, -3.0, 0.0], [17.0, -18.0, 0.0], [5.0, -11.0, 0.0], [3.0, -24.0, 0.0], [-4.0, -15.0, 0.0], [-15.0, -9.0, 0.0], [-16.0, 1.0, 0.0], [-20.0, 10.0, 0.0], [-11.0, 14.0, 0.0], [-5.0, 11.0, 0.0], [-3.0, 23.0, 1.0], [32.0, 29.0, 0.0], [-4.0, 26.0, 0.0], [-16.0, 54.0, 0.0], [0.0, 17.0, 1.0], [-8.0, 3.0, 0.0], [-50.0, 77.0, 1.0], [63.0, -64.0, 0.0], [24.0, 64.0, 1.0], [-62.0, -136.0, 0.0], [70.0, -3.0, 0.0], [23.0, 4.0, 1.0], [438.0, -101.296875, 0.0], [2.0, 24.0, 0.0], [4.0, 10.0, 0.0], [10.0, 11.0, 0.0], [9.0, 5.0, 0.0], [11.0, 1.0, 0.0], [17.0, -4.0, 0.0], [17.0, -11.0, 0.0], [22.0, -22.0, 0.0], [6.0, -13.0, 0.0], [1.0, -12.0, 0.0], [-4.0, -11.0, 0.0], [-12.0, -14.0, 0.0], [-11.0, -6.0, 0.0], [-19.0, -3.0, 0.0], [-13.0, 2.0, 0.0], [-13.0, 5.0, 0.0], [-26.0, 23.0, 0.0], [-8.0, 19.0, 0.0], [2.0, 15.0, 1.0], [31.0, 43.0, 0.0], [-30.0, 64.0, 0.0], [-29.0, 38.0, 1.0], [-11.0, 11.0, 0.0], [-73.0, 63.0, 1.0], [82.0, -64.0, 0.0], [46.0, 77.0, 1.0], [-61.0, -139.0, 0.0], [115.0, -3.0, 1.0], [-323.0, 98.703125, 0.0], [11.0, 16.0, 0.0], [15.0, 7.0, 0.0], [12.0, -1.0, 0.0], [17.0, -10.0, 0.0], [8.0, -10.0, 0.0], [4.0, -22.0, 0.0], [-13.0, -26.0, 0.0], [-9.0, -5.0, 0.0], [-20.0, 2.0, 0.0], [-12.0, 7.0, 0.0], [-12.0, 16.0, 0.0], [-1.0, 21.0, 0.0], [10.0, 12.0, 0.0], [22.0, 5.0, 0.0], [10.0, -3.0, 0.0], [12.0, -10.0, 0.0], [5.0, -22.0, 0.0], [-5.0, -16.0, 0.0], [-8.0, -6.0, 0.0], [-12.0, 0.0, 0.0], [-18.0, 10.0, 0.0], [-9.0, 11.0, 0.0], [-6.0, 17.0, 0.0], [1.0, 10.0, 0.0], [4.0, 5.0, 0.0], [11.0, 1.0, 0.0], [16.0, -13.0, 0.0], [4.0, -10.0, 0.0], [1.0, -16.0, 0.0], [-4.0, -8.0, 0.0], [-10.0, -4.0, 0.0], [-16.0, 12.0, 0.0], [-5.0, 11.0, 0.0], [-2.0, 16.0, 0.0], [4.0, 7.0, 0.0], [7.0, 2.0, 0.0], [15.0, -4.0, 0.0], [17.0, -16.0, 0.0], [5.0, -15.0, 0.0], [-1.0, -7.0, 0.0], [-4.0, -3.0, 0.0], [-11.0, 5.0, 0.0], [-9.0, 9.0, 0.0], [-10.0, 22.0, 0.0], [3.0, 9.0, 0.0], [5.0, 1.0, 0.0], [18.0, -15.0, 0.0], [6.0, -21.0, 0.0], [-3.0, -5.0, 0.0], [-6.0, 0.0, 0.0], [-7.0, 6.0, 0.0], [-13.0, 24.0, 0.0], [0.0, 8.0, 0.0], [4.0, 1.0, 0.0], [11.0, -11.0, 0.0], [6.0, -22.0, 0.0], [-3.0, -6.0, 0.0], [-7.0, -1.0, 0.0], [-6.0, 5.0, 0.0], [-11.0, 25.0, 0.0], [2.0, 10.0, 0.0], [13.0, -8.0, 0.0], [7.0, -21.0, 0.0], [-6.0, -10.0, 0.0], [-10.0, 5.0, 0.0], [-8.0, 9.0, 0.0], [-6.0, 12.0, 0.0], [-3.0, 23.0, 0.0], [8.0, 0.0, 0.0], [12.0, -12.0, 0.0], [7.0, -23.0, 0.0], [-1.0, -4.0, 0.0], [-4.0, -1.0, 0.0], [-8.0, 9.0, 0.0], [-7.0, 20.0, 0.0], [0.0, 10.0, 0.0], [5.0, 1.0, 0.0], [15.0, -14.0, 1.0], [-6.0, -16.0, 0.0], [-10.0, 19.0, 0.0], [-3.0, 18.0, 0.0], [5.0, 0.0, 0.0], [10.0, -9.0, 1.0], [4.0, -26.0, 0.0], [-8.0, 18.0, 0.0], [-1.0, 14.0, 0.0], [11.0, -6.0, 0.0], [10.0, -13.0, 0.0], [6.0, -18.0, 0.0], [-3.0, -6.0, 0.0], [-8.0, 30.0, 0.0], [2.0, 6.0, 0.0], [4.0, 1.0, 0.0], [13.0, -13.0, 0.0], [2.0, -18.0, 0.0], [-2.0, -4.0, 0.0], [-5.0, 2.0, 0.0], [-7.0, 17.0, 0.0], [-1.0, 11.0, 0.0], [5.0, 3.0, 0.0], [6.0, -12.0, 0.0], [0.0, -25.0, 0.0], [-5.0, 8.0, 0.0], [-5.0, 34.0, 0.0], [6.0, 2.0, 0.0], [9.0, -11.0, 0.0], [2.0, -25.0, 0.0], [-4.0, -9.0, 0.0], [-9.0, -4.0, 0.0], [-9.0, 3.0, 0.0], [-10.0, 8.0, 0.0], [-13.0, 21.0, 0.0], [-5.0, 14.0, 0.0], [0.0, 11.0, 0.0], [6.0, 5.0, 0.0], [7.0, -1.0, 0.0], [8.0, -6.0, 0.0], [12.0, -14.0, 0.0], [4.0, -12.0, 0.0], [-1.0, -24.0, 0.0], [-8.0, -12.0, 0.0], [-8.0, -2.0, 0.0], [-12.0, 6.0, 0.0], [-11.0, 22.0, 0.0], [0.0, 13.0, 0.0], [6.0, 12.0, 0.0], [18.0, 2.0, 0.0], [14.0, -9.0, 0.0], [10.0, -21.0, 0.0], [-1.0, -18.0, 0.0], [-4.0, -9.0, 0.0], [-6.0, -4.0, 0.0], [-13.0, 5.0, 0.0], [-14.0, 23.0, 0.0], [-3.0, 20.0, 0.0], [4.0, 11.0, 0.0], [7.0, 5.0, 0.0], [14.0, 0.0, 0.0], [10.0, -6.0, 0.0], [8.0, -9.0, 0.0], [6.0, -18.0, 0.0], [-1.0, -12.0, 0.0], [-6.0, -7.0, 0.0], [-14.0, -1.0, 0.0], [-11.0, 10.0, 0.0], [-10.0, 16.0, 0.0], [-6.0, 35.0, 1.0]], "gt_class_names": ["goal", "goal", "soccer field", "yoga", "yoga", "soccer ball"]}