{"img_id": "sceneid-129-userid-54", "img_w": 1100, "img_h": 770, "object_divisions": [0, 1, 12, 15, 20, 25, 30, 36, 40, 46, 48, 50], "scene_strokes": [[17.421875, 420.703125, 0.0], [86.0, -7.0, 0.0], [108.0, -1.0, 0.0], [194.0, 8.0, 0.0], [224.0, 14.0, 0.0], [251.0, 6.0, 0.0], [67.0, -1.0, 0.0], [142.0, -13.0, 0.0], [-5.0, -2.0, 1.0], [-1044.578125, -195.296875, 0.0], [51.0, -23.0, 0.0], [30.0, -23.0, 0.0], [30.0, -30.0, 0.0], [34.0, -50.0, 0.0], [14.0, -29.0, 0.0], [11.0, -38.0, 1.0], [-147.0, 195.0, 0.0], [16.0, 25.0, 0.0], [16.0, 46.0, 0.0], [6.0, 53.0, 0.0], [-1.0, 71.0, 1.0], [-9.0, -280.0, 0.0], [32.0, -54.0, 0.0], [14.0, -51.0, 1.0], [-96.0, 258.0, 0.0], [-4.0, 31.0, 0.0], [-26.0, 91.0, 1.0], [833.0, -420.0, 0.0], [14.0, 66.0, 0.0], [26.0, 56.0, 0.0], [29.0, 36.0, 0.0], [29.0, 24.0, 0.0], [16.0, 9.0, 1.0], [-9.0, 3.0, 0.0], [-14.0, 37.0, 0.0], [-17.0, 97.0, 0.0], [0.0, 62.0, 0.0], [6.0, 22.0, 0.0], [7.0, 5.0, 1.0], [-5.0, -357.0, 0.0], [24.0, 47.0, 0.0], [20.0, 31.0, 0.0], [44.0, 44.0, 0.0], [17.0, 8.0, 1.0], [4.0, 25.0, 0.0], [-14.0, 25.0, 0.0], [-16.0, 42.0, 0.0], [-8.0, 56.0, 0.0], [5.0, 42.0, 0.0], [5.0, 11.0, 0.0], [8.0, 10.0, 0.0], [3.0, 0.0, 1.0], [-6.0, -358.0, 0.0], [10.0, 50.0, 0.0], [15.0, 30.0, 0.0], [20.0, 26.0, 1.0], [10.0, 118.0, 0.0], [-5.0, 30.0, 0.0], [0.0, 26.0, 0.0], [5.0, 28.0, 0.0], [7.0, 17.0, 0.0], [9.0, 12.0, 1.0], [-1008.0, -271.0, 0.0], [17.0, -38.0, 0.0], [7.0, -28.0, 1.0], [129.421875, 645.703125, 0.0], [-1.0, -15.0, 0.0], [4.0, -8.0, 0.0], [9.0, -4.0, 0.0], [9.0, 5.0, 0.0], [15.0, 22.0, 1.0], [-26.0, 13.0, 0.0], [7.0, 3.0, 0.0], [22.0, -3.0, 0.0], [7.0, -6.0, 0.0], [1.0, -7.0, 1.0], [-24.0, 41.0, 0.0], [3.0, 35.0, 1.0], [427.421875, -758.296875, 0.0], [-1.0, 28.0, 0.0], [5.0, 5.0, 0.0], [84.0, 4.0, 0.0], [9.0, -3.0, 0.0], [8.0, -31.0, 1.0], [-49.0, 31.0, 0.0], [-19.0, 44.0, 1.0], [40.0, -36.0, 0.0], [-1.0, 36.0, 1.0], [18.0, -36.0, 0.0], [18.0, 31.0, 1.0], [-87.0, -39.0, 0.0], [-8.0, 17.0, 0.0], [-25.0, 31.0, 1.0], [-383.578125, -64.296875, 0.0], [-3.0, 19.0, 0.0], [3.0, 5.0, 0.0], [10.0, 3.0, 0.0], [79.0, -6.0, 0.0], [63.0, 3.0, 0.0], [11.0, -4.0, 0.0], [5.0, -8.0, 0.0], [2.0, -24.0, 0.0], [-5.0, -6.0, 1.0], [-123.0, 38.0, 0.0], [-45.0, 65.0, 1.0], [55.0, -57.0, 0.0], [-3.0, 30.0, 0.0], [3.0, 17.0, 1.0], [25.0, -27.0, 0.0], [8.0, 30.0, 1.0], [13.0, -51.0, 0.0], [11.0, 22.0, 0.0], [20.0, 16.0, 1.0], [-125.578125, 91.703125, 0.0], [4.0, 13.0, 0.0], [6.0, 7.0, 0.0], [8.0, 1.0, 0.0], [6.0, -5.0, 0.0], [1.0, -12.0, 0.0], [-7.0, -15.0, 0.0], [-10.0, -1.0, 0.0], [-3.0, 6.0, 1.0], [2.0, 23.0, 0.0], [2.0, 126.0, 0.0], [-4.0, 39.0, 1.0], [-17.0, 28.0, 0.0], [15.0, -36.0, 0.0], [25.0, 21.0, 1.0], [-36.0, -109.0, 0.0], [14.0, -33.0, 0.0], [25.0, 32.0, 1.0], [5.0, -5.0, 0.0], [12.0, -23.0, 1.0], [-2.578125, -4.296875, 0.0], [5.0, -3.0, 0.0], [-7.0, 13.0, 0.0], [2.0, -11.0, 0.0], [10.0, -3.0, 0.0], [-6.0, 11.0, 1.0], [0.0, 3.0, 0.0], [27.0, 43.0, 1.0], [-20.0, -29.0, 0.0], [27.0, 34.0, 0.0], [6.0, 4.0, 0.0], [1.0, -3.0, 1.0], [-9.0, -15.0, 0.0], [-4.0, -6.0, 0.0], [9.0, 9.0, 1.0], [-7.0, -8.0, 0.0], [4.0, 6.0, 1.0], [-3.0, 0.0, 0.0], [-37.0, -44.0, 0.0], [1.0, -5.0, 0.0], [23.0, -8.0, 0.0], [10.0, 18.0, 0.0], [0.0, 24.0, 1.0], [149.421875, -51.296875, 0.0], [8.0, 18.0, 0.0], [11.0, 7.0, 0.0], [9.0, -1.0, 0.0], [10.0, -12.0, 0.0], [0.0, -18.0, 0.0], [-10.0, -17.0, 0.0], [-10.0, -3.0, 0.0], [-5.0, 2.0, 0.0], [-9.0, 17.0, 1.0], [18.0, 42.0, 0.0], [-2.0, 98.0, 1.0], [-18.0, 40.0, 0.0], [13.0, -39.0, 0.0], [6.0, -9.0, 0.0], [4.0, -1.0, 0.0], [2.0, 4.0, 0.0], [3.0, 23.0, 0.0], [3.0, 4.0, 1.0], [-38.0, -64.0, 0.0], [25.0, -34.0, 0.0], [15.0, 32.0, 0.0], [4.0, 2.0, 1.0], [0.421875, -1.296875, 0.0], [0.0, -24.0, 0.0], [2.0, -2.0, 0.0], [2.0, 9.0, 0.0], [0.0, 10.0, 0.0], [-4.0, 7.0, 0.0], [-1.0, -26.0, 0.0], [4.0, -4.0, 0.0], [4.0, 10.0, 0.0], [-1.0, 13.0, 0.0], [-5.0, 7.0, 0.0], [-4.0, -8.0, 0.0], [1.0, -16.0, 0.0], [5.0, 6.0, 0.0], [0.0, 8.0, 0.0], [-2.0, 3.0, 0.0], [-1.0, -2.0, 1.0], [0.0, -20.0, 0.0], [42.0, 15.0, 0.0], [29.0, 18.0, 0.0], [15.0, 5.0, 1.0], [-89.0, -16.0, 0.0], [41.0, 8.0, 0.0], [23.0, 12.0, 0.0], [3.0, -2.0, 0.0], [-3.0, -4.0, 1.0], [-46.0, -22.0, 0.0], [25.0, 18.0, 0.0], [-33.0, -22.0, 0.0], [38.0, 14.0, 0.0], [-38.0, -12.0, 0.0], [46.0, 19.0, 0.0], [-16.0, -8.0, 1.0], [-24.0, -11.0, 0.0], [30.0, 16.0, 1.0], [7.0, 4.0, 0.0], [-26.0, -11.0, 0.0], [20.0, 9.0, 0.0], [22.0, 16.0, 0.0], [-28.0, -16.0, 0.0], [43.0, 15.0, 0.0], [4.0, -3.0, 1.0], [-6.578125, -61.296875, 0.0], [2.0, -2.0, 0.0], [1.0, 3.0, 0.0], [-2.0, 3.0, 0.0], [-5.0, -1.0, 0.0], [-2.0, -8.0, 0.0], [4.0, 1.0, 0.0], [1.0, 5.0, 0.0], [-6.0, 4.0, 0.0], [-4.0, -3.0, 0.0], [7.0, -3.0, 1.0], [4.0, 1.0, 0.0], [45.0, -1.0, 0.0], [4.0, 46.0, 0.0], [-10.0, 133.0, 1.0], [-279.578125, -194.296875, 0.0], [4.0, 9.0, 0.0], [3.0, -7.0, 0.0], [-3.0, -6.0, 0.0], [-3.0, 0.0, 0.0], [2.0, 8.0, 1.0], [12.0, -4.0, 0.0], [29.0, -4.0, 0.0], [6.0, 2.0, 0.0], [-10.0, 182.0, 1.0]], "gt_class_names": ["stage", "curtain", "yoga", "stage lights", "stage lights", "yoga", "trumpet", "yoga", "clarinet", "microphone", "microphone"]}