{"img_id": "sceneid-74-userid-32", "img_w": 1100, "img_h": 770, "object_divisions": [0, 2, 6, 9, 13, 15, 29], "scene_strokes": [[621.0, 178.703125, 0.0], [-102.0, 126.0, 0.0], [-63.0, 71.0, 0.0], [-16.0, 23.0, 0.0], [3.0, 6.0, 0.0], [8.0, 4.0, 0.0], [51.0, 14.0, 0.0], [80.0, 43.0, 0.0], [70.0, 46.0, 0.0], [19.0, 15.0, 0.0], [12.0, 12.0, 0.0], [0.0, 4.0, 1.0], [-4.0, 3.0, 0.0], [84.0, -70.0, 0.0], [147.0, -111.0, 0.0], [14.0, -15.0, 0.0], [9.0, -16.0, 0.0], [0.0, -33.0, 0.0], [-5.0, -16.0, 0.0], [-16.0, -19.0, 0.0], [-32.0, -17.0, 0.0], [-91.0, -34.0, 0.0], [-114.0, -37.0, 0.0], [-79.0, -15.0, 1.0], [154.0, 233.703125, 0.0], [-23.0, 17.0, 0.0], [-18.0, 21.0, 0.0], [-4.0, 15.0, 0.0], [3.0, 6.0, 0.0], [6.0, 3.0, 0.0], [13.0, -1.0, 0.0], [34.0, -17.0, 0.0], [10.0, -8.0, 0.0], [17.0, -23.0, 0.0], [2.0, -11.0, 0.0], [-3.0, -6.0, 0.0], [-9.0, -5.0, 0.0], [-17.0, 1.0, 0.0], [-21.0, 8.0, 1.0], [35.0, -1.0, 0.0], [-28.0, 22.0, 0.0], [-8.0, 14.0, 1.0], [40.0, -35.0, 0.0], [11.0, -18.0, 0.0], [0.0, -10.0, 0.0], [-19.0, -49.0, 0.0], [0.0, -29.0, 0.0], [9.0, -26.0, 0.0], [1.0, -12.0, 0.0], [-12.0, -20.0, 0.0], [-2.0, -9.0, 1.0], [-1.0, -4.0, 0.0], [-18.0, -4.0, 1.0], [-452.0, 45.703125, 0.0], [0.0, 23.0, 0.0], [6.0, 17.0, 0.0], [10.0, 16.0, 0.0], [26.0, 15.0, 0.0], [12.0, 0.0, 0.0], [18.0, -6.0, 0.0], [11.0, -8.0, 0.0], [18.0, -23.0, 0.0], [9.0, -22.0, 0.0], [5.0, -37.0, 0.0], [-3.0, -13.0, 0.0], [-21.0, -23.0, 0.0], [-27.0, -9.0, 0.0], [-15.0, 0.0, 0.0], [-23.0, 9.0, 0.0], [-14.0, 11.0, 0.0], [-18.0, 22.0, 0.0], [-12.0, 33.0, 1.0], [78.0, 56.0, 0.0], [34.0, 97.0, 0.0], [55.0, 94.0, 0.0], [36.0, 40.0, 0.0], [22.0, 12.0, 0.0], [76.0, 6.0, 0.0], [55.0, 17.0, 1.0], [-139.0, -12.0, 0.0], [2.0, -3.0, 0.0], [5.0, 61.0, 0.0], [5.0, 13.0, 0.0], [10.0, 7.0, 1.0], [-172.0, -220.296875, 0.0], [19.0, 74.0, 0.0], [13.0, 34.0, 0.0], [11.0, 16.0, 0.0], [38.0, 33.0, 0.0], [20.0, 7.0, 0.0], [24.0, -1.0, 0.0], [17.0, -3.0, 0.0], [70.0, -26.0, 1.0], [-111.0, 33.0, 0.0], [-12.0, 142.0, 1.0], [11.0, -138.0, 0.0], [13.0, 35.0, 0.0], [39.0, 77.0, 1.0], [44.0, -146.0, 0.0], [-13.0, 82.0, 1.0], [-122.0, -197.296875, 0.0], [88.0, -30.0, 0.0], [34.0, -4.0, 0.0], [36.0, 5.0, 0.0], [80.0, 31.0, 0.0], [37.0, 0.0, 0.0], [31.0, -6.0, 0.0], [-5.0, -4.0, 1.0], [-318.0, 15.0, 0.0], [3.0, -15.0, 0.0], [25.0, -35.0, 0.0], [23.0, -14.0, 0.0], [17.0, -15.0, 0.0], [28.0, -8.0, 0.0], [25.0, -29.0, 0.0], [24.0, -13.0, 0.0], [20.0, -25.0, 1.0], [71.0, -88.296875, 0.0], [-6.0, 5.0, 0.0], [-2.0, 10.0, 0.0], [-1.0, 10.0, 0.0], [5.0, 14.0, 0.0], [12.0, 11.0, 0.0], [9.0, 1.0, 0.0], [12.0, -5.0, 0.0], [11.0, -11.0, 0.0], [3.0, -11.0, 0.0], [-3.0, -17.0, 0.0], [-11.0, -13.0, 0.0], [-14.0, -4.0, 0.0], [-13.0, 2.0, 0.0], [-7.0, 3.0, 0.0], [-12.0, 14.0, 1.0], [13.0, 25.0, 0.0], [-41.0, 5.0, 1.0], [19.0, 12.0, 0.0], [-13.0, 9.0, 1.0], [40.0, -22.0, 0.0], [-11.0, 15.0, 0.0], [-22.0, 21.0, 1.0], [63.0, -47.0, 0.0], [32.0, 7.0, 1.0], [-39.0, 0.0, 0.0], [22.0, 10.0, 0.0], [15.0, 2.0, 1.0], [-41.0, -9.0, 0.0], [51.0, -34.0, 1.0], [-73.0, 13.0, 0.0], [1.0, 0.0, 1.0], [18.0, -5.0, 0.0], [1.0, 0.0, 1.0], [-13.0, 30.0, 0.0], [3.0, 15.0, 0.0], [-2.0, 15.0, 0.0], [5.0, 17.0, 0.0], [14.0, 5.0, 0.0], [13.0, -1.0, 0.0], [4.0, -3.0, 0.0], [-1.0, -21.0, 0.0], [-8.0, -19.0, 0.0], [-10.0, -13.0, 1.0], [-16.0, 31.0, 0.0], [-2.0, 26.0, 0.0], [7.0, 14.0, 0.0], [10.0, 0.0, 0.0], [4.0, -5.0, 0.0], [-1.0, -20.0, 0.0], [-5.0, -10.0, 1.0], [8.0, 9.0, 0.0], [6.0, 12.0, 0.0], [7.0, 3.0, 0.0], [6.0, -5.0, 0.0], [1.0, -14.0, 0.0], [-9.0, -14.0, 1.0], [-28.0, -9.0, 0.0], [-4.0, -2.0, 0.0], [-12.0, 6.0, 0.0], [-26.0, 25.0, 0.0], [-42.0, 12.0, 0.0], [-16.0, -1.0, 1.0], [24.0, 6.0, 0.0], [21.0, -2.0, 0.0], [27.0, -11.0, 0.0], [23.0, -18.0, 0.0], [4.0, -12.0, 1.0]], "gt_class_names": ["table", "mouse", "yoga", "chair", "arm", "cat"]}