{"img_id": "sceneid-160-userid-71", "img_w": 1100, "img_h": 770, "object_divisions": [0, 8, 21], "scene_strokes": [[319.0, 498.703125, 0.0], [9.0, -40.0, 0.0], [13.0, -17.0, 0.0], [19.0, -14.0, 0.0], [28.0, -11.0, 0.0], [22.0, -4.0, 0.0], [18.0, 1.0, 0.0], [23.0, 10.0, 0.0], [16.0, 23.0, 0.0], [13.0, 63.0, 0.0], [-1.0, 44.0, 0.0], [-6.0, 50.0, 1.0], [-156.0, -99.0, 0.0], [14.0, 116.0, 0.0], [8.0, 21.0, 0.0], [11.0, 3.0, 0.0], [26.0, -1.0, 0.0], [102.0, -14.0, 0.0], [4.0, -12.0, 0.0], [-3.0, -28.0, 1.0], [-125.0, -47.0, 0.0], [56.0, -10.0, 0.0], [53.0, 4.0, 0.0], [5.0, 5.0, 0.0], [5.0, 15.0, 0.0], [-6.0, 55.0, 0.0], [-8.0, 9.0, 0.0], [-49.0, 9.0, 0.0], [-22.0, 1.0, 0.0], [-20.0, -6.0, 0.0], [-8.0, -7.0, 0.0], [-7.0, -20.0, 0.0], [-3.0, -25.0, 0.0], [2.0, -27.0, 1.0], [1.0, 23.0, 0.0], [47.0, -9.0, 0.0], [67.0, 4.0, 1.0], [-117.0, 8.0, 0.0], [-5.0, 19.0, 0.0], [6.0, -6.0, 0.0], [1.0, -10.0, 1.0], [-31.0, -21.0, 0.0], [-11.0, 0.0, 0.0], [-1.0, 22.0, 0.0], [12.0, 48.0, 0.0], [3.0, 4.0, 0.0], [5.0, 0.0, 0.0], [7.0, -5.0, 1.0], [142.0, -77.0, 0.0], [13.0, -4.0, 0.0], [2.0, 5.0, 0.0], [-3.0, 70.0, 0.0], [-6.0, 2.0, 0.0], [-6.0, -4.0, 1.0], [-162.0, -60.0, 0.0], [-1.0, -74.0, 0.0], [5.0, -21.0, 0.0], [12.0, -22.0, 0.0], [16.0, -17.0, 0.0], [29.0, -17.0, 0.0], [33.0, -7.0, 0.0], [28.0, 0.0, 0.0], [16.0, 4.0, 0.0], [12.0, 7.0, 0.0], [10.0, 9.0, 0.0], [5.0, 11.0, 0.0], [8.0, 36.0, 0.0], [2.0, 27.0, 0.0], [-9.0, 67.0, 1.0], [180.0, -160.296875, 0.0], [1.0, 53.0, 1.0], [1.0, -51.0, 0.0], [25.0, -7.0, 0.0], [54.0, -8.0, 0.0], [24.0, 2.0, 0.0], [12.0, 6.0, 0.0], [3.0, 5.0, 0.0], [-3.0, 3.0, 0.0], [-52.0, 8.0, 0.0], [-48.0, 0.0, 0.0], [-16.0, -4.0, 1.0], [119.0, -4.0, 0.0], [-3.0, 44.0, 1.0], [-119.0, 12.0, 0.0], [-29.0, 7.0, 0.0], [-26.0, 2.0, 0.0], [-31.0, 10.0, 1.0], [205.0, -28.0, 0.0], [16.0, 4.0, 0.0], [53.0, 4.0, 0.0], [20.0, 5.0, 1.0], [-295.0, 23.0, 0.0], [2.0, 5.0, 0.0], [8.0, 5.0, 0.0], [17.0, 6.0, 0.0], [52.0, 10.0, 0.0], [28.0, 1.0, 0.0], [30.0, -5.0, 0.0], [68.0, 4.0, 0.0], [62.0, -6.0, 0.0], [29.0, -15.0, 0.0], [15.0, -18.0, 1.0], [-214.0, -12.0, 0.0], [19.0, 3.0, 0.0], [56.0, -1.0, 0.0], [33.0, -13.0, 1.0], [-117.0, 8.0, 0.0], [7.0, -2.0, 0.0], [22.0, 4.0, 0.0], [42.0, 0.0, 0.0], [44.0, -6.0, 0.0], [12.0, -4.0, 0.0], [3.0, -2.0, 0.0], [-4.0, 0.0, 1.0], [-11.0, 5.0, 0.0], [-6.0, 4.0, 1.0], [-107.0, -56.0, 0.0], [1.0, 1.0, 1.0], [4.0, 0.0, 0.0], [-5.0, 5.0, 0.0], [-2.0, 16.0, 1.0], [8.0, -19.0, 0.0], [-9.0, 26.0, 0.0], [3.0, 21.0, 1.0], [202.0, 13.0, 0.0], [5.0, 1.0, 0.0], [12.0, 13.0, 1.0]], "gt_class_names": ["backpack", "hat"]}