{"img_id": "sceneid-141-userid-64", "img_w": 1100, "img_h": 770, "object_divisions": [0, 8, 14, 24, 25, 26, 27, 28, 29, 30, 41, 53, 57], "scene_strokes": [[203.421875, 394.703125, 0.0], [2.0, 44.0, 0.0], [-8.0, 110.0, 0.0], [4.0, 116.0, 1.0], [-112.0, -258.0, 0.0], [29.0, 2.0, 0.0], [79.0, -3.0, 0.0], [204.0, -17.0, 0.0], [140.0, -6.0, 0.0], [109.0, 2.0, 0.0], [28.0, 4.0, 1.0], [-147.0, -5.0, 0.0], [3.0, 38.0, 0.0], [-3.0, 170.0, 0.0], [-4.0, 64.0, 0.0], [-3.0, -4.0, 1.0], [-433.0, -254.0, 0.0], [14.0, -24.0, 0.0], [40.0, -51.0, 1.0], [536.0, 62.0, 0.0], [17.0, -28.0, 0.0], [33.0, -31.0, 1.0], [-585.0, -23.0, 0.0], [85.0, 10.0, 0.0], [372.0, 4.0, 0.0], [132.0, 14.0, 1.0], [-472.0, 67.0, 0.0], [5.0, 119.0, 0.0], [0.0, 3.0, 0.0], [-3.0, -1.0, 1.0], [212.0, -137.0, 0.0], [-3.0, 60.0, 0.0], [4.0, 39.0, 0.0], [-2.0, 26.0, 1.0], [-307.578125, -176.296875, 0.0], [8.0, 19.0, 0.0], [17.0, 27.0, 1.0], [-25.0, -50.0, 0.0], [63.0, -38.0, 0.0], [13.0, -5.0, 0.0], [28.0, 55.0, 0.0], [-97.0, 45.0, 1.0], [65.0, -106.0, 0.0], [50.0, -30.0, 0.0], [72.0, -37.0, 0.0], [14.0, -6.0, 0.0], [8.0, 0.0, 1.0], [-147.0, 72.0, 0.0], [75.0, -33.0, 0.0], [110.0, -30.0, 0.0], [17.0, -4.0, 0.0], [6.0, 0.0, 0.0], [-6.0, 3.0, 1.0], [-163.0, 120.0, 0.0], [113.0, -93.0, 0.0], [34.0, -30.0, 0.0], [4.0, -7.0, 1.0], [-167.0, 59.0, 0.0], [66.0, -23.0, 0.0], [54.0, -9.0, 0.0], [28.0, -9.0, 1.0], [-46.578125, 91.703125, 0.0], [2.0, 9.0, 0.0], [-5.0, 26.0, 0.0], [-26.0, 28.0, 1.0], [44.0, -59.0, 0.0], [1.0, 6.0, 0.0], [-5.0, 15.0, 0.0], [-14.0, 17.0, 0.0], [-25.0, 15.0, 0.0], [-15.0, 2.0, 1.0], [72.0, -50.0, 0.0], [-4.0, 15.0, 0.0], [-15.0, 18.0, 0.0], [-16.0, 10.0, 0.0], [-23.0, 4.0, 1.0], [75.0, -46.0, 0.0], [-7.0, 18.0, 0.0], [-17.0, 15.0, 0.0], [-37.0, 15.0, 0.0], [-13.0, -2.0, 1.0], [90.0, -49.0, 0.0], [-2.0, 19.0, 0.0], [-14.0, 17.0, 0.0], [-13.0, 7.0, 0.0], [-36.0, 4.0, 1.0], [81.0, -53.0, 0.0], [4.0, 16.0, 0.0], [-5.0, 9.0, 0.0], [-9.0, 10.0, 0.0], [-13.0, 8.0, 0.0], [-24.0, 10.0, 1.0], [25.0, -59.0, 0.0], [-11.0, -26.0, 0.0], [8.0, 5.0, 0.0], [15.0, 26.0, 0.0], [-1.0, -17.0, 0.0], [4.0, -16.0, 0.0], [-2.0, 19.0, 0.0], [-2.0, 7.0, 0.0], [-2.0, -3.0, 0.0], [5.0, -11.0, 0.0], [3.0, 0.0, 0.0], [3.0, 7.0, 1.0], [-47.0, 13.0, 0.0], [-4.0, -7.0, 0.0], [0.0, -16.0, 0.0], [6.0, 18.0, 0.0], [11.0, -12.0, 0.0], [2.0, 16.0, 0.0], [12.0, 0.0, 1.0], [-63.0, -9.0, 0.0], [2.0, -14.0, 0.0], [6.0, -7.0, 0.0], [8.0, 20.0, 0.0], [6.0, -16.0, 0.0], [5.0, 11.0, 0.0], [6.0, 4.0, 0.0], [-2.0, 7.0, 0.0], [-3.0, -5.0, 0.0], [-2.0, 1.0, 0.0], [-6.0, 12.0, 0.0], [6.0, -10.0, 0.0], [1.0, 5.0, 0.0], [4.0, 0.0, 0.0], [8.0, -14.0, 0.0], [-10.0, 12.0, 1.0], [-28.0, -6.0, 0.0], [18.0, -16.0, 0.0], [24.0, -14.0, 0.0], [4.0, 0.0, 0.0], [-3.0, 15.0, 0.0], [2.0, 2.0, 0.0], [30.0, -18.0, 0.0], [-9.0, 20.0, 0.0], [22.0, -10.0, 0.0], [-10.0, 13.0, 0.0], [0.0, 3.0, 0.0], [5.0, 0.0, 0.0], [-21.0, 16.0, 0.0], [22.0, -9.0, 0.0], [-2.0, 16.0, 1.0], [54.421875, -1.296875, 0.0], [-2.0, -4.0, 0.0], [-14.0, 2.0, 0.0], [-15.0, 19.0, 0.0], [-1.0, 8.0, 0.0], [3.0, 4.0, 0.0], [11.0, 0.0, 0.0], [16.0, -9.0, 0.0], [9.0, -14.0, 0.0], [-4.0, -8.0, 0.0], [-11.0, 0.0, 0.0], [-9.0, 4.0, 0.0], [-6.0, 8.0, 0.0], [5.0, 6.0, 1.0], [32.421875, -16.296875, 0.0], [-9.0, 2.0, 0.0], [-9.0, 15.0, 0.0], [1.0, 6.0, 0.0], [6.0, 3.0, 0.0], [8.0, -2.0, 0.0], [22.0, -16.0, 0.0], [6.0, -12.0, 0.0], [-1.0, -5.0, 0.0], [-15.0, 0.0, 0.0], [-20.0, 15.0, 1.0], [-5.578125, 13.703125, 0.0], [-16.0, 7.0, 0.0], [-4.0, 17.0, 0.0], [5.0, 5.0, 0.0], [9.0, 0.0, 0.0], [17.0, -12.0, 0.0], [1.0, -5.0, 0.0], [-4.0, -6.0, 0.0], [-11.0, 0.0, 0.0], [-11.0, 12.0, 0.0], [0.0, 4.0, 0.0], [5.0, 4.0, 1.0], [42.421875, -28.296875, 0.0], [-4.0, -2.0, 0.0], [-8.0, 4.0, 0.0], [-9.0, 13.0, 0.0], [-1.0, 4.0, 0.0], [4.0, 3.0, 0.0], [14.0, -7.0, 0.0], [7.0, -10.0, 0.0], [1.0, -12.0, 0.0], [-5.0, -4.0, 0.0], [-7.0, 2.0, 0.0], [-16.0, 13.0, 1.0], [-17.578125, 27.703125, 0.0], [-3.0, 14.0, 0.0], [6.0, 3.0, 0.0], [10.0, -2.0, 0.0], [13.0, -10.0, 0.0], [4.0, -6.0, 0.0], [-2.0, -3.0, 0.0], [-9.0, -3.0, 0.0], [-10.0, 2.0, 0.0], [-7.0, 6.0, 1.0], [46.421875, -18.296875, 0.0], [-4.0, 0.0, 0.0], [-6.0, 7.0, 0.0], [-1.0, 8.0, 0.0], [1.0, 4.0, 0.0], [9.0, 0.0, 0.0], [3.0, -7.0, 0.0], [-7.0, -8.0, 1.0], [49.421875, -62.296875, 0.0], [-6.0, -16.0, 0.0], [-19.0, -22.0, 1.0], [30.0, 36.0, 0.0], [6.0, -18.0, 0.0], [9.0, -11.0, 0.0], [20.0, -10.0, 1.0], [-57.0, -11.0, 0.0], [15.0, 21.0, 0.0], [0.0, 16.0, 1.0], [7.0, -33.0, 0.0], [3.0, 17.0, 1.0], [10.0, -17.0, 0.0], [-2.0, 18.0, 1.0], [-23.0, 27.0, 0.0], [-13.0, 5.0, 0.0], [-5.0, 10.0, 0.0], [0.0, 26.0, 0.0], [3.0, 7.0, 0.0], [9.0, 5.0, 0.0], [17.0, -4.0, 0.0], [18.0, -12.0, 0.0], [7.0, -10.0, 0.0], [-2.0, -8.0, 0.0], [-8.0, -10.0, 0.0], [-12.0, -6.0, 0.0], [-12.0, -1.0, 1.0], [15.0, 10.0, 0.0], [-10.0, -3.0, 0.0], [-13.0, 1.0, 0.0], [-14.0, 11.0, 0.0], [-1.0, 5.0, 0.0], [7.0, 11.0, 0.0], [11.0, 3.0, 0.0], [9.0, -2.0, 0.0], [10.0, -7.0, 0.0], [3.0, -8.0, 0.0], [-2.0, -10.0, 0.0], [-15.0, 1.0, 0.0], [-12.0, 7.0, 1.0], [11.0, -9.0, 0.0], [-13.0, 6.0, 0.0], [-4.0, 8.0, 0.0], [1.0, 11.0, 0.0], [14.0, 2.0, 0.0], [16.0, -9.0, 0.0], [3.0, -7.0, 0.0], [-10.0, -5.0, 0.0], [-12.0, 6.0, 0.0], [-6.0, 7.0, 1.0], [20.0, -5.0, 0.0], [-9.0, 9.0, 0.0], [-5.0, 13.0, 0.0], [6.0, 3.0, 0.0], [12.0, -5.0, 0.0], [6.0, -6.0, 0.0], [0.0, -9.0, 0.0], [-10.0, -1.0, 0.0], [-10.0, 4.0, 1.0], [16.0, -12.0, 0.0], [-6.0, 1.0, 0.0], [-7.0, 7.0, 0.0], [-2.0, 15.0, 0.0], [8.0, 0.0, 0.0], [18.0, -10.0, 0.0], [-1.0, -9.0, 0.0], [-7.0, -1.0, 0.0], [-12.0, 5.0, 1.0], [24.0, -15.0, 0.0], [-15.0, 3.0, 0.0], [-7.0, 8.0, 0.0], [-4.0, 9.0, 0.0], [1.0, 5.0, 0.0], [2.0, 3.0, 0.0], [7.0, 0.0, 0.0], [11.0, -8.0, 0.0], [2.0, -6.0, 0.0], [-2.0, -10.0, 0.0], [-10.0, 0.0, 1.0], [247.421875, -176.296875, 0.0], [1.0, 100.0, 0.0], [-20.0, 174.0, 0.0], [0.0, 42.0, 1.0], [-20.0, -8.0, 0.0], [-22.0, 0.0, 0.0], [-110.0, 28.0, 1.0], [-3.0, 16.0, 0.0], [3.0, 21.0, 0.0], [-3.0, 57.0, 0.0], [36.0, -9.0, 0.0], [125.0, -19.0, 0.0], [3.0, -35.0, 0.0], [-8.0, -55.0, 0.0], [-5.0, -3.0, 1.0], [-140.0, 126.0, 0.0], [14.0, 111.0, 1.0], [100.0, -137.0, 0.0], [14.0, 17.0, 0.0], [6.0, 20.0, 0.0], [11.0, 67.0, 0.0], [4.0, 2.0, 1.0], [-119.0, -74.0, 0.0], [3.0, 25.0, 0.0], [3.0, 10.0, 0.0], [7.0, 9.0, 1.0], [57.0, -63.0, 0.0], [1.0, 21.0, 0.0], [-15.0, 56.0, 1.0], [17.0, -191.0, 0.0], [1.0, -122.0, 0.0], [8.0, -83.0, 0.0], [-9.0, -77.0, 0.0], [8.0, -8.0, 0.0], [21.0, -10.0, 0.0], [34.0, -9.0, 0.0], [19.0, 0.0, 1.0], [-77.0, 78.0, 0.0], [61.0, 0.0, 1.0], [-55.0, 83.0, 0.0], [39.0, -4.0, 1.0], [-51.0, 71.0, 0.0], [39.0, -4.0, 1.0], [-45.0, 67.0, 0.0], [45.0, -13.0, 1.0], [-153.578125, -147.296875, 0.0], [-2.0, -3.0, 0.0], [-7.0, 3.0, 0.0], [-16.0, 21.0, 0.0], [-12.0, 27.0, 0.0], [-1.0, 17.0, 0.0], [6.0, 13.0, 0.0], [13.0, 11.0, 0.0], [9.0, 4.0, 0.0], [19.0, 2.0, 0.0], [29.0, -5.0, 0.0], [27.0, -12.0, 0.0], [19.0, -22.0, 0.0], [4.0, -10.0, 0.0], [-1.0, -25.0, 0.0], [-16.0, -17.0, 0.0], [-36.0, -20.0, 0.0], [-26.0, 0.0, 0.0], [-33.0, 15.0, 1.0], [29.0, -15.0, 0.0], [-2.0, -27.0, 0.0], [5.0, -31.0, 0.0], [10.0, -13.0, 0.0], [7.0, -3.0, 0.0], [14.0, -1.0, 0.0], [18.0, 7.0, 0.0], [20.0, 46.0, 0.0], [4.0, 40.0, 0.0], [-9.0, 39.0, 0.0], [-21.0, 39.0, 0.0], [-6.0, 0.0, 0.0], [-10.0, -10.0, 1.0], [-26.0, -124.0, 0.0], [11.0, -14.0, 0.0], [20.0, 0.0, 0.0], [9.0, 14.0, 0.0], [11.0, 40.0, 0.0], [1.0, 22.0, 0.0], [-4.0, 16.0, 0.0], [-19.0, 39.0, 1.0], [-18.0, -53.0, 0.0], [-8.0, -5.0, 0.0], [-14.0, 8.0, 0.0], [-11.0, 26.0, 0.0], [1.0, 19.0, 0.0], [10.0, 5.0, 0.0], [27.0, -4.0, 0.0], [20.0, -10.0, 0.0], [12.0, -13.0, 0.0], [-1.0, -8.0, 0.0], [-20.0, -9.0, 0.0], [-25.0, -1.0, 0.0], [-16.0, 9.0, 0.0], [-8.0, 11.0, 0.0], [0.0, 16.0, 0.0], [10.0, 8.0, 0.0], [23.0, 0.0, 0.0], [36.0, -13.0, 0.0], [2.0, -5.0, 0.0], [-5.0, -9.0, 0.0], [-18.0, -13.0, 1.0]], "gt_class_names": ["table", "knife", "banana", "potato", "potato", "potato", "potato", "potato", "potato", "onion", "chair", "basket"]}