{"img_id": "sceneid-33-userid-15", "img_w": 1100, "img_h": 770, "object_divisions": [0, 5, 9, 12, 15, 17, 28], "scene_strokes": [[513.421875, 560.703125, 0.0], [10.0, 7.0, 0.0], [10.0, -1.0, 0.0], [15.0, -5.0, 0.0], [13.0, -9.0, 0.0], [0.0, -18.0, 0.0], [-8.0, -13.0, 0.0], [-8.0, -6.0, 0.0], [-14.0, 0.0, 0.0], [-16.0, 9.0, 0.0], [-10.0, 13.0, 0.0], [-3.0, 18.0, 0.0], [7.0, 11.0, 1.0], [22.0, 1.0, 0.0], [-5.0, 51.0, 0.0], [-7.0, 29.0, 0.0], [1.0, 12.0, 0.0], [-9.0, -8.0, 0.0], [-12.0, -2.0, 0.0], [-43.0, 11.0, 0.0], [-6.0, 10.0, 0.0], [-8.0, 66.0, 1.0], [82.0, -132.0, 0.0], [-21.0, -2.0, 0.0], [-14.0, -15.0, 1.0], [41.0, 19.0, 0.0], [6.0, 1.0, 0.0], [19.0, 26.0, 1.0], [-39.0, 26.0, 0.0], [-17.0, -4.0, 0.0], [-35.0, 15.0, 0.0], [-8.0, 11.0, 0.0], [-6.0, 31.0, 0.0], [1.0, 10.0, 1.0], [26.421875, -145.296875, 0.0], [0.0, 21.0, 1.0], [0.0, -31.0, 0.0], [17.0, -8.0, 0.0], [3.0, 20.0, 0.0], [0.0, 11.0, 0.0], [-19.0, 11.0, 1.0], [-1.0, -32.0, 0.0], [-2.0, 13.0, 1.0], [11.0, -9.0, 0.0], [-1.0, -4.0, 0.0], [-3.0, 9.0, 0.0], [9.0, 3.0, 0.0], [0.0, -5.0, 0.0], [-4.0, 1.0, 1.0], [44.421875, -41.296875, 0.0], [-1.0, -1.0, 1.0], [13.0, 1.0, 0.0], [1.0, -5.0, 0.0], [-3.0, 4.0, 1.0], [-14.0, 19.0, 0.0], [8.0, 5.0, 0.0], [5.0, -6.0, 1.0], [16.421875, 80.703125, 0.0], [0.0, 4.0, 0.0], [3.0, -7.0, 0.0], [-2.0, -23.0, 1.0], [0.0, 0.0, 0.0], [13.0, -1.0, 0.0], [2.0, -3.0, 0.0], [-4.0, -2.0, 0.0], [-10.0, 5.0, 1.0], [13.0, 0.0, 0.0], [-12.0, 28.0, 1.0], [-85.578125, 33.703125, 0.0], [-12.0, 80.0, 1.0], [15.0, -86.0, 0.0], [12.0, -3.0, 0.0], [22.0, 2.0, 0.0], [21.0, 12.0, 0.0], [1.0, 4.0, 0.0], [-7.0, 18.0, 0.0], [-10.0, 63.0, 0.0], [-25.0, 3.0, 0.0], [-28.0, -5.0, 1.0], [-329.578125, -196.296875, 0.0], [15.0, 15.0, 0.0], [17.0, 8.0, 0.0], [5.0, -1.0, 0.0], [13.0, -12.0, 0.0], [7.0, -19.0, 0.0], [0.0, -13.0, 0.0], [-12.0, -12.0, 0.0], [-16.0, -4.0, 0.0], [-19.0, 4.0, 0.0], [-11.0, 13.0, 0.0], [-1.0, 34.0, 1.0], [31.0, 4.0, 0.0], [-8.0, 103.0, 1.0], [5.0, -65.0, 0.0], [-31.0, 46.0, 1.0], [36.0, -50.0, 0.0], [25.0, 57.0, 1.0], [-42.0, 18.0, 0.0], [-15.0, 26.0, 0.0], [-11.0, 27.0, 1.0], [41.0, -77.0, 0.0], [4.0, -1.0, 0.0], [2.0, 6.0, 0.0], [9.0, 55.0, 0.0], [5.0, 14.0, 1.0], [-51.0, -215.0, 0.0], [-20.0, 26.0, 0.0], [-8.0, 36.0, 0.0], [14.0, -43.0, 0.0], [14.0, -11.0, 0.0], [-23.0, 38.0, 0.0], [20.0, -33.0, 0.0], [7.0, -5.0, 0.0], [7.0, 0.0, 0.0], [-7.0, 0.0, 0.0], [-8.0, 5.0, 0.0], [-23.0, 29.0, 0.0], [4.0, -13.0, 0.0], [16.0, -18.0, 0.0], [24.0, -12.0, 0.0], [21.0, 3.0, 0.0], [5.0, 7.0, 0.0], [-14.0, -14.0, 0.0], [-18.0, 1.0, 0.0], [-11.0, 12.0, 0.0], [25.0, -2.0, 0.0], [41.0, 10.0, 0.0], [-22.0, -8.0, 0.0], [-26.0, -3.0, 0.0], [2.0, -5.0, 0.0], [19.0, -2.0, 0.0], [28.0, 25.0, 0.0], [4.0, 14.0, 0.0], [-9.0, -8.0, 1.0], [-14.0, -9.0, 0.0], [-9.0, -11.0, 0.0], [19.0, 8.0, 0.0], [19.0, 18.0, 0.0], [8.0, 12.0, 0.0], [-15.0, -20.0, 0.0], [-15.0, -12.0, 0.0], [4.0, -1.0, 0.0], [20.0, 43.0, 0.0], [-26.0, -51.0, 0.0], [20.0, 23.0, 0.0], [9.0, 17.0, 0.0], [-27.0, -49.0, 0.0], [15.0, 19.0, 0.0], [-10.0, -9.0, 0.0], [-13.0, -5.0, 0.0], [-18.0, -2.0, 0.0], [-15.0, 4.0, 0.0], [-10.0, 6.0, 0.0], [-17.0, 20.0, 0.0], [-14.0, 31.0, 0.0], [26.0, -59.0, 0.0], [-10.0, 18.0, 0.0], [-10.0, 29.0, 0.0], [0.0, 5.0, 0.0], [2.0, -1.0, 0.0], [9.0, -31.0, 0.0], [6.0, -10.0, 0.0], [-7.0, 41.0, 1.0], [30.0, -32.0, 0.0], [2.0, -2.0, 0.0], [0.0, 3.0, 1.0], [13.0, 6.0, 0.0], [1.0, -1.0, 1.0], [-7.0, 23.0, 0.0], [7.0, -6.0, 0.0], [3.0, 9.0, 1.0]], "gt_class_names": ["yoga", "cell phone", "smiley face", "ice cream", "counter", "yoga"]}