{"img_id": "sceneid-133-userid-56", "img_w": 1100, "img_h": 770, "object_divisions": [0, 1, 6, 14, 15, 16, 17, 18, 19, 20], "scene_strokes": [[94.0, 686.703125, 0.0], [-1.0, -32.0, 0.0], [21.0, -184.0, 0.0], [33.0, -180.0, 0.0], [33.0, -124.0, 0.0], [11.0, -30.0, 0.0], [6.0, -7.0, 0.0], [25.0, -10.0, 0.0], [64.0, -6.0, 0.0], [63.0, 4.0, 0.0], [135.0, 21.0, 0.0], [51.0, 4.0, 0.0], [73.0, 2.0, 0.0], [251.0, -4.0, 0.0], [43.0, 7.0, 0.0], [11.0, 5.0, 0.0], [19.0, 29.0, 0.0], [21.0, 56.0, 0.0], [10.0, 43.0, 0.0], [13.0, 88.0, 0.0], [3.0, 64.0, 0.0], [-1.0, 203.0, 0.0], [-10.0, 81.0, 0.0], [-21.0, 9.0, 0.0], [-24.0, 2.0, 0.0], [-91.0, -19.0, 0.0], [-139.0, -17.0, 0.0], [-114.0, -9.0, 0.0], [-171.0, 3.0, 0.0], [-175.0, -2.0, 0.0], [-58.0, 3.0, 0.0], [-99.0, -2.0, 0.0], [-7.0, 1.0, 0.0], [10.0, 1.0, 1.0], [649.0, 4.703125, 0.0], [-4.0, -3.0, 0.0], [-1.0, -16.0, 0.0], [5.0, -135.0, 0.0], [19.0, -163.0, 0.0], [5.0, -8.0, 0.0], [22.0, -5.0, 0.0], [50.0, 3.0, 0.0], [80.0, 23.0, 0.0], [12.0, 15.0, 0.0], [7.0, 29.0, 0.0], [-1.0, 68.0, 0.0], [-10.0, 84.0, 0.0], [-25.0, 135.0, 1.0], [-156.0, -274.0, 0.0], [57.0, 0.0, 0.0], [63.0, 10.0, 0.0], [67.0, 4.0, 0.0], [13.0, 4.0, 0.0], [-3.0, 9.0, 1.0], [-56.0, 110.0, 0.0], [-1.0, -5.0, 0.0], [6.0, -8.0, 0.0], [18.0, -8.0, 0.0], [6.0, 2.0, 0.0], [-4.0, 9.0, 0.0], [-21.0, 13.0, 0.0], [0.0, -3.0, 0.0], [11.0, -8.0, 0.0], [8.0, 0.0, 0.0], [8.0, 5.0, 1.0], [-30.0, -148.0, 0.0], [0.0, -11.0, 0.0], [27.0, -1.0, 0.0], [1.0, 15.0, 0.0], [-5.0, 8.0, 0.0], [-14.0, -2.0, 0.0], [-14.0, -10.0, 1.0], [5.0, 156.0, 0.0], [7.0, -27.0, 0.0], [13.0, -1.0, 0.0], [19.0, 7.0, 0.0], [-11.0, 36.0, 0.0], [-23.0, -15.0, 0.0], [-3.0, -1.0, 0.0], [-2.0, 3.0, 1.0], [-555.0, 98.703125, 0.0], [-6.0, -26.0, 0.0], [-3.0, -51.0, 0.0], [8.0, -102.0, 0.0], [7.0, -36.0, 0.0], [198.0, 0.0, 0.0], [43.0, 5.0, 0.0], [12.0, 4.0, 0.0], [5.0, 4.0, 0.0], [6.0, 16.0, 0.0], [4.0, 34.0, 0.0], [1.0, 63.0, 0.0], [-9.0, 109.0, 1.0], [-192.0, -256.0, 0.0], [-4.0, 167.0, 0.0], [9.0, 77.0, 0.0], [3.0, 6.0, 1.0], [141.0, -219.0, 0.0], [-5.0, 21.0, 0.0], [-14.0, 114.0, 0.0], [-10.0, 49.0, 1.0], [-192.0, -192.0, 0.0], [19.0, -35.0, 0.0], [21.0, -28.0, 0.0], [8.0, -6.0, 0.0], [22.0, -2.0, 0.0], [51.0, 5.0, 0.0], [91.0, -12.0, 0.0], [38.0, -2.0, 0.0], [9.0, 5.0, 0.0], [5.0, 14.0, 0.0], [8.0, 92.0, 0.0], [-1.0, 16.0, 1.0], [-202.0, -67.0, 0.0], [-17.0, -27.0, 0.0], [-18.0, -15.0, 0.0], [4.0, -21.0, 0.0], [3.0, 4.0, 1.0], [3.0, -2.0, 0.0], [4.0, 28.0, 0.0], [9.0, 23.0, 0.0], [4.0, 24.0, 1.0], [149.0, 8.0, 0.0], [-3.0, -1.0, 0.0], [3.0, 37.0, 0.0], [-9.0, 46.0, 0.0], [1.0, 2.0, 0.0], [4.0, -3.0, 0.0], [8.0, -20.0, 1.0], [-1.0, -42.0, 0.0], [-7.0, 44.0, 0.0], [-7.0, 97.0, 0.0], [-8.0, 58.0, 1.0], [-54.0, -240.296875, 0.0], [-16.0, 0.0, 0.0], [-22.0, -6.0, 0.0], [-9.0, -6.0, 0.0], [-3.0, -11.0, 0.0], [5.0, -11.0, 0.0], [17.0, -12.0, 0.0], [35.0, -5.0, 0.0], [22.0, 7.0, 0.0], [14.0, 11.0, 0.0], [4.0, 7.0, 0.0], [-3.0, 14.0, 0.0], [-11.0, 10.0, 0.0], [-9.0, 3.0, 0.0], [-19.0, 1.0, 0.0], [-20.0, -4.0, 1.0], [-10.0, -33.296875, 0.0], [-9.0, 1.0, 0.0], [5.0, -5.0, 0.0], [14.0, -2.0, 0.0], [-1.0, 6.0, 0.0], [-7.0, 5.0, 0.0], [-10.0, 2.0, 0.0], [0.0, -4.0, 0.0], [7.0, -5.0, 0.0], [4.0, 1.0, 0.0], [0.0, 3.0, 0.0], [-8.0, 2.0, 0.0], [0.0, -3.0, 0.0], [8.0, -4.0, 0.0], [5.0, 1.0, 0.0], [1.0, 4.0, 0.0], [-8.0, 5.0, 0.0], [-6.0, -2.0, 0.0], [3.0, -4.0, 0.0], [6.0, 1.0, 1.0], [45.0, -2.296875, 0.0], [-16.0, 4.0, 0.0], [-2.0, -2.0, 0.0], [4.0, -4.0, 0.0], [9.0, -3.0, 0.0], [4.0, 2.0, 0.0], [2.0, 4.0, 0.0], [-6.0, 6.0, 0.0], [-5.0, 0.0, 0.0], [-2.0, -5.0, 0.0], [10.0, -7.0, 0.0], [3.0, 4.0, 0.0], [-8.0, 6.0, 0.0], [-5.0, 0.0, 0.0], [-1.0, -5.0, 0.0], [3.0, -1.0, 0.0], [3.0, 5.0, 1.0], [-29.0, 17.703125, 0.0], [-6.0, 0.0, 0.0], [6.0, -5.0, 0.0], [9.0, 1.0, 0.0], [-11.0, 9.0, 0.0], [-4.0, 0.0, 0.0], [1.0, -5.0, 0.0], [9.0, 0.0, 0.0], [-7.0, 6.0, 0.0], [-3.0, -4.0, 0.0], [10.0, -4.0, 0.0], [2.0, 4.0, 0.0], [-3.0, 4.0, 1.0], [23.0, -8.296875, 0.0], [-5.0, 3.0, 0.0], [8.0, -4.0, 0.0], [7.0, 0.0, 0.0], [0.0, 3.0, 0.0], [-13.0, 8.0, 0.0], [-5.0, 0.0, 0.0], [0.0, -3.0, 0.0], [8.0, -4.0, 0.0], [-9.0, 6.0, 0.0], [-3.0, -2.0, 0.0], [4.0, -4.0, 0.0], [8.0, -1.0, 0.0], [-3.0, 7.0, 0.0], [-3.0, 0.0, 0.0], [1.0, -6.0, 0.0], [2.0, 6.0, 1.0], [68.0, -3.296875, 0.0], [4.0, -34.0, 0.0], [30.0, 3.0, 0.0], [-1.0, 44.0, 0.0], [-37.0, -6.0, 0.0], [-6.0, -5.0, 0.0], [9.0, 5.0, 0.0], [25.0, 3.0, 0.0], [7.0, -10.0, 0.0], [-4.0, -11.0, 0.0], [19.0, 9.0, 0.0], [10.0, -2.0, 0.0], [4.0, -11.0, 0.0], [-6.0, -11.0, 0.0], [-4.0, -4.0, 0.0], [-5.0, 0.0, 0.0], [-4.0, 11.0, 1.0]], "gt_class_names": ["room", "cooler", "table", "plate", "cookie", "cookie", "cookie", "cookie", "cup"]}